station_id,study_scope,scope_basis,programme,site_type,organization,state,site_cluster
CABEACH_WQX-0,beach,SOURCED: EPA BEACH Act location type,beach_act,BEACH Program Site-Ocean,CABEACH_WQX,CA,CABEACH_WQX-0
CABEACH_WQX-1000,beach,SOURCED: EPA BEACH Act location type,beach_act,BEACH Program Site-Ocean,CABEACH_WQX,CA,CABEACH_WQX-1000
CABEACH_WQX-10000,beach,SOURCED: EPA BEACH Act location type,beach_act,BEACH Program Site-Ocean,CABEACH_WQX,CA,CABEACH_WQX-10000
CABEACH_WQX-1100,beach,SOURCED: EPA BEACH Act location type,beach_act,BEACH Program Site-Ocean,CABEACH_WQX,CA,CABEACH_WQX-1100
CABEACH_WQX-11000,beach,SOURCED: EPA BEACH Act location type,beach_act,BEACH Program Site-Ocean,CABEACH_WQX,CA,CABEACH_WQX-11000
CABEACH_WQX-12N,beach,SOURCED: EPA BEACH Act location type,beach_act,BEACH Program Site-Ocean,CABEACH_WQX,CA,CABEACH_WQX-12N
CABEACH_WQX-13000,beach,SOURCED: EPA BEACH Act location type,beach_act,BEACH Program Site-Ocean,CABEACH_WQX,CA,CABEACH_WQX-13000
CABEACH_WQX-14000,beach,SOURCED: EPA BEACH Act location type,beach_act,BEACH Program Site-Ocean,CABEACH_WQX,CA,CABEACH_WQX-14000
CABEACH_WQX-15000,beach,SOURCED: EPA BEACH Act location type,beach_act,BEACH Program Site-Ocean,CABEACH_WQX,CA,CABEACH_WQX-15000
CABEACH_WQX-15N,beach,SOURCED: EPA BEACH Act location type,beach_act,BEACH Program Site-Ocean,CABEACH_WQX,CA,CABEACH_WQX-15N
CABEACH_WQX-15S,beach,SOURCED: EPA BEACH Act location type,beach_act,BEACH Program Site-Ocean,CABEACH_WQX,CA,CABEACH_WQX-15S
CABEACH_WQX-17000,beach,SOURCED: EPA BEACH Act location type,beach_act,BEACH Program Site-Ocean,CABEACH_WQX,CA,CABEACH_WQX-17000
CABEACH_WQX-18000,beach,SOURCED: EPA BEACH Act location type,beach_act,BEACH Program Site-Ocean,CABEACH_WQX,CA,CABEACH_WQX-18000
CABEACH_WQX-19000,beach,SOURCED: EPA BEACH Act location type,beach_act,BEACH Program Site-Ocean,CABEACH_WQX,CA,CABEACH_WQX-19000
CABEACH_WQX-20000,beach,SOURCED: EPA BEACH Act location type,beach_act,BEACH Program Site-Ocean,CABEACH_WQX,CA,CABEACH_WQX-20000
CABEACH_WQX-21000,beach,SOURCED: EPA BEACH Act location type,beach_act,BEACH Program Site-Ocean,CABEACH_WQX,CA,CABEACH_WQX-21000
CABEACH_WQX-21N,beach,SOURCED: EPA BEACH Act location type,beach_act,BEACH Program Site-Ocean,CABEACH_WQX,CA,CABEACH_WQX-21N
CABEACH_WQX-21S,beach,SOURCED: EPA BEACH Act location type,beach_act,BEACH Program Site-Ocean,CABEACH_WQX,CA,CABEACH_WQX-21S
CABEACH_WQX-22000,beach,SOURCED: EPA BEACH Act location type,beach_act,BEACH Program Site-Ocean,CABEACH_WQX,CA,CABEACH_WQX-22000
CABEACH_WQX-23000,beach,SOURCED: EPA BEACH Act location type,beach_act,BEACH Program Site-Ocean,CABEACH_WQX,CA,CABEACH_WQX-23000
CABEACH_WQX-2500,beach,SOURCED: EPA BEACH Act location type,beach_act,BEACH Program Site-Ocean,CABEACH_WQX,CA,CABEACH_WQX-2500
CABEACH_WQX-25000,beach,SOURCED: EPA BEACH Act location type,beach_act,BEACH Program Site-Ocean,CABEACH_WQX,CA,CABEACH_WQX-25000
CABEACH_WQX-27N,beach,SOURCED: EPA BEACH Act location type,beach_act,BEACH Program Site-Ocean,CABEACH_WQX,CA,CABEACH_WQX-27N
CABEACH_WQX-27S,beach,SOURCED: EPA BEACH Act location type,beach_act,BEACH Program Site-Ocean,CABEACH_WQX,CA,CABEACH_WQX-27S
CABEACH_WQX-29000,beach,SOURCED: EPA BEACH Act location type,beach_act,BEACH Program Site-Ocean,CABEACH_WQX,CA,CABEACH_WQX-29000
CABEACH_WQX-29S,beach,SOURCED: EPA BEACH Act location type,beach_act,BEACH Program Site-Ocean,CABEACH_WQX,CA,CABEACH_WQX-29S
CABEACH_WQX-30000,beach,SOURCED: EPA BEACH Act location type,beach_act,BEACH Program Site-Ocean,CABEACH_WQX,CA,CABEACH_WQX-30000
CABEACH_WQX-32000,beach,SOURCED: EPA BEACH Act location type,beach_act,BEACH Program Site-Ocean,CABEACH_WQX,CA,CABEACH_WQX-32000
CABEACH_WQX-33000,beach,SOURCED: EPA BEACH Act location type,beach_act,BEACH Program Site-Ocean,CABEACH_WQX,CA,CABEACH_WQX-33000
CABEACH_WQX-33N,beach,SOURCED: EPA BEACH Act location type,beach_act,BEACH Program Site-Ocean,CABEACH_WQX,CA,CABEACH_WQX-33N
CABEACH_WQX-34000,beach,SOURCED: EPA BEACH Act location type,beach_act,BEACH Program Site-Ocean,CABEACH_WQX,CA,CABEACH_WQX-34000
CABEACH_WQX-35000,beach,SOURCED: EPA BEACH Act location type,beach_act,BEACH Program Site-Ocean,CABEACH_WQX,CA,CABEACH_WQX-35000
CABEACH_WQX-36000,beach,SOURCED: EPA BEACH Act location type,beach_act,BEACH Program Site-Ocean,CABEACH_WQX,CA,CABEACH_WQX-36000
CABEACH_WQX-37000,beach,SOURCED: EPA BEACH Act location type,beach_act,BEACH Program Site-Ocean,CABEACH_WQX,CA,CABEACH_WQX-37000
CABEACH_WQX-38000,beach,SOURCED: EPA BEACH Act location type,beach_act,BEACH Program Site-Ocean,CABEACH_WQX,CA,CABEACH_WQX-38000
CABEACH_WQX-39000,beach,SOURCED: EPA BEACH Act location type,beach_act,BEACH Program Site-Ocean,CABEACH_WQX,CA,CABEACH_WQX-39000
CABEACH_WQX-39N,beach,SOURCED: EPA BEACH Act location type,beach_act,BEACH Program Site-Ocean,CABEACH_WQX,CA,CABEACH_WQX-39N
CABEACH_WQX-39S,beach,SOURCED: EPA BEACH Act location type,beach_act,BEACH Program Site-Ocean,CABEACH_WQX,CA,CABEACH_WQX-39S
CABEACH_WQX-3N,beach,SOURCED: EPA BEACH Act location type,beach_act,BEACH Program Site-Ocean,CABEACH_WQX,CA,CABEACH_WQX-3N
CABEACH_WQX-3S,beach,SOURCED: EPA BEACH Act location type,beach_act,BEACH Program Site-Ocean,CABEACH_WQX,CA,CABEACH_WQX-3S
CABEACH_WQX-4000,beach,SOURCED: EPA BEACH Act location type,beach_act,BEACH Program Site-Ocean,CABEACH_WQX,CA,CABEACH_WQX-4000
CABEACH_WQX-40000,beach,SOURCED: EPA BEACH Act location type,beach_act,BEACH Program Site-Ocean,CABEACH_WQX,CA,CABEACH_WQX-40000
CABEACH_WQX-41000,beach,SOURCED: EPA BEACH Act location type,beach_act,BEACH Program Site-Ocean,CABEACH_WQX,CA,CABEACH_WQX-41000
CABEACH_WQX-42000,beach,SOURCED: EPA BEACH Act location type,beach_act,BEACH Program Site-Ocean,CABEACH_WQX,CA,CABEACH_WQX-42000
CABEACH_WQX-43000,beach,SOURCED: EPA BEACH Act location type,beach_act,BEACH Program Site-Ocean,CABEACH_WQX,CA,CABEACH_WQX-43000
CABEACH_WQX-44000,beach,SOURCED: EPA BEACH Act location type,beach_act,BEACH Program Site-Ocean,CABEACH_WQX,CA,CABEACH_WQX-44000
CABEACH_WQX-45000,beach,SOURCED: EPA BEACH Act location type,beach_act,BEACH Program Site-Ocean,CABEACH_WQX,CA,CABEACH_WQX-45000
CABEACH_WQX-46000,beach,SOURCED: EPA BEACH Act location type,beach_act,BEACH Program Site-Ocean,CABEACH_WQX,CA,CABEACH_WQX-46000
CABEACH_WQX-47000,beach,SOURCED: EPA BEACH Act location type,beach_act,BEACH Program Site-Ocean,CABEACH_WQX,CA,CABEACH_WQX-47000
CABEACH_WQX-49500,beach,SOURCED: EPA BEACH Act location type,beach_act,BEACH Program Site-Ocean,CABEACH_WQX,CA,CABEACH_WQX-49500
CABEACH_WQX-5000,beach,SOURCED: EPA BEACH Act location type,beach_act,BEACH Program Site-Ocean,CABEACH_WQX,CA,CABEACH_WQX-5000
CABEACH_WQX-50000,beach,SOURCED: EPA BEACH Act location type,beach_act,BEACH Program Site-Ocean,CABEACH_WQX,CA,CABEACH_WQX-50000
CABEACH_WQX-6N,beach,SOURCED: EPA BEACH Act location type,beach_act,BEACH Program Site-Ocean,CABEACH_WQX,CA,CABEACH_WQX-6N
CABEACH_WQX-6S,beach,SOURCED: EPA BEACH Act location type,beach_act,BEACH Program Site-Ocean,CABEACH_WQX,CA,CABEACH_WQX-6S
CABEACH_WQX-7000,beach,SOURCED: EPA BEACH Act location type,beach_act,BEACH Program Site-Ocean,CABEACH_WQX,CA,CABEACH_WQX-7000
CABEACH_WQX-8100,beach,SOURCED: EPA BEACH Act location type,beach_act,BEACH Program Site-Ocean,CABEACH_WQX,CA,CABEACH_WQX-8100
CABEACH_WQX-9N,beach,SOURCED: EPA BEACH Act location type,beach_act,BEACH Program Site-Ocean,CABEACH_WQX,CA,CABEACH_WQX-9N
CABEACH_WQX-9S,beach,SOURCED: EPA BEACH Act location type,beach_act,BEACH Program Site-Ocean,CABEACH_WQX,CA,CABEACH_WQX-9S
CABEACH_WQX-AB10,beach,SOURCED: EPA BEACH Act location type,beach_act,BEACH Program Site-Ocean,CABEACH_WQX,CA,CABEACH_WQX-AB10
CABEACH_WQX-AB8,beach,SOURCED: EPA BEACH Act location type,beach_act,BEACH Program Site-Ocean,CABEACH_WQX,CA,CABEACH_WQX-AB8
CABEACH_WQX-ACM1D,beach,SOURCED: EPA BEACH Act location type,beach_act,BEACH Program Site-Ocean,CABEACH_WQX,CA,CABEACH_WQX-ACM1D
CABEACH_WQX-ACM1U,beach,SOURCED: EPA BEACH Act location type,beach_act,BEACH Program Site-Ocean,CABEACH_WQX,CA,CABEACH_WQX-ACM1D
CABEACH_WQX-ACM1Z,beach,SOURCED: EPA BEACH Act location type,beach_act,BEACH Program Site-Ocean,CABEACH_WQX,CA,CABEACH_WQX-ACM1D
CABEACH_WQX-Aquatic Park,beach,SOURCED: EPA BEACH Act location type,beach_act,BEACH Program Site-Ocean,CABEACH_WQX,CA,CABEACH_WQX-Aquatic Park
CABEACH_WQX-B-10,beach,SOURCED: EPA BEACH Act location type,beach_act,BEACH Program Site-Ocean,CABEACH_WQX,CA,CABEACH_WQX-B-10
CABEACH_WQX-B-11,beach,SOURCED: EPA BEACH Act location type,beach_act,BEACH Program Site-Ocean,CABEACH_WQX,CA,CABEACH_WQX-B-11
CABEACH_WQX-B-14,beach,SOURCED: EPA BEACH Act location type,beach_act,BEACH Program Site-Ocean,CABEACH_WQX,CA,CABEACH_WQX-B-14
CABEACH_WQX-B-22,beach,SOURCED: EPA BEACH Act location type,beach_act,BEACH Program Site-Ocean,CABEACH_WQX,CA,CABEACH_WQX-B-22
CABEACH_WQX-B-24,beach,SOURCED: EPA BEACH Act location type,beach_act,BEACH Program Site-Ocean,CABEACH_WQX,CA,CABEACH_WQX-B-24
CABEACH_WQX-B-25,beach,SOURCED: EPA BEACH Act location type,beach_act,BEACH Program Site-Ocean,CABEACH_WQX,CA,CABEACH_WQX-B-24
CABEACH_WQX-B-31,beach,SOURCED: EPA BEACH Act location type,beach_act,BEACH Program Site-Ocean,CABEACH_WQX,CA,CABEACH_WQX-B-31
CABEACH_WQX-B-5,beach,SOURCED: EPA BEACH Act location type,beach_act,BEACH Program Site-Ocean,CABEACH_WQX,CA,CABEACH_WQX-B-5
CABEACH_WQX-B-56,beach,SOURCED: EPA BEACH Act location type,beach_act,BEACH Program Site-Ocean,CABEACH_WQX,CA,CABEACH_WQX-B-56
CABEACH_WQX-B-60,beach,SOURCED: EPA BEACH Act location type,beach_act,BEACH Program Site-Ocean,CABEACH_WQX,CA,CABEACH_WQX-B-60
CABEACH_WQX-B-64,beach,SOURCED: EPA BEACH Act location type,beach_act,BEACH Program Site-Ocean,CABEACH_WQX,CA,CABEACH_WQX-B-64
CABEACH_WQX-B-67,beach,SOURCED: EPA BEACH Act location type,beach_act,BEACH Program Site-Ocean,CABEACH_WQX,CA,CABEACH_WQX-B-67
CABEACH_WQX-B-7,beach,SOURCED: EPA BEACH Act location type,beach_act,BEACH Program Site-Ocean,CABEACH_WQX,CA,CABEACH_WQX-B-7
CABEACH_WQX-B-8,beach,SOURCED: EPA BEACH Act location type,beach_act,BEACH Program Site-Ocean,CABEACH_WQX,CA,CABEACH_WQX-B-8
CABEACH_WQX-B-9,beach,SOURCED: EPA BEACH Act location type,beach_act,BEACH Program Site-Ocean,CABEACH_WQX,CA,CABEACH_WQX-B-9
CABEACH_WQX-BAKER NE,beach,SOURCED: EPA BEACH Act location type,beach_act,BEACH Program Site-Ocean,CABEACH_WQX,CA,CABEACH_WQX-BAKER NE
CABEACH_WQX-BAKER NW,beach,SOURCED: EPA BEACH Act location type,beach_act,BEACH Program Site-Ocean,CABEACH_WQX,CA,CABEACH_WQX-BAKER NW
CABEACH_WQX-BAKER SW,beach,SOURCED: EPA BEACH Act location type,beach_act,BEACH Program Site-Ocean,CABEACH_WQX,CA,CABEACH_WQX-BAKER NW
CABEACH_WQX-BAY#202.4_SL,beach,SOURCED: EPA BEACH Act location type,beach_act,BEACH Program Site-Ocean,CABEACH_WQX,CA,CABEACH_WQX-BAY#202.4_SL
CABEACH_WQX-BAY#202.5_SL,beach,SOURCED: EPA BEACH Act location type,beach_act,BEACH Program Site-Ocean,CABEACH_WQX,CA,CABEACH_WQX-BAY#202.5_SL
CABEACH_WQX-BAY#210.1_SL,beach,SOURCED: EPA BEACH Act location type,beach_act,BEACH Program Site-Ocean,CABEACH_WQX,CA,CABEACH_WQX-BAY#210.1_SL
CABEACH_WQX-BAY#211_SL,beach,SOURCED: EPA BEACH Act location type,beach_act,BEACH Program Site-Ocean,CABEACH_WQX,CA,CABEACH_WQX-BAY#211_SL
CABEACH_WQX-BAY#220_SL,beach,SOURCED: EPA BEACH Act location type,beach_act,BEACH Program Site-Ocean,CABEACH_WQX,CA,CABEACH_WQX-BAY#220_SL
CABEACH_WQX-BAY#230_SL,beach,SOURCED: EPA BEACH Act location type,beach_act,BEACH Program Site-Ocean,CABEACH_WQX,CA,CABEACH_WQX-BAY#230_SL
CABEACH_WQX-BAY#300.1_SL,beach,SOURCED: EPA BEACH Act location type,beach_act,BEACH Program Site-Ocean,CABEACH_WQX,CA,CABEACH_WQX-BAY#300.1_SL
CABEACH_WQX-BAY#301.1_SL,beach,SOURCED: EPA BEACH Act location type,beach_act,BEACH Program Site-Ocean,CABEACH_WQX,CA,CABEACH_WQX-BAY#301.1_SL
CABEACH_WQX-BAY#301.2_SL,beach,SOURCED: EPA BEACH Act location type,beach_act,BEACH Program Site-Ocean,CABEACH_WQX,CA,CABEACH_WQX-BAY#301.2_SL
CABEACH_WQX-BAY#320_SL,beach,SOURCED: EPA BEACH Act location type,beach_act,BEACH Program Site-Ocean,CABEACH_WQX,CA,CABEACH_WQX-BAY#320_SL
CABEACH_WQX-BC-010,beach,SOURCED: EPA BEACH Act location type,beach_act,BEACH Program Site-Ocean,CABEACH_WQX,CA,CABEACH_WQX-BC-010
CABEACH_WQX-BC-020,beach,SOURCED: EPA BEACH Act location type,beach_act,BEACH Program Site-Ocean,CABEACH_WQX,CA,CABEACH_WQX-BC-020
CABEACH_WQX-BCO1,beach,SOURCED: EPA BEACH Act location type,beach_act,BEACH Program Site-Ocean,CABEACH_WQX,CA,CABEACH_WQX-BCO1
CABEACH_WQX-BDP07,beach,SOURCED: EPA BEACH Act location type,beach_act,BEACH Program Site-Ocean,CABEACH_WQX,CA,CABEACH_WQX-BDP07
CABEACH_WQX-BDP08,beach,SOURCED: EPA BEACH Act location type,beach_act,BEACH Program Site-Ocean,CABEACH_WQX,CA,CABEACH_WQX-BDP08
CABEACH_WQX-BDP12,beach,SOURCED: EPA BEACH Act location type,beach_act,BEACH Program Site-Ocean,CABEACH_WQX,CA,CABEACH_WQX-BDP08
CABEACH_WQX-BDP13,beach,SOURCED: EPA BEACH Act location type,beach_act,BEACH Program Site-Ocean,CABEACH_WQX,CA,CABEACH_WQX-BDP08
CABEACH_WQX-BDP14,beach,SOURCED: EPA BEACH Act location type,beach_act,BEACH Program Site-Ocean,CABEACH_WQX,CA,CABEACH_WQX-BDP08
CABEACH_WQX-BDP15,beach,SOURCED: EPA BEACH Act location type,beach_act,BEACH Program Site-Ocean,CABEACH_WQX,CA,CABEACH_WQX-BDP08
CABEACH_WQX-BDP16,beach,SOURCED: EPA BEACH Act location type,beach_act,BEACH Program Site-Ocean,CABEACH_WQX,CA,CABEACH_WQX-BDP08
CABEACH_WQX-BDP17,beach,SOURCED: EPA BEACH Act location type,beach_act,BEACH Program Site-Ocean,CABEACH_WQX,CA,CABEACH_WQX-BDP08
CABEACH_WQX-Bean Hollow Creek,beach,SOURCED: EPA BEACH Act location type,beach_act,BEACH Program Site-Ocean,CABEACH_WQX,CA,CABEACH_WQX-Bean Hollow Creek
CABEACH_WQX-Bean Hollow State Beach,beach,SOURCED: EPA BEACH Act location type,beach_act,BEACH Program Site-Ocean,CABEACH_WQX,CA,CABEACH_WQX-Bean Hollow Creek
CABEACH_WQX-BGCD,beach,SOURCED: EPA BEACH Act location type,beach_act,BEACH Program Site-Ocean,CABEACH_WQX,CA,CABEACH_WQX-BGCD
CABEACH_WQX-BGCU,beach,SOURCED: EPA BEACH Act location type,beach_act,BEACH Program Site-Ocean,CABEACH_WQX,CA,CABEACH_WQX-BGCD
CABEACH_WQX-BHH04,beach,SOURCED: EPA BEACH Act location type,beach_act,BEACH Program Site-Ocean,CABEACH_WQX,CA,CABEACH_WQX-BHH04
CABEACH_WQX-BHH05,beach,SOURCED: EPA BEACH Act location type,beach_act,BEACH Program Site-Ocean,CABEACH_WQX,CA,CABEACH_WQX-BHH05
CABEACH_WQX-BHH06,beach,SOURCED: EPA BEACH Act location type,beach_act,BEACH Program Site-Ocean,CABEACH_WQX,CA,CABEACH_WQX-BHH06
CABEACH_WQX-BHH09,beach,SOURCED: EPA BEACH Act location type,beach_act,BEACH Program Site-Ocean,CABEACH_WQX,CA,CABEACH_WQX-BHH09
CABEACH_WQX-BHH11,beach,SOURCED: EPA BEACH Act location type,beach_act,BEACH Program Site-Ocean,CABEACH_WQX,CA,CABEACH_WQX-BHH11
CABEACH_WQX-BHH12,beach,SOURCED: EPA BEACH Act location type,beach_act,BEACH Program Site-Ocean,CABEACH_WQX,CA,CABEACH_WQX-BHH12
CABEACH_WQX-BHH13,beach,SOURCED: EPA BEACH Act location type,beach_act,BEACH Program Site-Ocean,CABEACH_WQX,CA,CABEACH_WQX-BHH13
CABEACH_WQX-BHH15,beach,SOURCED: EPA BEACH Act location type,beach_act,BEACH Program Site-Ocean,CABEACH_WQX,CA,CABEACH_WQX-BHH15
CABEACH_WQX-BHH16,beach,SOURCED: EPA BEACH Act location type,beach_act,BEACH Program Site-Ocean,CABEACH_WQX,CA,CABEACH_WQX-BHH16
CABEACH_WQX-Big River,beach,SOURCED: EPA BEACH Act location type,beach_act,BEACH Program Site-Ocean,CABEACH_WQX,CA,CABEACH_WQX-Big River
CABEACH_WQX-Black Point,beach,SOURCED: EPA BEACH Act location type,beach_act,BEACH Program Site-Ocean,CABEACH_WQX,CA,CABEACH_WQX-Black Point
CABEACH_WQX-BLUBRDD,beach,SOURCED: EPA BEACH Act location type,beach_act,BEACH Program Site-Ocean,CABEACH_WQX,CA,CABEACH_WQX-BLUBRDD
CABEACH_WQX-BLUBRDU,beach,SOURCED: EPA BEACH Act location type,beach_act,BEACH Program Site-Ocean,CABEACH_WQX,CA,CABEACH_WQX-BLUBRDD
CABEACH_WQX-BLUBRDZ,beach,SOURCED: EPA BEACH Act location type,beach_act,BEACH Program Site-Ocean,CABEACH_WQX,CA,CABEACH_WQX-BLUBRDD
CABEACH_WQX-BLULGND,beach,SOURCED: EPA BEACH Act location type,beach_act,BEACH Program Site-Ocean,CABEACH_WQX,CA,CABEACH_WQX-BLULGND
CABEACH_WQX-BLULGNU,beach,SOURCED: EPA BEACH Act location type,beach_act,BEACH Program Site-Ocean,CABEACH_WQX,CA,CABEACH_WQX-BLULGND
CABEACH_WQX-BLULGNZ,beach,SOURCED: EPA BEACH Act location type,beach_act,BEACH Program Site-Ocean,CABEACH_WQX,CA,CABEACH_WQX-BLULGNZ
CABEACH_WQX-BNB01,beach,SOURCED: EPA BEACH Act location type,beach_act,BEACH Program Site-Ocean,CABEACH_WQX,CA,CABEACH_WQX-BNB01
CABEACH_WQX-BNB02,beach,SOURCED: EPA BEACH Act location type,beach_act,BEACH Program Site-Ocean,CABEACH_WQX,CA,CABEACH_WQX-BNB02
CABEACH_WQX-BNB03,beach,SOURCED: EPA BEACH Act location type,beach_act,BEACH Program Site-Ocean,CABEACH_WQX,CA,CABEACH_WQX-BNB03
CABEACH_WQX-BNB05,beach,SOURCED: EPA BEACH Act location type,beach_act,BEACH Program Site-Ocean,CABEACH_WQX,CA,CABEACH_WQX-BNB05
CABEACH_WQX-BNB07,beach,SOURCED: EPA BEACH Act location type,beach_act,BEACH Program Site-Ocean,CABEACH_WQX,CA,CABEACH_WQX-BNB07
CABEACH_WQX-BNB09,beach,SOURCED: EPA BEACH Act location type,beach_act,BEACH Program Site-Ocean,CABEACH_WQX,CA,CABEACH_WQX-BNB09
CABEACH_WQX-BNB10,beach,SOURCED: EPA BEACH Act location type,beach_act,BEACH Program Site-Ocean,CABEACH_WQX,CA,CABEACH_WQX-BNB10
CABEACH_WQX-BNB11,beach,SOURCED: EPA BEACH Act location type,beach_act,BEACH Program Site-Ocean,CABEACH_WQX,CA,CABEACH_WQX-BNB11
CABEACH_WQX-BNB12,beach,SOURCED: EPA BEACH Act location type,beach_act,BEACH Program Site-Ocean,CABEACH_WQX,CA,CABEACH_WQX-BNB12
CABEACH_WQX-BNB14,beach,SOURCED: EPA BEACH Act location type,beach_act,BEACH Program Site-Ocean,CABEACH_WQX,CA,CABEACH_WQX-BNB14
CABEACH_WQX-BNB15,beach,SOURCED: EPA BEACH Act location type,beach_act,BEACH Program Site-Ocean,CABEACH_WQX,CA,CABEACH_WQX-BNB15
CABEACH_WQX-BNB17,beach,SOURCED: EPA BEACH Act location type,beach_act,BEACH Program Site-Ocean,CABEACH_WQX,CA,CABEACH_WQX-BNB17
CABEACH_WQX-BNB18,beach,SOURCED: EPA BEACH Act location type,beach_act,BEACH Program Site-Ocean,CABEACH_WQX,CA,CABEACH_WQX-BNB18
CABEACH_WQX-BNB20,beach,SOURCED: EPA BEACH Act location type,beach_act,BEACH Program Site-Ocean,CABEACH_WQX,CA,CABEACH_WQX-BNB20
CABEACH_WQX-BNB21,beach,SOURCED: EPA BEACH Act location type,beach_act,BEACH Program Site-Ocean,CABEACH_WQX,CA,CABEACH_WQX-BNB21
CABEACH_WQX-BNB22,beach,SOURCED: EPA BEACH Act location type,beach_act,BEACH Program Site-Ocean,CABEACH_WQX,CA,CABEACH_WQX-BNB22
CABEACH_WQX-BNB23,beach,SOURCED: EPA BEACH Act location type,beach_act,BEACH Program Site-Ocean,CABEACH_WQX,CA,CABEACH_WQX-BNB23
CABEACH_WQX-BNB24E,beach,SOURCED: EPA BEACH Act location type,beach_act,BEACH Program Site-Ocean,CABEACH_WQX,CA,CABEACH_WQX-BNB24E
CABEACH_WQX-BNB24M,beach,SOURCED: EPA BEACH Act location type,beach_act,BEACH Program Site-Ocean,CABEACH_WQX,CA,CABEACH_WQX-BNB24M
CABEACH_WQX-BNB24N,beach,SOURCED: EPA BEACH Act location type,beach_act,BEACH Program Site-Ocean,CABEACH_WQX,CA,CABEACH_WQX-BNB24N
CABEACH_WQX-BNB24W,beach,SOURCED: EPA BEACH Act location type,beach_act,BEACH Program Site-Ocean,CABEACH_WQX,CA,CABEACH_WQX-BNB24M
CABEACH_WQX-BNB25,beach,SOURCED: EPA BEACH Act location type,beach_act,BEACH Program Site-Ocean,CABEACH_WQX,CA,CABEACH_WQX-BNB25
CABEACH_WQX-BNB28,beach,SOURCED: EPA BEACH Act location type,beach_act,BEACH Program Site-Ocean,CABEACH_WQX,CA,CABEACH_WQX-BNB28
CABEACH_WQX-BNB29,beach,SOURCED: EPA BEACH Act location type,beach_act,BEACH Program Site-Ocean,CABEACH_WQX,CA,CABEACH_WQX-BNB29
CABEACH_WQX-BNB30,beach,SOURCED: EPA BEACH Act location type,beach_act,BEACH Program Site-Ocean,CABEACH_WQX,CA,CABEACH_WQX-BNB30
CABEACH_WQX-BNB31,beach,SOURCED: EPA BEACH Act location type,beach_act,BEACH Program Site-Ocean,CABEACH_WQX,CA,CABEACH_WQX-BNB31
CABEACH_WQX-BNB32,beach,SOURCED: EPA BEACH Act location type,beach_act,BEACH Program Site-Ocean,CABEACH_WQX,CA,CABEACH_WQX-BNB32
CABEACH_WQX-BNB33,beach,SOURCED: EPA BEACH Act location type,beach_act,BEACH Program Site-Ocean,CABEACH_WQX,CA,CABEACH_WQX-BNB33
CABEACH_WQX-BNB34,beach,SOURCED: EPA BEACH Act location type,beach_act,BEACH Program Site-Ocean,CABEACH_WQX,CA,CABEACH_WQX-BNB34
CABEACH_WQX-BNB35,beach,SOURCED: EPA BEACH Act location type,beach_act,BEACH Program Site-Ocean,CABEACH_WQX,CA,CABEACH_WQX-BNB35
CABEACH_WQX-BNS01,beach,SOURCED: EPA BEACH Act location type,beach_act,BEACH Program Site-Ocean,CABEACH_WQX,CA,CABEACH_WQX-BNS01
CABEACH_WQX-BNS02,beach,SOURCED: EPA BEACH Act location type,beach_act,BEACH Program Site-Ocean,CABEACH_WQX,CA,CABEACH_WQX-BNS02
CABEACH_WQX-BOLINAS,beach,SOURCED: EPA BEACH Act location type,beach_act,BEACH Program Site-Ocean,CABEACH_WQX,CA,CABEACH_WQX-BOLINAS
CABEACH_WQX-Calera Creek,beach,SOURCED: EPA BEACH Act location type,beach_act,BEACH Program Site-Ocean,CABEACH_WQX,CA,CABEACH_WQX-Calera Creek
CABEACH_WQX-Campbell Cove,beach,SOURCED: EPA BEACH Act location type,beach_act,BEACH Program Site-Ocean,CABEACH_WQX,CA,CABEACH_WQX-Campbell Cove
CABEACH_WQX-Caspar Headlands,beach,SOURCED: EPA BEACH Act location type,beach_act,BEACH Program Site-Ocean,CABEACH_WQX,CA,CABEACH_WQX-Caspar Headlands
CABEACH_WQX-CAY13,beach,SOURCED: EPA BEACH Act location type,beach_act,BEACH Program Site-Ocean,CABEACH_WQX,CA,CABEACH_WQX-CAY13
CABEACH_WQX-CAY14,beach,SOURCED: EPA BEACH Act location type,beach_act,BEACH Program Site-Ocean,CABEACH_WQX,CA,CABEACH_WQX-CAY14
CABEACH_WQX-CAY16,beach,SOURCED: EPA BEACH Act location type,beach_act,BEACH Program Site-Ocean,CABEACH_WQX,CA,CABEACH_WQX-CAY16
CABEACH_WQX-CB-01,beach,SOURCED: EPA BEACH Act location type,beach_act,BEACH Program Site-Ocean,CABEACH_WQX,CA,CABEACH_WQX-CB-01
CABEACH_WQX-CB-02,beach,SOURCED: EPA BEACH Act location type,beach_act,BEACH Program Site-Ocean,CABEACH_WQX,CA,CABEACH_WQX-CB-02
CABEACH_WQX-CBOA,beach,SOURCED: EPA BEACH Act location type,beach_act,BEACH Program Site-Ocean,CABEACH_WQX,CA,CABEACH_WQX-CBOA
CABEACH_WQX-CHICKEN RANCH,beach,SOURCED: EPA BEACH Act location type,beach_act,BEACH Program Site-Ocean,CABEACH_WQX,CA,CABEACH_WQX-CHICKEN RANCH
CABEACH_WQX-CHICKEN RANCH DITCH,beach,SOURCED: EPA BEACH Act location type,beach_act,BEACH Program Site-Ocean,CABEACH_WQX,CA,CABEACH_WQX-CHICKEN RANCH
CABEACH_WQX-CHINA CAMP,beach,SOURCED: EPA BEACH Act location type,beach_act,BEACH Program Site-Ocean,CABEACH_WQX,CA,CABEACH_WQX-CHINA CAMP
CABEACH_WQX-Clam Beach Co. Park,beach,SOURCED: EPA BEACH Act location type,beach_act,BEACH Program Site-Ocean,CABEACH_WQX,CA,CABEACH_WQX-Clam Beach Co. Park
CABEACH_WQX-CLEOD,beach,SOURCED: EPA BEACH Act location type,beach_act,BEACH Program Site-Ocean,CABEACH_WQX,CA,CABEACH_WQX-CLEOD
CABEACH_WQX-CLEOU,beach,SOURCED: EPA BEACH Act location type,beach_act,BEACH Program Site-Ocean,CABEACH_WQX,CA,CABEACH_WQX-CLEOD
CABEACH_WQX-CLEOZ,beach,SOURCED: EPA BEACH Act location type,beach_act,BEACH Program Site-Ocean,CABEACH_WQX,CA,CABEACH_WQX-CLEOD
CABEACH_WQX-Cowell,beach,SOURCED: EPA BEACH Act location type,beach_act,BEACH Program Site-Ocean,CABEACH_WQX,CA,CABEACH_WQX-Cowell
CABEACH_WQX-Cowell-BC,beach,SOURCED: EPA BEACH Act location type,beach_act,BEACH Program Site-Ocean,CABEACH_WQX,CA,CABEACH_WQX-Cowell
CABEACH_WQX-Cowell-CW,beach,SOURCED: EPA BEACH Act location type,beach_act,BEACH Program Site-Ocean,CABEACH_WQX,CA,CABEACH_WQX-Cowell
CABEACH_WQX-Coyote Point County Park,beach,SOURCED: EPA BEACH Act location type,beach_act,BEACH Program Site-Ocean,CABEACH_WQX,CA,CABEACH_WQX-Coyote Point County Park
CABEACH_WQX-Crown 2001 Shoreline Dr.,beach,SOURCED: EPA BEACH Act location type,beach_act,BEACH Program Site-Ocean,CABEACH_WQX,CA,CABEACH_WQX-Crown 2001 Shoreline Dr.
CABEACH_WQX-Crown Bath House,beach,SOURCED: EPA BEACH Act location type,beach_act,BEACH Program Site-Ocean,CABEACH_WQX,CA,CABEACH_WQX-Crown Bath House
CABEACH_WQX-Crown Bird Sanctuary,beach,SOURCED: EPA BEACH Act location type,beach_act,BEACH Program Site-Ocean,CABEACH_WQX,CA,CABEACH_WQX-Crown Bird Sanctuary
CABEACH_WQX-Crown Crab Cove,beach,SOURCED: EPA BEACH Act location type,beach_act,BEACH Program Site-Ocean,CABEACH_WQX,CA,CABEACH_WQX-Crown Crab Cove
CABEACH_WQX-Crown Sunset Rd.,beach,SOURCED: EPA BEACH Act location type,beach_act,BEACH Program Site-Ocean,CABEACH_WQX,CA,CABEACH_WQX-Crown Sunset Rd.
CABEACH_WQX-Crown Windsurfer Corner,beach,SOURCED: EPA BEACH Act location type,beach_act,BEACH Program Site-Ocean,CABEACH_WQX,CA,CABEACH_WQX-Crown Windsurfer Corner
CABEACH_WQX-CSBBR1Z,beach,SOURCED: EPA BEACH Act location type,beach_act,BEACH Program Site-Ocean,CABEACH_WQX,CA,CABEACH_WQX-CSBBR1Z
CABEACH_WQX-CSBMP1Z,beach,SOURCED: EPA BEACH Act location type,beach_act,BEACH Program Site-Ocean,CABEACH_WQX,CA,CABEACH_WQX-CSBMP1Z
CABEACH_WQX-DILLON,beach,SOURCED: EPA BEACH Act location type,beach_act,BEACH Program Site-Ocean,CABEACH_WQX,CA,CABEACH_WQX-DILLON
CABEACH_WQX-DMB,beach,SOURCED: EPA BEACH Act location type,beach_act,BEACH Program Site-Ocean,CABEACH_WQX,CA,CABEACH_WQX-DMB
CABEACH_WQX-Doran Park,beach,SOURCED: EPA BEACH Act location type,beach_act,BEACH Program Site-Ocean,CABEACH_WQX,CA,CABEACH_WQX-Doran Park
CABEACH_WQX-DPH001,beach,SOURCED: EPA BEACH Act location type,beach_act,BEACH Program Site-Ocean,CABEACH_WQX,CA,CABEACH_WQX-DPH 001
CABEACH_WQX-DPH 001,beach,SOURCED: EPA BEACH Act location type,beach_act,BEACH Program Site-Ocean,CABEACH_WQX,CA,CABEACH_WQX-DPH 001
CABEACH_WQX-DPH002,beach,SOURCED: EPA BEACH Act location type,beach_act,BEACH Program Site-Ocean,CABEACH_WQX,CA,CABEACH_WQX-DPH 002
CABEACH_WQX-DPH 002,beach,SOURCED: EPA BEACH Act location type,beach_act,BEACH Program Site-Ocean,CABEACH_WQX,CA,CABEACH_WQX-DPH 002
CABEACH_WQX-DPH002B,beach,SOURCED: EPA BEACH Act location type,beach_act,BEACH Program Site-Ocean,CABEACH_WQX,CA,CABEACH_WQX-DPH 002
CABEACH_WQX-DPH 002B,beach,SOURCED: EPA BEACH Act location type,beach_act,BEACH Program Site-Ocean,CABEACH_WQX,CA,CABEACH_WQX-DPH 002
CABEACH_WQX-DPH003,beach,SOURCED: EPA BEACH Act location type,beach_act,BEACH Program Site-Ocean,CABEACH_WQX,CA,CABEACH_WQX-DPH 003
CABEACH_WQX-DPH 003,beach,SOURCED: EPA BEACH Act location type,beach_act,BEACH Program Site-Ocean,CABEACH_WQX,CA,CABEACH_WQX-DPH 003
CABEACH_WQX-DPH004,beach,SOURCED: EPA BEACH Act location type,beach_act,BEACH Program Site-Ocean,CABEACH_WQX,CA,CABEACH_WQX-DPH 004
CABEACH_WQX-DPH 004,beach,SOURCED: EPA BEACH Act location type,beach_act,BEACH Program Site-Ocean,CABEACH_WQX,CA,CABEACH_WQX-DPH 004
CABEACH_WQX-DPH004B,beach,SOURCED: EPA BEACH Act location type,beach_act,BEACH Program Site-Ocean,CABEACH_WQX,CA,CABEACH_WQX-DPH 004
CABEACH_WQX-DPH 004B,beach,SOURCED: EPA BEACH Act location type,beach_act,BEACH Program Site-Ocean,CABEACH_WQX,CA,CABEACH_WQX-DPH 004
CABEACH_WQX-DPH005,beach,SOURCED: EPA BEACH Act location type,beach_act,BEACH Program Site-Ocean,CABEACH_WQX,CA,CABEACH_WQX-DPH 005
CABEACH_WQX-DPH 005,beach,SOURCED: EPA BEACH Act location type,beach_act,BEACH Program Site-Ocean,CABEACH_WQX,CA,CABEACH_WQX-DPH 005
CABEACH_WQX-DPH005B,beach,SOURCED: EPA BEACH Act location type,beach_act,BEACH Program Site-Ocean,CABEACH_WQX,CA,CABEACH_WQX-DPH 005
CABEACH_WQX-DPH 005B,beach,SOURCED: EPA BEACH Act location type,beach_act,BEACH Program Site-Ocean,CABEACH_WQX,CA,CABEACH_WQX-DPH 005
CABEACH_WQX-DPH006,beach,SOURCED: EPA BEACH Act location type,beach_act,BEACH Program Site-Ocean,CABEACH_WQX,CA,CABEACH_WQX-DPH 006
CABEACH_WQX-DPH 006,beach,SOURCED: EPA BEACH Act location type,beach_act,BEACH Program Site-Ocean,CABEACH_WQX,CA,CABEACH_WQX-DPH 006
CABEACH_WQX-DPH007,beach,SOURCED: EPA BEACH Act location type,beach_act,BEACH Program Site-Ocean,CABEACH_WQX,CA,CABEACH_WQX-DPH 007
CABEACH_WQX-DPH 007,beach,SOURCED: EPA BEACH Act location type,beach_act,BEACH Program Site-Ocean,CABEACH_WQX,CA,CABEACH_WQX-DPH 007
CABEACH_WQX-DPH007B,beach,SOURCED: EPA BEACH Act location type,beach_act,BEACH Program Site-Ocean,CABEACH_WQX,CA,CABEACH_WQX-DPH 007B
CABEACH_WQX-DPH 007B,beach,SOURCED: EPA BEACH Act location type,beach_act,BEACH Program Site-Ocean,CABEACH_WQX,CA,CABEACH_WQX-DPH 007B
CABEACH_WQX-DPH008,beach,SOURCED: EPA BEACH Act location type,beach_act,BEACH Program Site-Ocean,CABEACH_WQX,CA,CABEACH_WQX-DPH 008
CABEACH_WQX-DPH 008,beach,SOURCED: EPA BEACH Act location type,beach_act,BEACH Program Site-Ocean,CABEACH_WQX,CA,CABEACH_WQX-DPH 008
CABEACH_WQX-DPH008B,beach,SOURCED: EPA BEACH Act location type,beach_act,BEACH Program Site-Ocean,CABEACH_WQX,CA,CABEACH_WQX-DPH 008
CABEACH_WQX-DPH 008B,beach,SOURCED: EPA BEACH Act location type,beach_act,BEACH Program Site-Ocean,CABEACH_WQX,CA,CABEACH_WQX-DPH 008
CABEACH_WQX-DPH009,beach,SOURCED: EPA BEACH Act location type,beach_act,BEACH Program Site-Ocean,CABEACH_WQX,CA,CABEACH_WQX-DPH 009
CABEACH_WQX-DPH 009,beach,SOURCED: EPA BEACH Act location type,beach_act,BEACH Program Site-Ocean,CABEACH_WQX,CA,CABEACH_WQX-DPH 009
CABEACH_WQX-DPH009B,beach,SOURCED: EPA BEACH Act location type,beach_act,BEACH Program Site-Ocean,CABEACH_WQX,CA,CABEACH_WQX-DPH 009
CABEACH_WQX-DPH 009B,beach,SOURCED: EPA BEACH Act location type,beach_act,BEACH Program Site-Ocean,CABEACH_WQX,CA,CABEACH_WQX-DPH 009
CABEACH_WQX-DPH010,beach,SOURCED: EPA BEACH Act location type,beach_act,BEACH Program Site-Ocean,CABEACH_WQX,CA,CABEACH_WQX-DPH 010
CABEACH_WQX-DPH 010,beach,SOURCED: EPA BEACH Act location type,beach_act,BEACH Program Site-Ocean,CABEACH_WQX,CA,CABEACH_WQX-DPH 010
CABEACH_WQX-DPH010B,beach,SOURCED: EPA BEACH Act location type,beach_act,BEACH Program Site-Ocean,CABEACH_WQX,CA,CABEACH_WQX-DPH 010
CABEACH_WQX-DPH 010B,beach,SOURCED: EPA BEACH Act location type,beach_act,BEACH Program Site-Ocean,CABEACH_WQX,CA,CABEACH_WQX-DPH 010
CABEACH_WQX-DPH101,beach,SOURCED: EPA BEACH Act location type,beach_act,BEACH Program Site-Ocean,CABEACH_WQX,CA,CABEACH_WQX-DPH 101
CABEACH_WQX-DPH 101,beach,SOURCED: EPA BEACH Act location type,beach_act,BEACH Program Site-Ocean,CABEACH_WQX,CA,CABEACH_WQX-DPH 101
CABEACH_WQX-DPH102,beach,SOURCED: EPA BEACH Act location type,beach_act,BEACH Program Site-Ocean,CABEACH_WQX,CA,CABEACH_WQX-DPH 102
CABEACH_WQX-DPH 102,beach,SOURCED: EPA BEACH Act location type,beach_act,BEACH Program Site-Ocean,CABEACH_WQX,CA,CABEACH_WQX-DPH 102
CABEACH_WQX-DPH102B,beach,SOURCED: EPA BEACH Act location type,beach_act,BEACH Program Site-Ocean,CABEACH_WQX,CA,CABEACH_WQX-DPH 102
CABEACH_WQX-DPH 102B,beach,SOURCED: EPA BEACH Act location type,beach_act,BEACH Program Site-Ocean,CABEACH_WQX,CA,CABEACH_WQX-DPH 102
CABEACH_WQX-DPH103,beach,SOURCED: EPA BEACH Act location type,beach_act,BEACH Program Site-Ocean,CABEACH_WQX,CA,CABEACH_WQX-DPH 103
CABEACH_WQX-DPH 103,beach,SOURCED: EPA BEACH Act location type,beach_act,BEACH Program Site-Ocean,CABEACH_WQX,CA,CABEACH_WQX-DPH 103
CABEACH_WQX-DPH103B,beach,SOURCED: EPA BEACH Act location type,beach_act,BEACH Program Site-Ocean,CABEACH_WQX,CA,CABEACH_WQX-DPH 103
CABEACH_WQX-DPH 103B,beach,SOURCED: EPA BEACH Act location type,beach_act,BEACH Program Site-Ocean,CABEACH_WQX,CA,CABEACH_WQX-DPH 103
CABEACH_WQX-DPH104,beach,SOURCED: EPA BEACH Act location type,beach_act,BEACH Program Site-Ocean,CABEACH_WQX,CA,CABEACH_WQX-DPH 104
CABEACH_WQX-DPH 104,beach,SOURCED: EPA BEACH Act location type,beach_act,BEACH Program Site-Ocean,CABEACH_WQX,CA,CABEACH_WQX-DPH 104
CABEACH_WQX-DPH104B,beach,SOURCED: EPA BEACH Act location type,beach_act,BEACH Program Site-Ocean,CABEACH_WQX,CA,CABEACH_WQX-DPH 104
CABEACH_WQX-DPH 104B,beach,SOURCED: EPA BEACH Act location type,beach_act,BEACH Program Site-Ocean,CABEACH_WQX,CA,CABEACH_WQX-DPH 104
CABEACH_WQX-DPH105,beach,SOURCED: EPA BEACH Act location type,beach_act,BEACH Program Site-Ocean,CABEACH_WQX,CA,CABEACH_WQX-DPH 105
CABEACH_WQX-DPH 105,beach,SOURCED: EPA BEACH Act location type,beach_act,BEACH Program Site-Ocean,CABEACH_WQX,CA,CABEACH_WQX-DPH 105
CABEACH_WQX-DPH105B,beach,SOURCED: EPA BEACH Act location type,beach_act,BEACH Program Site-Ocean,CABEACH_WQX,CA,CABEACH_WQX-DPH 105
CABEACH_WQX-DPH 105B,beach,SOURCED: EPA BEACH Act location type,beach_act,BEACH Program Site-Ocean,CABEACH_WQX,CA,CABEACH_WQX-DPH 105
CABEACH_WQX-DPH106,beach,SOURCED: EPA BEACH Act location type,beach_act,BEACH Program Site-Ocean,CABEACH_WQX,CA,CABEACH_WQX-DPH 106
CABEACH_WQX-DPH 106,beach,SOURCED: EPA BEACH Act location type,beach_act,BEACH Program Site-Ocean,CABEACH_WQX,CA,CABEACH_WQX-DPH 106
CABEACH_WQX-DPH107,beach,SOURCED: EPA BEACH Act location type,beach_act,BEACH Program Site-Ocean,CABEACH_WQX,CA,CABEACH_WQX-DPH 107
CABEACH_WQX-DPH 107,beach,SOURCED: EPA BEACH Act location type,beach_act,BEACH Program Site-Ocean,CABEACH_WQX,CA,CABEACH_WQX-DPH 107
CABEACH_WQX-DPH107B,beach,SOURCED: EPA BEACH Act location type,beach_act,BEACH Program Site-Ocean,CABEACH_WQX,CA,CABEACH_WQX-DPH 107
CABEACH_WQX-DPH 107B,beach,SOURCED: EPA BEACH Act location type,beach_act,BEACH Program Site-Ocean,CABEACH_WQX,CA,CABEACH_WQX-DPH 107
CABEACH_WQX-DPH108,beach,SOURCED: EPA BEACH Act location type,beach_act,BEACH Program Site-Ocean,CABEACH_WQX,CA,CABEACH_WQX-DPH 108
CABEACH_WQX-DPH 108,beach,SOURCED: EPA BEACH Act location type,beach_act,BEACH Program Site-Ocean,CABEACH_WQX,CA,CABEACH_WQX-DPH 108
CABEACH_WQX-DPH109,beach,SOURCED: EPA BEACH Act location type,beach_act,BEACH Program Site-Ocean,CABEACH_WQX,CA,CABEACH_WQX-DPH 109
CABEACH_WQX-DPH 109,beach,SOURCED: EPA BEACH Act location type,beach_act,BEACH Program Site-Ocean,CABEACH_WQX,CA,CABEACH_WQX-DPH 109
CABEACH_WQX-DPH110,beach,SOURCED: EPA BEACH Act location type,beach_act,BEACH Program Site-Ocean,CABEACH_WQX,CA,CABEACH_WQX-DPH 110
CABEACH_WQX-DPH 110,beach,SOURCED: EPA BEACH Act location type,beach_act,BEACH Program Site-Ocean,CABEACH_WQX,CA,CABEACH_WQX-DPH 110
CABEACH_WQX-DPH111,beach,SOURCED: EPA BEACH Act location type,beach_act,BEACH Program Site-Ocean,CABEACH_WQX,CA,CABEACH_WQX-DPH 111
CABEACH_WQX-DPH 111,beach,SOURCED: EPA BEACH Act location type,beach_act,BEACH Program Site-Ocean,CABEACH_WQX,CA,CABEACH_WQX-DPH 111
CABEACH_WQX-DPH112,beach,SOURCED: EPA BEACH Act location type,beach_act,BEACH Program Site-Ocean,CABEACH_WQX,CA,CABEACH_WQX-DPH 112
CABEACH_WQX-DPH 112,beach,SOURCED: EPA BEACH Act location type,beach_act,BEACH Program Site-Ocean,CABEACH_WQX,CA,CABEACH_WQX-DPH 112
CABEACH_WQX-DPH112B,beach,SOURCED: EPA BEACH Act location type,beach_act,BEACH Program Site-Ocean,CABEACH_WQX,CA,CABEACH_WQX-DPH 112
CABEACH_WQX-DPH 112B,beach,SOURCED: EPA BEACH Act location type,beach_act,BEACH Program Site-Ocean,CABEACH_WQX,CA,CABEACH_WQX-DPH 112
CABEACH_WQX-DPH113,beach,SOURCED: EPA BEACH Act location type,beach_act,BEACH Program Site-Ocean,CABEACH_WQX,CA,CABEACH_WQX-DPH 113
CABEACH_WQX-DPH 113,beach,SOURCED: EPA BEACH Act location type,beach_act,BEACH Program Site-Ocean,CABEACH_WQX,CA,CABEACH_WQX-DPH 113
CABEACH_WQX-DPH113B,beach,SOURCED: EPA BEACH Act location type,beach_act,BEACH Program Site-Ocean,CABEACH_WQX,CA,CABEACH_WQX-DPH 113
CABEACH_WQX-DPH 113B,beach,SOURCED: EPA BEACH Act location type,beach_act,BEACH Program Site-Ocean,CABEACH_WQX,CA,CABEACH_WQX-DPH 113
CABEACH_WQX-DPH114,beach,SOURCED: EPA BEACH Act location type,beach_act,BEACH Program Site-Ocean,CABEACH_WQX,CA,CABEACH_WQX-DPH 114
CABEACH_WQX-DPH 114,beach,SOURCED: EPA BEACH Act location type,beach_act,BEACH Program Site-Ocean,CABEACH_WQX,CA,CABEACH_WQX-DPH 114
CABEACH_WQX-DPH115,beach,SOURCED: EPA BEACH Act location type,beach_act,BEACH Program Site-Ocean,CABEACH_WQX,CA,CABEACH_WQX-DPH 115
CABEACH_WQX-DPH 115,beach,SOURCED: EPA BEACH Act location type,beach_act,BEACH Program Site-Ocean,CABEACH_WQX,CA,CABEACH_WQX-DPH 115
CABEACH_WQX-DPH115B,beach,SOURCED: EPA BEACH Act location type,beach_act,BEACH Program Site-Ocean,CABEACH_WQX,CA,CABEACH_WQX-DPH 115
CABEACH_WQX-DPH 115B,beach,SOURCED: EPA BEACH Act location type,beach_act,BEACH Program Site-Ocean,CABEACH_WQX,CA,CABEACH_WQX-DPH 115
CABEACH_WQX-DPH116,beach,SOURCED: EPA BEACH Act location type,beach_act,BEACH Program Site-Ocean,CABEACH_WQX,CA,CABEACH_WQX-DPH 116
CABEACH_WQX-DPH 116,beach,SOURCED: EPA BEACH Act location type,beach_act,BEACH Program Site-Ocean,CABEACH_WQX,CA,CABEACH_WQX-DPH 116
CABEACH_WQX-DPH117,beach,SOURCED: EPA BEACH Act location type,beach_act,BEACH Program Site-Ocean,CABEACH_WQX,CA,CABEACH_WQX-DPH 117
CABEACH_WQX-DPH 117,beach,SOURCED: EPA BEACH Act location type,beach_act,BEACH Program Site-Ocean,CABEACH_WQX,CA,CABEACH_WQX-DPH 117
CABEACH_WQX-DPH118,beach,SOURCED: EPA BEACH Act location type,beach_act,BEACH Program Site-Ocean,CABEACH_WQX,CA,CABEACH_WQX-DPH 117
CABEACH_WQX-DPH 118,beach,SOURCED: EPA BEACH Act location type,beach_act,BEACH Program Site-Ocean,CABEACH_WQX,CA,CABEACH_WQX-DPH 117
CABEACH_WQX-DPH119,beach,SOURCED: EPA BEACH Act location type,beach_act,BEACH Program Site-Ocean,CABEACH_WQX,CA,CABEACH_WQX-DPH 117
CABEACH_WQX-DPH 119,beach,SOURCED: EPA BEACH Act location type,beach_act,BEACH Program Site-Ocean,CABEACH_WQX,CA,CABEACH_WQX-DPH 117
CABEACH_WQX-DPH120,beach,SOURCED: EPA BEACH Act location type,beach_act,BEACH Program Site-Ocean,CABEACH_WQX,CA,CABEACH_WQX-DPH 117
CABEACH_WQX-DPH 120,beach,SOURCED: EPA BEACH Act location type,beach_act,BEACH Program Site-Ocean,CABEACH_WQX,CA,CABEACH_WQX-DPH 117
CABEACH_WQX-DPH121,beach,SOURCED: EPA BEACH Act location type,beach_act,BEACH Program Site-Ocean,CABEACH_WQX,CA,CABEACH_WQX-DPH 117
CABEACH_WQX-DPH 121,beach,SOURCED: EPA BEACH Act location type,beach_act,BEACH Program Site-Ocean,CABEACH_WQX,CA,CABEACH_WQX-DPH 117
CABEACH_WQX-DPH122,beach,SOURCED: EPA BEACH Act location type,beach_act,BEACH Program Site-Ocean,CABEACH_WQX,CA,CABEACH_WQX-DPH 122
CABEACH_WQX-DPH 122,beach,SOURCED: EPA BEACH Act location type,beach_act,BEACH Program Site-Ocean,CABEACH_WQX,CA,CABEACH_WQX-DPH 122
CABEACH_WQX-DPH123,beach,SOURCED: EPA BEACH Act location type,beach_act,BEACH Program Site-Ocean,CABEACH_WQX,CA,CABEACH_WQX-DPH 123
CABEACH_WQX-DPH 123,beach,SOURCED: EPA BEACH Act location type,beach_act,BEACH Program Site-Ocean,CABEACH_WQX,CA,CABEACH_WQX-DPH 123
CABEACH_WQX-DPH124,beach,SOURCED: EPA BEACH Act location type,beach_act,BEACH Program Site-Ocean,CABEACH_WQX,CA,CABEACH_WQX-DPH 123
CABEACH_WQX-DPH 124,beach,SOURCED: EPA BEACH Act location type,beach_act,BEACH Program Site-Ocean,CABEACH_WQX,CA,CABEACH_WQX-DPH 123
CABEACH_WQX-DRAKES BEACH,beach,SOURCED: EPA BEACH Act location type,beach_act,BEACH Program Site-Ocean,CABEACH_WQX,CA,CABEACH_WQX-DRAKES BEACH
CABEACH_WQX-DRAKES ESTERO,beach,SOURCED: EPA BEACH Act location type,beach_act,BEACH Program Site-Ocean,CABEACH_WQX,CA,CABEACH_WQX-DRAKES ESTERO
CABEACH_WQX-DSB1Z,beach,SOURCED: EPA BEACH Act location type,beach_act,BEACH Program Site-Ocean,CABEACH_WQX,CA,CABEACH_WQX-DSB1Z
CABEACH_WQX-DSB4Z,beach,SOURCED: EPA BEACH Act location type,beach_act,BEACH Program Site-Ocean,CABEACH_WQX,CA,CABEACH_WQX-DSB4Z
CABEACH_WQX-DSB5D,beach,SOURCED: EPA BEACH Act location type,beach_act,BEACH Program Site-Ocean,CABEACH_WQX,CA,CABEACH_WQX-DSB5D
CABEACH_WQX-DSB5U,beach,SOURCED: EPA BEACH Act location type,beach_act,BEACH Program Site-Ocean,CABEACH_WQX,CA,CABEACH_WQX-DSB5D
CABEACH_WQX-DSB5Z,beach,SOURCED: EPA BEACH Act location type,beach_act,BEACH Program Site-Ocean,CABEACH_WQX,CA,CABEACH_WQX-DSB5D
CABEACH_WQX-DUMONDD,beach,SOURCED: EPA BEACH Act location type,beach_act,BEACH Program Site-Ocean,CABEACH_WQX,CA,CABEACH_WQX-DUMONDD
CABEACH_WQX-DUMONDU,beach,SOURCED: EPA BEACH Act location type,beach_act,BEACH Program Site-Ocean,CABEACH_WQX,CA,CABEACH_WQX-DUMONDD
CABEACH_WQX-DUMONDZ,beach,SOURCED: EPA BEACH Act location type,beach_act,BEACH Program Site-Ocean,CABEACH_WQX,CA,CABEACH_WQX-DUMONDD
CABEACH_WQX-Dunes State Beach,beach,SOURCED: EPA BEACH Act location type,beach_act,BEACH Program Site-Ocean,CABEACH_WQX,CA,CABEACH_WQX-Dunes State Beach
CABEACH_WQX-EH-010,beach,SOURCED: EPA BEACH Act location type,beach_act,BEACH Program Site-Ocean,CABEACH_WQX,CA,CABEACH_WQX-EH-010
CABEACH_WQX-EH-030,beach,SOURCED: EPA BEACH Act location type,beach_act,BEACH Program Site-Ocean,CABEACH_WQX,CA,CABEACH_WQX-EH-030
CABEACH_WQX-EH-050,beach,SOURCED: EPA BEACH Act location type,beach_act,BEACH Program Site-Ocean,CABEACH_WQX,CA,CABEACH_WQX-EH-050
CABEACH_WQX-EH-060,beach,SOURCED: EPA BEACH Act location type,beach_act,BEACH Program Site-Ocean,CABEACH_WQX,CA,CABEACH_WQX-EH-060
CABEACH_WQX-EH-070,beach,SOURCED: EPA BEACH Act location type,beach_act,BEACH Program Site-Ocean,CABEACH_WQX,CA,CABEACH_WQX-EH-070
CABEACH_WQX-EH-080,beach,SOURCED: EPA BEACH Act location type,beach_act,BEACH Program Site-Ocean,CABEACH_WQX,CA,CABEACH_WQX-EH-080
CABEACH_WQX-EH-090,beach,SOURCED: EPA BEACH Act location type,beach_act,BEACH Program Site-Ocean,CABEACH_WQX,CA,CABEACH_WQX-EH-090
CABEACH_WQX-EH-120,beach,SOURCED: EPA BEACH Act location type,beach_act,BEACH Program Site-Ocean,CABEACH_WQX,CA,CABEACH_WQX-EH-120
CABEACH_WQX-EH-160,beach,SOURCED: EPA BEACH Act location type,beach_act,BEACH Program Site-Ocean,CABEACH_WQX,CA,CABEACH_WQX-EH-160
CABEACH_WQX-EH-200,beach,SOURCED: EPA BEACH Act location type,beach_act,BEACH Program Site-Ocean,CABEACH_WQX,CA,CABEACH_WQX-EH-200
CABEACH_WQX-EH-211,beach,SOURCED: EPA BEACH Act location type,beach_act,BEACH Program Site-Ocean,CABEACH_WQX,CA,CABEACH_WQX-EH-211
CABEACH_WQX-EH-250,beach,SOURCED: EPA BEACH Act location type,beach_act,BEACH Program Site-Ocean,CABEACH_WQX,CA,CABEACH_WQX-EH-250
CABEACH_WQX-EH-255,beach,SOURCED: EPA BEACH Act location type,beach_act,BEACH Program Site-Ocean,CABEACH_WQX,CA,CABEACH_WQX-EH-255
CABEACH_WQX-EH-260,beach,SOURCED: EPA BEACH Act location type,beach_act,BEACH Program Site-Ocean,CABEACH_WQX,CA,CABEACH_WQX-EH-260
CABEACH_WQX-EH-280,beach,SOURCED: EPA BEACH Act location type,beach_act,BEACH Program Site-Ocean,CABEACH_WQX,CA,CABEACH_WQX-EH-280
CABEACH_WQX-EH-290,beach,SOURCED: EPA BEACH Act location type,beach_act,BEACH Program Site-Ocean,CABEACH_WQX,CA,CABEACH_WQX-EH-290
CABEACH_WQX-EH-300,beach,SOURCED: EPA BEACH Act location type,beach_act,BEACH Program Site-Ocean,CABEACH_WQX,CA,CABEACH_WQX-EH-300
CABEACH_WQX-EH-305,beach,SOURCED: EPA BEACH Act location type,beach_act,BEACH Program Site-Ocean,CABEACH_WQX,CA,CABEACH_WQX-EH-305
CABEACH_WQX-EH-310,beach,SOURCED: EPA BEACH Act location type,beach_act,BEACH Program Site-Ocean,CABEACH_WQX,CA,CABEACH_WQX-EH-305
CABEACH_WQX-EH-320,beach,SOURCED: EPA BEACH Act location type,beach_act,BEACH Program Site-Ocean,CABEACH_WQX,CA,CABEACH_WQX-EH-320
CABEACH_WQX-EH-330,beach,SOURCED: EPA BEACH Act location type,beach_act,BEACH Program Site-Ocean,CABEACH_WQX,CA,CABEACH_WQX-EH-330
CABEACH_WQX-EH-340,beach,SOURCED: EPA BEACH Act location type,beach_act,BEACH Program Site-Ocean,CABEACH_WQX,CA,CABEACH_WQX-EH-340
CABEACH_WQX-EH-360,beach,SOURCED: EPA BEACH Act location type,beach_act,BEACH Program Site-Ocean,CABEACH_WQX,CA,CABEACH_WQX-EH-360
CABEACH_WQX-EH-380,beach,SOURCED: EPA BEACH Act location type,beach_act,BEACH Program Site-Ocean,CABEACH_WQX,CA,CABEACH_WQX-EH-380
CABEACH_WQX-EH-390,beach,SOURCED: EPA BEACH Act location type,beach_act,BEACH Program Site-Ocean,CABEACH_WQX,CA,CABEACH_WQX-EH-390
CABEACH_WQX-EH-395,beach,SOURCED: EPA BEACH Act location type,beach_act,BEACH Program Site-Ocean,CABEACH_WQX,CA,CABEACH_WQX-EH-395
CABEACH_WQX-EH-400,beach,SOURCED: EPA BEACH Act location type,beach_act,BEACH Program Site-Ocean,CABEACH_WQX,CA,CABEACH_WQX-EH-400
CABEACH_WQX-EH-410,beach,SOURCED: EPA BEACH Act location type,beach_act,BEACH Program Site-Ocean,CABEACH_WQX,CA,CABEACH_WQX-EH-410
CABEACH_WQX-EH-420,beach,SOURCED: EPA BEACH Act location type,beach_act,BEACH Program Site-Ocean,CABEACH_WQX,CA,CABEACH_WQX-EH-420
CABEACH_WQX-EH-435,beach,SOURCED: EPA BEACH Act location type,beach_act,BEACH Program Site-Ocean,CABEACH_WQX,CA,CABEACH_WQX-EH-435
CABEACH_WQX-EH-440,beach,SOURCED: EPA BEACH Act location type,beach_act,BEACH Program Site-Ocean,CABEACH_WQX,CA,CABEACH_WQX-EH-440
CABEACH_WQX-EH-455,beach,SOURCED: EPA BEACH Act location type,beach_act,BEACH Program Site-Ocean,CABEACH_WQX,CA,CABEACH_WQX-EH-455
CABEACH_WQX-EH-460,beach,SOURCED: EPA BEACH Act location type,beach_act,BEACH Program Site-Ocean,CABEACH_WQX,CA,CABEACH_WQX-EH-460
CABEACH_WQX-EH-475,beach,SOURCED: EPA BEACH Act location type,beach_act,BEACH Program Site-Ocean,CABEACH_WQX,CA,CABEACH_WQX-EH-475
CABEACH_WQX-EH-480,beach,SOURCED: EPA BEACH Act location type,beach_act,BEACH Program Site-Ocean,CABEACH_WQX,CA,CABEACH_WQX-EH-480
CABEACH_WQX-EH-510,beach,SOURCED: EPA BEACH Act location type,beach_act,BEACH Program Site-Ocean,CABEACH_WQX,CA,CABEACH_WQX-EH-510
CABEACH_WQX-EH-520,beach,SOURCED: EPA BEACH Act location type,beach_act,BEACH Program Site-Ocean,CABEACH_WQX,CA,CABEACH_WQX-EH-520
CABEACH_WQX-ELMOROD,beach,SOURCED: EPA BEACH Act location type,beach_act,BEACH Program Site-Ocean,CABEACH_WQX,CA,CABEACH_WQX-ELMOROD
CABEACH_WQX-ELMOROU,beach,SOURCED: EPA BEACH Act location type,beach_act,BEACH Program Site-Ocean,CABEACH_WQX,CA,CABEACH_WQX-ELMOROD
CABEACH_WQX-ELMOROZ,beach,SOURCED: EPA BEACH Act location type,beach_act,BEACH Program Site-Ocean,CABEACH_WQX,CA,CABEACH_WQX-ELMOROD
CABEACH_WQX-ELPORTALZ,beach,SOURCED: EPA BEACH Act location type,beach_act,BEACH Program Site-Ocean,CABEACH_WQX,CA,CABEACH_WQX-ELPORTALZ
CABEACH_WQX-EMRLDD,beach,SOURCED: EPA BEACH Act location type,beach_act,BEACH Program Site-Ocean,CABEACH_WQX,CA,CABEACH_WQX-EMRLDD
CABEACH_WQX-EMRLDU,beach,SOURCED: EPA BEACH Act location type,beach_act,BEACH Program Site-Ocean,CABEACH_WQX,CA,CABEACH_WQX-EMRLDD
CABEACH_WQX-EMRLDZ,beach,SOURCED: EPA BEACH Act location type,beach_act,BEACH Program Site-Ocean,CABEACH_WQX,CA,CABEACH_WQX-EMRLDD
CABEACH_WQX-EN-010,beach,SOURCED: EPA BEACH Act location type,beach_act,BEACH Program Site-Ocean,CABEACH_WQX,CA,CABEACH_WQX-EN-010
CABEACH_WQX-EN-020,beach,SOURCED: EPA BEACH Act location type,beach_act,BEACH Program Site-Ocean,CABEACH_WQX,CA,CABEACH_WQX-EN-020
CABEACH_WQX-EN-030,beach,SOURCED: EPA BEACH Act location type,beach_act,BEACH Program Site-Ocean,CABEACH_WQX,CA,CABEACH_WQX-EN-030
CABEACH_WQX-EN-040,beach,SOURCED: EPA BEACH Act location type,beach_act,BEACH Program Site-Ocean,CABEACH_WQX,CA,CABEACH_WQX-EN-040
CABEACH_WQX-EN-050,beach,SOURCED: EPA BEACH Act location type,beach_act,BEACH Program Site-Ocean,CABEACH_WQX,CA,CABEACH_WQX-EN-050
CABEACH_WQX-Erckenbrack Park,beach,SOURCED: EPA BEACH Act location type,beach_act,BEACH Program Site-Ocean,CABEACH_WQX,CA,CABEACH_WQX-Erckenbrack Park
CABEACH_WQX-Fitzgerald Marine (Moss Beach),beach,SOURCED: EPA BEACH Act location type,beach_act,BEACH Program Site-Ocean,CABEACH_WQX,CA,CABEACH_WQX-Fitzgerald Marine (Moss Beach)
CABEACH_WQX-FM-010,beach,SOURCED: EPA BEACH Act location type,beach_act,BEACH Program Site-Ocean,CABEACH_WQX,CA,CABEACH_WQX-FM-010
CABEACH_WQX-FM-030,beach,SOURCED: EPA BEACH Act location type,beach_act,BEACH Program Site-Ocean,CABEACH_WQX,CA,CABEACH_WQX-FM-030
CABEACH_WQX-FM-050,beach,SOURCED: EPA BEACH Act location type,beach_act,BEACH Program Site-Ocean,CABEACH_WQX,CA,CABEACH_WQX-EH-280
CABEACH_WQX-FM-070,beach,SOURCED: EPA BEACH Act location type,beach_act,BEACH Program Site-Ocean,CABEACH_WQX,CA,CABEACH_WQX-FM-070
CABEACH_WQX-FM-080,beach,SOURCED: EPA BEACH Act location type,beach_act,BEACH Program Site-Ocean,CABEACH_WQX,CA,CABEACH_WQX-FM-080
CABEACH_WQX-FM-090,beach,SOURCED: EPA BEACH Act location type,beach_act,BEACH Program Site-Ocean,CABEACH_WQX,CA,CABEACH_WQX-FM-090
CABEACH_WQX-FM-100,beach,SOURCED: EPA BEACH Act location type,beach_act,BEACH Program Site-Ocean,CABEACH_WQX,CA,CABEACH_WQX-FM-100
CABEACH_WQX-Francis State Beach,beach,SOURCED: EPA BEACH Act location type,beach_act,BEACH Program Site-Ocean,CABEACH_WQX,CA,CABEACH_WQX-Francis State Beach
CABEACH_WQX-Frenchmans Creek,beach,SOURCED: EPA BEACH Act location type,beach_act,BEACH Program Site-Ocean,CABEACH_WQX,CA,CABEACH_WQX-Frenchmans Creek
CABEACH_WQX-Gazos Creek,beach,SOURCED: EPA BEACH Act location type,beach_act,BEACH Program Site-Ocean,CABEACH_WQX,CA,CABEACH_WQX-Gazos Creek
CABEACH_WQX-Gazos Creek Access,beach,SOURCED: EPA BEACH Act location type,beach_act,BEACH Program Site-Ocean,CABEACH_WQX,CA,CABEACH_WQX-Gazos Creek
CABEACH_WQX-Goat Rock,beach,SOURCED: EPA BEACH Act location type,beach_act,BEACH Program Site-Ocean,CABEACH_WQX,CA,CABEACH_WQX-Goat Rock
CABEACH_WQX-Gualala,beach,SOURCED: EPA BEACH Act location type,beach_act,BEACH Program Site-Ocean,CABEACH_WQX,CA,CABEACH_WQX-Gualala
"CABEACH_WQX-Gull Park, Foster City",beach,SOURCED: EPA BEACH Act location type,beach_act,BEACH Program Site-Ocean,CABEACH_WQX,CA,"CABEACH_WQX-Gull Park, Foster City"
CABEACH_WQX-Hare Creek,beach,SOURCED: EPA BEACH Act location type,beach_act,BEACH Program Site-Ocean,CABEACH_WQX,CA,CABEACH_WQX-Hare Creek
CABEACH_WQX-HEARTS DESIRE,beach,SOURCED: EPA BEACH Act location type,beach_act,BEACH Program Site-Ocean,CABEACH_WQX,CA,CABEACH_WQX-HEARTS DESIRE
CABEACH_WQX-HEISLRD,beach,SOURCED: EPA BEACH Act location type,beach_act,BEACH Program Site-Ocean,CABEACH_WQX,CA,CABEACH_WQX-HEISLRD
CABEACH_WQX-HEISLRU,beach,SOURCED: EPA BEACH Act location type,beach_act,BEACH Program Site-Ocean,CABEACH_WQX,CA,CABEACH_WQX-HEISLRD
CABEACH_WQX-HEISLRZ,beach,SOURCED: EPA BEACH Act location type,beach_act,BEACH Program Site-Ocean,CABEACH_WQX,CA,CABEACH_WQX-HEISLRD
CABEACH_WQX-HSB23,beach,SOURCED: EPA BEACH Act location type,beach_act,BEACH Program Site-Ocean,CABEACH_WQX,CA,CABEACH_WQX-HSB23
CABEACH_WQX-HYPCB1,beach,SOURCED: EPA BEACH Act location type,beach_act,BEACH Program Site-Ocean,CABEACH_WQX,CA,CABEACH_WQX-CB-01
CABEACH_WQX-HYPCB2,beach,SOURCED: EPA BEACH Act location type,beach_act,BEACH Program Site-Ocean,CABEACH_WQX,CA,CABEACH_WQX-CB-02
CABEACH_WQX-HYPS1,beach,SOURCED: EPA BEACH Act location type,beach_act,BEACH Program Site-Ocean,CABEACH_WQX,CA,CABEACH_WQX-HYPS1
CABEACH_WQX-HYPS11,beach,SOURCED: EPA BEACH Act location type,beach_act,BEACH Program Site-Ocean,CABEACH_WQX,CA,CABEACH_WQX-HYPS11
CABEACH_WQX-HYPS12,beach,SOURCED: EPA BEACH Act location type,beach_act,BEACH Program Site-Ocean,CABEACH_WQX,CA,CABEACH_WQX-HYPS12
CABEACH_WQX-HYPS2,beach,SOURCED: EPA BEACH Act location type,beach_act,BEACH Program Site-Ocean,CABEACH_WQX,CA,CABEACH_WQX-HYPS2
CABEACH_WQX-HYPS3,beach,SOURCED: EPA BEACH Act location type,beach_act,BEACH Program Site-Ocean,CABEACH_WQX,CA,CABEACH_WQX-HYPS3
CABEACH_WQX-HYPS4,beach,SOURCED: EPA BEACH Act location type,beach_act,BEACH Program Site-Ocean,CABEACH_WQX,CA,CABEACH_WQX-HYPS4
CABEACH_WQX-HYPS5,beach,SOURCED: EPA BEACH Act location type,beach_act,BEACH Program Site-Ocean,CABEACH_WQX,CA,CABEACH_WQX-HYPS5
CABEACH_WQX-HYPS6,beach,SOURCED: EPA BEACH Act location type,beach_act,BEACH Program Site-Ocean,CABEACH_WQX,CA,CABEACH_WQX-HYPS6
CABEACH_WQX-HYPS7,beach,SOURCED: EPA BEACH Act location type,beach_act,BEACH Program Site-Ocean,CABEACH_WQX,CA,CABEACH_WQX-HYPS7
CABEACH_WQX-HYPS8,beach,SOURCED: EPA BEACH Act location type,beach_act,BEACH Program Site-Ocean,CABEACH_WQX,CA,CABEACH_WQX-HYPS8
CABEACH_WQX-IB-010,beach,SOURCED: EPA BEACH Act location type,beach_act,BEACH Program Site-Ocean,CABEACH_WQX,CA,CABEACH_WQX-IB-010
CABEACH_WQX-IB-020,beach,SOURCED: EPA BEACH Act location type,beach_act,BEACH Program Site-Ocean,CABEACH_WQX,CA,CABEACH_WQX-BC-020
CABEACH_WQX-IB-030,beach,SOURCED: EPA BEACH Act location type,beach_act,BEACH Program Site-Ocean,CABEACH_WQX,CA,CABEACH_WQX-IB-030
CABEACH_WQX-IB-040,beach,SOURCED: EPA BEACH Act location type,beach_act,BEACH Program Site-Ocean,CABEACH_WQX,CA,CABEACH_WQX-IB-040
CABEACH_WQX-IB-045,beach,SOURCED: EPA BEACH Act location type,beach_act,BEACH Program Site-Ocean,CABEACH_WQX,CA,CABEACH_WQX-IB-045
CABEACH_WQX-IB-050,beach,SOURCED: EPA BEACH Act location type,beach_act,BEACH Program Site-Ocean,CABEACH_WQX,CA,CABEACH_WQX-IB-050
CABEACH_WQX-IB-060,beach,SOURCED: EPA BEACH Act location type,beach_act,BEACH Program Site-Ocean,CABEACH_WQX,CA,CABEACH_WQX-IB-060
CABEACH_WQX-IB-067,beach,SOURCED: EPA BEACH Act location type,beach_act,BEACH Program Site-Ocean,CABEACH_WQX,CA,CABEACH_WQX-IB-067
CABEACH_WQX-IB-068,beach,SOURCED: EPA BEACH Act location type,beach_act,BEACH Program Site-Ocean,CABEACH_WQX,CA,CABEACH_WQX-IB-068
CABEACH_WQX-IB-069,beach,SOURCED: EPA BEACH Act location type,beach_act,BEACH Program Site-Ocean,CABEACH_WQX,CA,CABEACH_WQX-IB-069
CABEACH_WQX-IB-070,beach,SOURCED: EPA BEACH Act location type,beach_act,BEACH Program Site-Ocean,CABEACH_WQX,CA,CABEACH_WQX-IB-070
CABEACH_WQX-IB-079,beach,SOURCED: EPA BEACH Act location type,beach_act,BEACH Program Site-Ocean,CABEACH_WQX,CA,CABEACH_WQX-IB-079
CABEACH_WQX-IB-080,beach,SOURCED: EPA BEACH Act location type,beach_act,BEACH Program Site-Ocean,CABEACH_WQX,CA,CABEACH_WQX-IB-080
CABEACH_WQX-Keller North Beach,beach,SOURCED: EPA BEACH Act location type,beach_act,BEACH Program Site-Ocean,CABEACH_WQX,CA,CABEACH_WQX-Keller North Beach
CABEACH_WQX-Keller South Beach,beach,SOURCED: EPA BEACH Act location type,beach_act,BEACH Program Site-Ocean,CABEACH_WQX,CA,CABEACH_WQX-Keller North Beach
CABEACH_WQX-Kiteboard Beach,beach,SOURCED: EPA BEACH Act location type,beach_act,BEACH Program Site-Ocean,CABEACH_WQX,CA,CABEACH_WQX-Kiteboard Beach
CABEACH_WQX-LACSDS1,beach,SOURCED: EPA BEACH Act location type,beach_act,BEACH Program Site-Ocean,CABEACH_WQX,CA,CABEACH_WQX-LACSDS1
CABEACH_WQX-LACSDS2,beach,SOURCED: EPA BEACH Act location type,beach_act,BEACH Program Site-Ocean,CABEACH_WQX,CA,CABEACH_WQX-LACSDS2
CABEACH_WQX-LACSDS3,beach,SOURCED: EPA BEACH Act location type,beach_act,BEACH Program Site-Ocean,CABEACH_WQX,CA,CABEACH_WQX-LACSDS3
CABEACH_WQX-LACSDS5,beach,SOURCED: EPA BEACH Act location type,beach_act,BEACH Program Site-Ocean,CABEACH_WQX,CA,CABEACH_WQX-LACSDS5
CABEACH_WQX-LACSDS6,beach,SOURCED: EPA BEACH Act location type,beach_act,BEACH Program Site-Ocean,CABEACH_WQX,CA,CABEACH_WQX-LACSDS6
CABEACH_WQX-LACSDS7,beach,SOURCED: EPA BEACH Act location type,beach_act,BEACH Program Site-Ocean,CABEACH_WQX,CA,CABEACH_WQX-LACSDS7
CABEACH_WQX-LACSDSB,beach,SOURCED: EPA BEACH Act location type,beach_act,BEACH Program Site-Ocean,CABEACH_WQX,CA,CABEACH_WQX-LACSDSB
CABEACH_WQX-LACSDSM,beach,SOURCED: EPA BEACH Act location type,beach_act,BEACH Program Site-Ocean,CABEACH_WQX,CA,CABEACH_WQX-LACSDSM
CABEACH_WQX-Lakeshore Park Rec Center,beach,SOURCED: EPA BEACH Act location type,beach_act,BEACH Program Site-Ocean,CABEACH_WQX,CA,CABEACH_WQX-Lakeshore Park Rec Center
CABEACH_WQX-LAWSONS LANDING,beach,SOURCED: EPA BEACH Act location type,beach_act,BEACH Program Site-Ocean,CABEACH_WQX,CA,CABEACH_WQX-LAWSONS LANDING
CABEACH_WQX-LINDALD,beach,SOURCED: EPA BEACH Act location type,beach_act,BEACH Program Site-Ocean,CABEACH_WQX,CA,CABEACH_WQX-LINDALD
CABEACH_WQX-LINDALU,beach,SOURCED: EPA BEACH Act location type,beach_act,BEACH Program Site-Ocean,CABEACH_WQX,CA,CABEACH_WQX-LINDALD
CABEACH_WQX-LINDALZ,beach,SOURCED: EPA BEACH Act location type,beach_act,BEACH Program Site-Ocean,CABEACH_WQX,CA,CABEACH_WQX-LINDALD
CABEACH_WQX-Linda Mar Beach #5,beach,SOURCED: EPA BEACH Act location type,beach_act,BEACH Program Site-Ocean,CABEACH_WQX,CA,CABEACH_WQX-Linda Mar Beach #5
CABEACH_WQX-Linda Mar Beach #7,beach,SOURCED: EPA BEACH Act location type,beach_act,BEACH Program Site-Ocean,CABEACH_WQX,CA,CABEACH_WQX-Linda Mar Beach #5
CABEACH_WQX-LOP,beach,SOURCED: EPA BEACH Act location type,beach_act,BEACH Program Site-Ocean,CABEACH_WQX,CA,CABEACH_WQX-LOP
CABEACH_WQX-Luffenholtz Creek,beach,SOURCED: EPA BEACH Act location type,beach_act,BEACH Program Site-Ocean,CABEACH_WQX,CA,CABEACH_WQX-Luffenholtz Creek
CABEACH_WQX-Main,beach,SOURCED: EPA BEACH Act location type,beach_act,BEACH Program Site-Ocean,CABEACH_WQX,CA,CABEACH_WQX-Cowell
CABEACH_WQX-Main-B,beach,SOURCED: EPA BEACH Act location type,beach_act,BEACH Program Site-Ocean,CABEACH_WQX,CA,CABEACH_WQX-Cowell
CABEACH_WQX-MAINBCD,beach,SOURCED: EPA BEACH Act location type,beach_act,BEACH Program Site-Ocean,CABEACH_WQX,CA,CABEACH_WQX-MAINBCD
CABEACH_WQX-MAINBCU,beach,SOURCED: EPA BEACH Act location type,beach_act,BEACH Program Site-Ocean,CABEACH_WQX,CA,CABEACH_WQX-MAINBCD
CABEACH_WQX-MAINBCZ,beach,SOURCED: EPA BEACH Act location type,beach_act,BEACH Program Site-Ocean,CABEACH_WQX,CA,CABEACH_WQX-MAINBCD
CABEACH_WQX-Main-C,beach,SOURCED: EPA BEACH Act location type,beach_act,BEACH Program Site-Ocean,CABEACH_WQX,CA,CABEACH_WQX-Cowell
CABEACH_WQX-MARIPOZ,beach,SOURCED: EPA BEACH Act location type,beach_act,BEACH Program Site-Ocean,CABEACH_WQX,CA,CABEACH_WQX-MARIPOZ
CABEACH_WQX-Marlin Park,beach,SOURCED: EPA BEACH Act location type,beach_act,BEACH Program Site-Ocean,CABEACH_WQX,CA,CABEACH_WQX-Marlin Park
CABEACH_WQX-Martini Creek,beach,SOURCED: EPA BEACH Act location type,beach_act,BEACH Program Site-Ocean,CABEACH_WQX,CA,CABEACH_WQX-Martini Creek
CABEACH_WQX-MB-015,beach,SOURCED: EPA BEACH Act location type,beach_act,BEACH Program Site-Ocean,CABEACH_WQX,CA,CABEACH_WQX-MB-015
CABEACH_WQX-MB-031,beach,SOURCED: EPA BEACH Act location type,beach_act,BEACH Program Site-Ocean,CABEACH_WQX,CA,CABEACH_WQX-MB-031
CABEACH_WQX-MB-041,beach,SOURCED: EPA BEACH Act location type,beach_act,BEACH Program Site-Ocean,CABEACH_WQX,CA,CABEACH_WQX-MB-041
CABEACH_WQX-MB-051,beach,SOURCED: EPA BEACH Act location type,beach_act,BEACH Program Site-Ocean,CABEACH_WQX,CA,CABEACH_WQX-MB-051
CABEACH_WQX-MB-053,beach,SOURCED: EPA BEACH Act location type,beach_act,BEACH Program Site-Ocean,CABEACH_WQX,CA,CABEACH_WQX-MB-053
CABEACH_WQX-MB-060,beach,SOURCED: EPA BEACH Act location type,beach_act,BEACH Program Site-Ocean,CABEACH_WQX,CA,CABEACH_WQX-MB-060
CABEACH_WQX-MB-070,beach,SOURCED: EPA BEACH Act location type,beach_act,BEACH Program Site-Ocean,CABEACH_WQX,CA,CABEACH_WQX-MB-070
CABEACH_WQX-MB-080,beach,SOURCED: EPA BEACH Act location type,beach_act,BEACH Program Site-Ocean,CABEACH_WQX,CA,CABEACH_WQX-MB-080
CABEACH_WQX-MB-085,beach,SOURCED: EPA BEACH Act location type,beach_act,BEACH Program Site-Ocean,CABEACH_WQX,CA,CABEACH_WQX-MB-085
CABEACH_WQX-MB-090,beach,SOURCED: EPA BEACH Act location type,beach_act,BEACH Program Site-Ocean,CABEACH_WQX,CA,CABEACH_WQX-MB-090
CABEACH_WQX-MB-100,beach,SOURCED: EPA BEACH Act location type,beach_act,BEACH Program Site-Ocean,CABEACH_WQX,CA,CABEACH_WQX-MB-100
CABEACH_WQX-MB11,beach,SOURCED: EPA BEACH Act location type,beach_act,BEACH Program Site-Ocean,CABEACH_WQX,CA,CABEACH_WQX-MB11
CABEACH_WQX-MB-115,beach,SOURCED: EPA BEACH Act location type,beach_act,BEACH Program Site-Ocean,CABEACH_WQX,CA,CABEACH_WQX-MB-115
CABEACH_WQX-MB12,beach,SOURCED: EPA BEACH Act location type,beach_act,BEACH Program Site-Ocean,CABEACH_WQX,CA,CABEACH_WQX-MB12
CABEACH_WQX-MB-120,beach,SOURCED: EPA BEACH Act location type,beach_act,BEACH Program Site-Ocean,CABEACH_WQX,CA,CABEACH_WQX-MB-120
CABEACH_WQX-MB13,beach,SOURCED: EPA BEACH Act location type,beach_act,BEACH Program Site-Ocean,CABEACH_WQX,CA,CABEACH_WQX-MB13
CABEACH_WQX-MB-131,beach,SOURCED: EPA BEACH Act location type,beach_act,BEACH Program Site-Ocean,CABEACH_WQX,CA,CABEACH_WQX-MB-131
CABEACH_WQX-MB14,beach,SOURCED: EPA BEACH Act location type,beach_act,BEACH Program Site-Ocean,CABEACH_WQX,CA,CABEACH_WQX-MB14
CABEACH_WQX-MB-140,beach,SOURCED: EPA BEACH Act location type,beach_act,BEACH Program Site-Ocean,CABEACH_WQX,CA,CABEACH_WQX-MB-140
CABEACH_WQX-MB-160,beach,SOURCED: EPA BEACH Act location type,beach_act,BEACH Program Site-Ocean,CABEACH_WQX,CA,CABEACH_WQX-MB-160
CABEACH_WQX-MB-170,beach,SOURCED: EPA BEACH Act location type,beach_act,BEACH Program Site-Ocean,CABEACH_WQX,CA,CABEACH_WQX-MB-170
CABEACH_WQX-MB-173,beach,SOURCED: EPA BEACH Act location type,beach_act,BEACH Program Site-Ocean,CABEACH_WQX,CA,CABEACH_WQX-MB-170
CABEACH_WQX-MB-203,beach,SOURCED: EPA BEACH Act location type,beach_act,BEACH Program Site-Ocean,CABEACH_WQX,CA,CABEACH_WQX-MB-203
CABEACH_WQX-MB-205,beach,SOURCED: EPA BEACH Act location type,beach_act,BEACH Program Site-Ocean,CABEACH_WQX,CA,CABEACH_WQX-MB-205
CABEACH_WQX-MB-223,beach,SOURCED: EPA BEACH Act location type,beach_act,BEACH Program Site-Ocean,CABEACH_WQX,CA,CABEACH_WQX-MB-223
CABEACH_WQX-MB-225,beach,SOURCED: EPA BEACH Act location type,beach_act,BEACH Program Site-Ocean,CABEACH_WQX,CA,CABEACH_WQX-MB-225
CABEACH_WQX-MB-226,beach,SOURCED: EPA BEACH Act location type,beach_act,BEACH Program Site-Ocean,CABEACH_WQX,CA,CABEACH_WQX-MB-226
CABEACH_WQX-MBH,beach,SOURCED: EPA BEACH Act location type,beach_act,BEACH Program Site-Ocean,CABEACH_WQX,CA,CABEACH_WQX-MBH
CABEACH_WQX-McNEARS BEACH,beach,SOURCED: EPA BEACH Act location type,beach_act,BEACH Program Site-Ocean,CABEACH_WQX,CA,CABEACH_WQX-McNEARS BEACH
CABEACH_WQX-MDCD,beach,SOURCED: EPA BEACH Act location type,beach_act,BEACH Program Site-Ocean,CABEACH_WQX,CA,CABEACH_WQX-MDCD
CABEACH_WQX-MDCU,beach,SOURCED: EPA BEACH Act location type,beach_act,BEACH Program Site-Ocean,CABEACH_WQX,CA,CABEACH_WQX-MDCU
CABEACH_WQX-MDP10,beach,SOURCED: EPA BEACH Act location type,beach_act,BEACH Program Site-Ocean,CABEACH_WQX,CA,CABEACH_WQX-MDP10
CABEACH_WQX-MDP11,beach,SOURCED: EPA BEACH Act location type,beach_act,BEACH Program Site-Ocean,CABEACH_WQX,CA,CABEACH_WQX-BDP08
CABEACH_WQX-MDP18,beach,SOURCED: EPA BEACH Act location type,beach_act,BEACH Program Site-Ocean,CABEACH_WQX,CA,CABEACH_WQX-MDP18
CABEACH_WQX-MDRH-1,beach,SOURCED: EPA BEACH Act location type,beach_act,BEACH Program Site-Ocean,CABEACH_WQX,CA,CABEACH_WQX-MDRH-1
CABEACH_WQX-MDRH-2,beach,SOURCED: EPA BEACH Act location type,beach_act,BEACH Program Site-Ocean,CABEACH_WQX,CA,CABEACH_WQX-MDRH-1
CABEACH_WQX-MDRH-3,beach,SOURCED: EPA BEACH Act location type,beach_act,BEACH Program Site-Ocean,CABEACH_WQX,CA,CABEACH_WQX-MDRH-3
CABEACH_WQX-MHH01,beach,SOURCED: EPA BEACH Act location type,beach_act,BEACH Program Site-Ocean,CABEACH_WQX,CA,CABEACH_WQX-MHH01
CABEACH_WQX-MHH07,beach,SOURCED: EPA BEACH Act location type,beach_act,BEACH Program Site-Ocean,CABEACH_WQX,CA,CABEACH_WQX-MHH07
CABEACH_WQX-MHH10,beach,SOURCED: EPA BEACH Act location type,beach_act,BEACH Program Site-Ocean,CABEACH_WQX,CA,CABEACH_WQX-MHH10
CABEACH_WQX-MHH14,beach,SOURCED: EPA BEACH Act location type,beach_act,BEACH Program Site-Ocean,CABEACH_WQX,CA,CABEACH_WQX-MHH14
CABEACH_WQX-Mill Creek/Trinidad,beach,SOURCED: EPA BEACH Act location type,beach_act,BEACH Program Site-Ocean,CABEACH_WQX,CA,CABEACH_WQX-Mill Creek/Trinidad
CABEACH_WQX-MILLER PARK,beach,SOURCED: EPA BEACH Act location type,beach_act,BEACH Program Site-Ocean,CABEACH_WQX,CA,CABEACH_WQX-MILLER PARK
CABEACH_WQX-MILLERTON POINT,beach,SOURCED: EPA BEACH Act location type,beach_act,BEACH Program Site-Ocean,CABEACH_WQX,CA,CABEACH_WQX-MILLERTON POINT
CABEACH_WQX-Montara State Beach,beach,SOURCED: EPA BEACH Act location type,beach_act,BEACH Program Site-Ocean,CABEACH_WQX,CA,CABEACH_WQX-Montara State Beach
CABEACH_WQX-Moonstone Beach,beach,SOURCED: EPA BEACH Act location type,beach_act,BEACH Program Site-Ocean,CABEACH_WQX,CA,CABEACH_WQX-Moonstone Beach
CABEACH_WQX-MSB,beach,SOURCED: EPA BEACH Act location type,beach_act,BEACH Program Site-Ocean,CABEACH_WQX,CA,CABEACH_WQX-MSB
CABEACH_WQX-MSL,beach,SOURCED: EPA BEACH Act location type,beach_act,BEACH Program Site-Ocean,CABEACH_WQX,CA,CABEACH_WQX-MSL
CABEACH_WQX-MUIR BEACH - CENTRAL,beach,SOURCED: EPA BEACH Act location type,beach_act,BEACH Program Site-Ocean,CABEACH_WQX,CA,CABEACH_WQX-MUIR BEACH - CENTRAL
CABEACH_WQX-MUIR BEACH - NORTH,beach,SOURCED: EPA BEACH Act location type,beach_act,BEACH Program Site-Ocean,CABEACH_WQX,CA,CABEACH_WQX-MUIR BEACH - CENTRAL
CABEACH_WQX-MUIR BEACH - SOUTH,beach,SOURCED: EPA BEACH Act location type,beach_act,BEACH Program Site-Ocean,CABEACH_WQX,CA,CABEACH_WQX-MUIR BEACH - SOUTH
CABEACH_WQX-North Mad River Mouth,beach,SOURCED: EPA BEACH Act location type,beach_act,BEACH Program Site-Ocean,CABEACH_WQX,CA,CABEACH_WQX-North Mad River Mouth
CABEACH_WQX-North Roosevelt Creek,beach,SOURCED: EPA BEACH Act location type,beach_act,BEACH Program Site-Ocean,CABEACH_WQX,CA,CABEACH_WQX-North Roosevelt Creek
CABEACH_WQX-O010,beach,SOURCED: EPA BEACH Act location type,beach_act,BEACH Program Site-Ocean,CABEACH_WQX,CA,CABEACH_WQX-O010
CABEACH_WQX-O060,beach,SOURCED: EPA BEACH Act location type,beach_act,BEACH Program Site-Ocean,CABEACH_WQX,CA,CABEACH_WQX-O060
CABEACH_WQX-O080,beach,SOURCED: EPA BEACH Act location type,beach_act,BEACH Program Site-Ocean,CABEACH_WQX,CA,CABEACH_WQX-O080
CABEACH_WQX-O099,beach,SOURCED: EPA BEACH Act location type,beach_act,BEACH Program Site-Ocean,CABEACH_WQX,CA,CABEACH_WQX-O099
CABEACH_WQX-O100,beach,SOURCED: EPA BEACH Act location type,beach_act,BEACH Program Site-Ocean,CABEACH_WQX,CA,CABEACH_WQX-O100
CABEACH_WQX-O110,beach,SOURCED: EPA BEACH Act location type,beach_act,BEACH Program Site-Ocean,CABEACH_WQX,CA,CABEACH_WQX-O110
CABEACH_WQX-O140,beach,SOURCED: EPA BEACH Act location type,beach_act,BEACH Program Site-Ocean,CABEACH_WQX,CA,CABEACH_WQX-O140
CABEACH_WQX-O170,beach,SOURCED: EPA BEACH Act location type,beach_act,BEACH Program Site-Ocean,CABEACH_WQX,CA,CABEACH_WQX-O170
CABEACH_WQX-O235,beach,SOURCED: EPA BEACH Act location type,beach_act,BEACH Program Site-Ocean,CABEACH_WQX,CA,CABEACH_WQX-O235
CABEACH_WQX-O240,beach,SOURCED: EPA BEACH Act location type,beach_act,BEACH Program Site-Ocean,CABEACH_WQX,CA,CABEACH_WQX-O235
CABEACH_WQX-O320,beach,SOURCED: EPA BEACH Act location type,beach_act,BEACH Program Site-Ocean,CABEACH_WQX,CA,CABEACH_WQX-O320
CABEACH_WQX-O340,beach,SOURCED: EPA BEACH Act location type,beach_act,BEACH Program Site-Ocean,CABEACH_WQX,CA,CABEACH_WQX-O340
CABEACH_WQX-O370,beach,SOURCED: EPA BEACH Act location type,beach_act,BEACH Program Site-Ocean,CABEACH_WQX,CA,CABEACH_WQX-O370
CABEACH_WQX-O380,beach,SOURCED: EPA BEACH Act location type,beach_act,BEACH Program Site-Ocean,CABEACH_WQX,CA,CABEACH_WQX-O380
CABEACH_WQX-O410,beach,SOURCED: EPA BEACH Act location type,beach_act,BEACH Program Site-Ocean,CABEACH_WQX,CA,CABEACH_WQX-O410
CABEACH_WQX-O440,beach,SOURCED: EPA BEACH Act location type,beach_act,BEACH Program Site-Ocean,CABEACH_WQX,CA,CABEACH_WQX-O440
CABEACH_WQX-O450,beach,SOURCED: EPA BEACH Act location type,beach_act,BEACH Program Site-Ocean,CABEACH_WQX,CA,CABEACH_WQX-O450
CABEACH_WQX-O460,beach,SOURCED: EPA BEACH Act location type,beach_act,BEACH Program Site-Ocean,CABEACH_WQX,CA,CABEACH_WQX-Cowell
CABEACH_WQX-O478,beach,SOURCED: EPA BEACH Act location type,beach_act,BEACH Program Site-Ocean,CABEACH_WQX,CA,CABEACH_WQX-Cowell
CABEACH_WQX-O488,beach,SOURCED: EPA BEACH Act location type,beach_act,BEACH Program Site-Ocean,CABEACH_WQX,CA,CABEACH_WQX-Cowell
CABEACH_WQX-O490,beach,SOURCED: EPA BEACH Act location type,beach_act,BEACH Program Site-Ocean,CABEACH_WQX,CA,CABEACH_WQX-Cowell
CABEACH_WQX-O494,beach,SOURCED: EPA BEACH Act location type,beach_act,BEACH Program Site-Ocean,CABEACH_WQX,CA,CABEACH_WQX-O494
CABEACH_WQX-O510,beach,SOURCED: EPA BEACH Act location type,beach_act,BEACH Program Site-Ocean,CABEACH_WQX,CA,CABEACH_WQX-O510
CABEACH_WQX-O520,beach,SOURCED: EPA BEACH Act location type,beach_act,BEACH Program Site-Ocean,CABEACH_WQX,CA,CABEACH_WQX-O520
CABEACH_WQX-O530,beach,SOURCED: EPA BEACH Act location type,beach_act,BEACH Program Site-Ocean,CABEACH_WQX,CA,CABEACH_WQX-O530
CABEACH_WQX-O560,beach,SOURCED: EPA BEACH Act location type,beach_act,BEACH Program Site-Ocean,CABEACH_WQX,CA,CABEACH_WQX-O560
CABEACH_WQX-O580,beach,SOURCED: EPA BEACH Act location type,beach_act,BEACH Program Site-Ocean,CABEACH_WQX,CA,CABEACH_WQX-O580
CABEACH_WQX-O590,beach,SOURCED: EPA BEACH Act location type,beach_act,BEACH Program Site-Ocean,CABEACH_WQX,CA,CABEACH_WQX-O590
CABEACH_WQX-OC-010,beach,SOURCED: EPA BEACH Act location type,beach_act,BEACH Program Site-Ocean,CABEACH_WQX,CA,CABEACH_WQX-OC-010
CABEACH_WQX-OC-020,beach,SOURCED: EPA BEACH Act location type,beach_act,BEACH Program Site-Ocean,CABEACH_WQX,CA,CABEACH_WQX-OC-020
CABEACH_WQX-OC-022,beach,SOURCED: EPA BEACH Act location type,beach_act,BEACH Program Site-Ocean,CABEACH_WQX,CA,CABEACH_WQX-OC-022
CABEACH_WQX-OC-030,beach,SOURCED: EPA BEACH Act location type,beach_act,BEACH Program Site-Ocean,CABEACH_WQX,CA,CABEACH_WQX-OC-030
CABEACH_WQX-OC-040,beach,SOURCED: EPA BEACH Act location type,beach_act,BEACH Program Site-Ocean,CABEACH_WQX,CA,CABEACH_WQX-OC-040
CABEACH_WQX-OC-050,beach,SOURCED: EPA BEACH Act location type,beach_act,BEACH Program Site-Ocean,CABEACH_WQX,CA,CABEACH_WQX-OC-050
CABEACH_WQX-OC-080,beach,SOURCED: EPA BEACH Act location type,beach_act,BEACH Program Site-Ocean,CABEACH_WQX,CA,CABEACH_WQX-OC-080
CABEACH_WQX-OC-090,beach,SOURCED: EPA BEACH Act location type,beach_act,BEACH Program Site-Ocean,CABEACH_WQX,CA,CABEACH_WQX-OC-090
CABEACH_WQX-OC-100,beach,SOURCED: EPA BEACH Act location type,beach_act,BEACH Program Site-Ocean,CABEACH_WQX,CA,CABEACH_WQX-OC-100
CABEACH_WQX-OC-110,beach,SOURCED: EPA BEACH Act location type,beach_act,BEACH Program Site-Ocean,CABEACH_WQX,CA,CABEACH_WQX-OC-110
CABEACH_WQX-OCB11,beach,SOURCED: EPA BEACH Act location type,beach_act,BEACH Program Site-Ocean,CABEACH_WQX,CA,CABEACH_WQX-OCB11
CABEACH_WQX-OCB12,beach,SOURCED: EPA BEACH Act location type,beach_act,BEACH Program Site-Ocean,CABEACH_WQX,CA,CABEACH_WQX-OCB12
CABEACH_WQX-OCB13,beach,SOURCED: EPA BEACH Act location type,beach_act,BEACH Program Site-Ocean,CABEACH_WQX,CA,CABEACH_WQX-OCB13
CABEACH_WQX-OCEAN#15EAST_SL,beach,SOURCED: EPA BEACH Act location type,beach_act,BEACH Program Site-Ocean,CABEACH_WQX,CA,CABEACH_WQX-OCEAN#15EAST_SL
CABEACH_WQX-OCEAN#15_SL,beach,SOURCED: EPA BEACH Act location type,beach_act,BEACH Program Site-Ocean,CABEACH_WQX,CA,CABEACH_WQX-OCEAN#15EAST_SL
CABEACH_WQX-OCEAN#16_SL,beach,SOURCED: EPA BEACH Act location type,beach_act,BEACH Program Site-Ocean,CABEACH_WQX,CA,CABEACH_WQX-OCEAN#16_SL
CABEACH_WQX-OCEAN#17_SL,beach,SOURCED: EPA BEACH Act location type,beach_act,BEACH Program Site-Ocean,CABEACH_WQX,CA,CABEACH_WQX-OCEAN#17_SL
CABEACH_WQX-OCEAN#18_SL,beach,SOURCED: EPA BEACH Act location type,beach_act,BEACH Program Site-Ocean,CABEACH_WQX,CA,CABEACH_WQX-OCEAN#18_SL
CABEACH_WQX-OCEAN#19_SL,beach,SOURCED: EPA BEACH Act location type,beach_act,BEACH Program Site-Ocean,CABEACH_WQX,CA,CABEACH_WQX-OCEAN#19_SL
CABEACH_WQX-OCEAN#20_SL,beach,SOURCED: EPA BEACH Act location type,beach_act,BEACH Program Site-Ocean,CABEACH_WQX,CA,CABEACH_WQX-OCEAN#20_SL
CABEACH_WQX-OCEAN#21.1_SL,beach,SOURCED: EPA BEACH Act location type,beach_act,BEACH Program Site-Ocean,CABEACH_WQX,CA,CABEACH_WQX-OCEAN#21.1_SL
CABEACH_WQX-OCEAN#21_SL,beach,SOURCED: EPA BEACH Act location type,beach_act,BEACH Program Site-Ocean,CABEACH_WQX,CA,CABEACH_WQX-OCEAN#21_SL
CABEACH_WQX-OCEAN#22_SL,beach,SOURCED: EPA BEACH Act location type,beach_act,BEACH Program Site-Ocean,CABEACH_WQX,CA,CABEACH_WQX-OCEAN#22_SL
CABEACH_WQX-OLB05,beach,SOURCED: EPA BEACH Act location type,beach_act,BEACH Program Site-Ocean,CABEACH_WQX,CA,CABEACH_WQX-OLB05
CABEACH_WQX-OLDE12,beach,SOURCED: EPA BEACH Act location type,beach_act,BEACH Program Site-Ocean,CABEACH_WQX,CA,CABEACH_WQX-OLDE12
CABEACH_WQX-ONB39,beach,SOURCED: EPA BEACH Act location type,beach_act,BEACH Program Site-Ocean,CABEACH_WQX,CA,CABEACH_WQX-ONB39
CABEACH_WQX-OSB01,beach,SOURCED: EPA BEACH Act location type,beach_act,BEACH Program Site-Ocean,CABEACH_WQX,CA,CABEACH_WQX-OSB01
CABEACH_WQX-OSB02,beach,SOURCED: EPA BEACH Act location type,beach_act,BEACH Program Site-Ocean,CABEACH_WQX,CA,CABEACH_WQX-OSB02
CABEACH_WQX-OSB03,beach,SOURCED: EPA BEACH Act location type,beach_act,BEACH Program Site-Ocean,CABEACH_WQX,CA,CABEACH_WQX-OSB03
CABEACH_WQX-OSB04,beach,SOURCED: EPA BEACH Act location type,beach_act,BEACH Program Site-Ocean,CABEACH_WQX,CA,CABEACH_WQX-OSB04
CABEACH_WQX-OSB05,beach,SOURCED: EPA BEACH Act location type,beach_act,BEACH Program Site-Ocean,CABEACH_WQX,CA,CABEACH_WQX-OSB05
CABEACH_WQX-OSL25,beach,SOURCED: EPA BEACH Act location type,beach_act,BEACH Program Site-Ocean,CABEACH_WQX,CA,CABEACH_WQX-OSL25
CABEACH_WQX-OSUB1,beach,SOURCED: EPA BEACH Act location type,beach_act,BEACH Program Site-Ocean,CABEACH_WQX,CA,CABEACH_WQX-OSUB1
CABEACH_WQX-Oyster Point Marina,beach,SOURCED: EPA BEACH Act location type,beach_act,BEACH Program Site-Ocean,CABEACH_WQX,CA,CABEACH_WQX-Oyster Point Marina
CABEACH_WQX-PARADISE COVE,beach,SOURCED: EPA BEACH Act location type,beach_act,BEACH Program Site-Ocean,CABEACH_WQX,CA,CABEACH_WQX-PARADISE COVE
CABEACH_WQX-PB3,beach,SOURCED: EPA BEACH Act location type,beach_act,BEACH Program Site-Ocean,CABEACH_WQX,CA,CABEACH_WQX-PB3
CABEACH_WQX-PB4,beach,SOURCED: EPA BEACH Act location type,beach_act,BEACH Program Site-Ocean,CABEACH_WQX,CA,CABEACH_WQX-PB4
CABEACH_WQX-PB5,beach,SOURCED: EPA BEACH Act location type,beach_act,BEACH Program Site-Ocean,CABEACH_WQX,CA,CABEACH_WQX-PB5
CABEACH_WQX-PEARLD,beach,SOURCED: EPA BEACH Act location type,beach_act,BEACH Program Site-Ocean,CABEACH_WQX,CA,CABEACH_WQX-BLUBRDD
CABEACH_WQX-PEARLU,beach,SOURCED: EPA BEACH Act location type,beach_act,BEACH Program Site-Ocean,CABEACH_WQX,CA,CABEACH_WQX-BLUBRDD
CABEACH_WQX-PEARLZ,beach,SOURCED: EPA BEACH Act location type,beach_act,BEACH Program Site-Ocean,CABEACH_WQX,CA,CABEACH_WQX-BLUBRDD
CABEACH_WQX-Pescadero Creek,beach,SOURCED: EPA BEACH Act location type,beach_act,BEACH Program Site-Ocean,CABEACH_WQX,CA,CABEACH_WQX-Pescadero Creek
CABEACH_WQX-Pescadero State Beach,beach,SOURCED: EPA BEACH Act location type,beach_act,BEACH Program Site-Ocean,CABEACH_WQX,CA,CABEACH_WQX-Pescadero State Beach
CABEACH_WQX-PFB,beach,SOURCED: EPA BEACH Act location type,beach_act,BEACH Program Site-Ocean,CABEACH_WQX,CA,CABEACH_WQX-PFB
CABEACH_WQX-PICO23,beach,SOURCED: EPA BEACH Act location type,beach_act,BEACH Program Site-Ocean,CABEACH_WQX,CA,CABEACH_WQX-PICO23
CABEACH_WQX-PICOD,beach,SOURCED: EPA BEACH Act location type,beach_act,BEACH Program Site-Ocean,CABEACH_WQX,CA,CABEACH_WQX-PICOD
CABEACH_WQX-PICOZ,beach,SOURCED: EPA BEACH Act location type,beach_act,BEACH Program Site-Ocean,CABEACH_WQX,CA,CABEACH_WQX-PICOD
CABEACH_WQX-PIERD,beach,SOURCED: EPA BEACH Act location type,beach_act,BEACH Program Site-Ocean,CABEACH_WQX,CA,CABEACH_WQX-PIERD
CABEACH_WQX-PIERU,beach,SOURCED: EPA BEACH Act location type,beach_act,BEACH Program Site-Ocean,CABEACH_WQX,CA,CABEACH_WQX-PIERD
CABEACH_WQX-PIERZ,beach,SOURCED: EPA BEACH Act location type,beach_act,BEACH Program Site-Ocean,CABEACH_WQX,CA,CABEACH_WQX-PIERD
CABEACH_WQX-Pilarcitos Creek,beach,SOURCED: EPA BEACH Act location type,beach_act,BEACH Program Site-Ocean,CABEACH_WQX,CA,CABEACH_WQX-Francis State Beach
CABEACH_WQX-Pillar Point #5,beach,SOURCED: EPA BEACH Act location type,beach_act,BEACH Program Site-Ocean,CABEACH_WQX,CA,CABEACH_WQX-Pillar Point #5
CABEACH_WQX-Pillar Point #7,beach,SOURCED: EPA BEACH Act location type,beach_act,BEACH Program Site-Ocean,CABEACH_WQX,CA,CABEACH_WQX-Pillar Point #7
CABEACH_WQX-Pillar Point #8,beach,SOURCED: EPA BEACH Act location type,beach_act,BEACH Program Site-Ocean,CABEACH_WQX,CA,CABEACH_WQX-Pillar Point #8
CABEACH_WQX-Pillar Point #9,beach,SOURCED: EPA BEACH Act location type,beach_act,BEACH Program Site-Ocean,CABEACH_WQX,CA,CABEACH_WQX-Pillar Point #9
CABEACH_WQX-PL-040,beach,SOURCED: EPA BEACH Act location type,beach_act,BEACH Program Site-Ocean,CABEACH_WQX,CA,CABEACH_WQX-PL-040
CABEACH_WQX-PL-050,beach,SOURCED: EPA BEACH Act location type,beach_act,BEACH Program Site-Ocean,CABEACH_WQX,CA,CABEACH_WQX-PL-050
CABEACH_WQX-PL-070,beach,SOURCED: EPA BEACH Act location type,beach_act,BEACH Program Site-Ocean,CABEACH_WQX,CA,CABEACH_WQX-PL-070
CABEACH_WQX-PL-080,beach,SOURCED: EPA BEACH Act location type,beach_act,BEACH Program Site-Ocean,CABEACH_WQX,CA,CABEACH_WQX-PL-080
CABEACH_WQX-PL-082,beach,SOURCED: EPA BEACH Act location type,beach_act,BEACH Program Site-Ocean,CABEACH_WQX,CA,CABEACH_WQX-PL-082
CABEACH_WQX-PL-090,beach,SOURCED: EPA BEACH Act location type,beach_act,BEACH Program Site-Ocean,CABEACH_WQX,CA,CABEACH_WQX-PL-090
CABEACH_WQX-PL-100,beach,SOURCED: EPA BEACH Act location type,beach_act,BEACH Program Site-Ocean,CABEACH_WQX,CA,CABEACH_WQX-PL-100
CABEACH_WQX-PL-110,beach,SOURCED: EPA BEACH Act location type,beach_act,BEACH Program Site-Ocean,CABEACH_WQX,CA,CABEACH_WQX-PL-110
CABEACH_WQX-PL-120,beach,SOURCED: EPA BEACH Act location type,beach_act,BEACH Program Site-Ocean,CABEACH_WQX,CA,CABEACH_WQX-PL-120
CABEACH_WQX-POCHED,beach,SOURCED: EPA BEACH Act location type,beach_act,BEACH Program Site-Ocean,CABEACH_WQX,CA,CABEACH_WQX-POCHED
CABEACH_WQX-POCHEU,beach,SOURCED: EPA BEACH Act location type,beach_act,BEACH Program Site-Ocean,CABEACH_WQX,CA,CABEACH_WQX-POCHED
CABEACH_WQX-POCHEZ,beach,SOURCED: EPA BEACH Act location type,beach_act,BEACH Program Site-Ocean,CABEACH_WQX,CA,CABEACH_WQX-POCHED
CABEACH_WQX-Pomponio Creek,beach,SOURCED: EPA BEACH Act location type,beach_act,BEACH Program Site-Ocean,CABEACH_WQX,CA,CABEACH_WQX-Pomponio Creek
CABEACH_WQX-Pomponio State Beach,beach,SOURCED: EPA BEACH Act location type,beach_act,BEACH Program Site-Ocean,CABEACH_WQX,CA,CABEACH_WQX-Pomponio State Beach
CABEACH_WQX-PPCD,beach,SOURCED: EPA BEACH Act location type,beach_act,BEACH Program Site-Ocean,CABEACH_WQX,CA,CABEACH_WQX-MDCU
CABEACH_WQX-PPCU,beach,SOURCED: EPA BEACH Act location type,beach_act,BEACH Program Site-Ocean,CABEACH_WQX,CA,CABEACH_WQX-PPCU
CABEACH_WQX-Pudding Creek,beach,SOURCED: EPA BEACH Act location type,beach_act,BEACH Program Site-Ocean,CABEACH_WQX,CA,CABEACH_WQX-Pudding Creek
CABEACH_WQX-RIVERAZ,beach,SOURCED: EPA BEACH Act location type,beach_act,BEACH Program Site-Ocean,CABEACH_WQX,CA,CABEACH_WQX-RIVERAZ
CABEACH_WQX-Rockaway Beach,beach,SOURCED: EPA BEACH Act location type,beach_act,BEACH Program Site-Ocean,CABEACH_WQX,CA,CABEACH_WQX-Calera Creek
CABEACH_WQX-RODEO BEACH - CENTRAL,beach,SOURCED: EPA BEACH Act location type,beach_act,BEACH Program Site-Ocean,CABEACH_WQX,CA,CABEACH_WQX-RODEO BEACH - CENTRAL
CABEACH_WQX-RODEO BEACH - NORTH,beach,SOURCED: EPA BEACH Act location type,beach_act,BEACH Program Site-Ocean,CABEACH_WQX,CA,CABEACH_WQX-RODEO BEACH - NORTH
CABEACH_WQX-RODEO BEACH - SOUTH,beach,SOURCED: EPA BEACH Act location type,beach_act,BEACH Program Site-Ocean,CABEACH_WQX,CA,CABEACH_WQX-RODEO BEACH - SOUTH
CABEACH_WQX-Roosevelt State Beach,beach,SOURCED: EPA BEACH Act location type,beach_act,BEACH Program Site-Ocean,CABEACH_WQX,CA,CABEACH_WQX-North Roosevelt Creek
CABEACH_WQX-S-0,beach,SOURCED: EPA BEACH Act location type,beach_act,BEACH Program Site-Ocean,CABEACH_WQX,CA,CABEACH_WQX-S-0
CABEACH_WQX-S1,beach,SOURCED: EPA BEACH Act location type,beach_act,BEACH Program Site-Ocean,CABEACH_WQX,CA,CABEACH_WQX-S1
CABEACH_WQX-S-1,beach,SOURCED: EPA BEACH Act location type,beach_act,BEACH Program Site-Ocean,CABEACH_WQX,CA,CABEACH_WQX-S-1
CABEACH_WQX-S10,beach,SOURCED: EPA BEACH Act location type,beach_act,BEACH Program Site-Ocean,CABEACH_WQX,CA,CABEACH_WQX-S10
CABEACH_WQX-S11,beach,SOURCED: EPA BEACH Act location type,beach_act,BEACH Program Site-Ocean,CABEACH_WQX,CA,CABEACH_WQX-S11
CABEACH_WQX-S-11,beach,SOURCED: EPA BEACH Act location type,beach_act,BEACH Program Site-Ocean,CABEACH_WQX,CA,CABEACH_WQX-S-11
CABEACH_WQX-S12,beach,SOURCED: EPA BEACH Act location type,beach_act,BEACH Program Site-Ocean,CABEACH_WQX,CA,CABEACH_WQX-S12
CABEACH_WQX-S-13,beach,SOURCED: EPA BEACH Act location type,beach_act,BEACH Program Site-Ocean,CABEACH_WQX,CA,CABEACH_WQX-S-13
CABEACH_WQX-S-15,beach,SOURCED: EPA BEACH Act location type,beach_act,BEACH Program Site-Ocean,CABEACH_WQX,CA,CABEACH_WQX-POCHED
CABEACH_WQX-S-17,beach,SOURCED: EPA BEACH Act location type,beach_act,BEACH Program Site-Ocean,CABEACH_WQX,CA,CABEACH_WQX-PICOD
CABEACH_WQX-S-19,beach,SOURCED: EPA BEACH Act location type,beach_act,BEACH Program Site-Ocean,CABEACH_WQX,CA,CABEACH_WQX-S-19
CABEACH_WQX-S2,beach,SOURCED: EPA BEACH Act location type,beach_act,BEACH Program Site-Ocean,CABEACH_WQX,CA,CABEACH_WQX-S2
CABEACH_WQX-S-2,beach,SOURCED: EPA BEACH Act location type,beach_act,BEACH Program Site-Ocean,CABEACH_WQX,CA,CABEACH_WQX-S-0
CABEACH_WQX-S-21,beach,SOURCED: EPA BEACH Act location type,beach_act,BEACH Program Site-Ocean,CABEACH_WQX,CA,CABEACH_WQX-S-21
CABEACH_WQX-S-23,beach,SOURCED: EPA BEACH Act location type,beach_act,BEACH Program Site-Ocean,CABEACH_WQX,CA,CABEACH_WQX-S-23
CABEACH_WQX-S3,beach,SOURCED: EPA BEACH Act location type,beach_act,BEACH Program Site-Ocean,CABEACH_WQX,CA,CABEACH_WQX-S3
CABEACH_WQX-S-3,beach,SOURCED: EPA BEACH Act location type,beach_act,BEACH Program Site-Ocean,CABEACH_WQX,CA,CABEACH_WQX-DSB4Z
CABEACH_WQX-S4,beach,SOURCED: EPA BEACH Act location type,beach_act,BEACH Program Site-Ocean,CABEACH_WQX,CA,CABEACH_WQX-S4
CABEACH_WQX-S5,beach,SOURCED: EPA BEACH Act location type,beach_act,BEACH Program Site-Ocean,CABEACH_WQX,CA,CABEACH_WQX-S5
CABEACH_WQX-S-5,beach,SOURCED: EPA BEACH Act location type,beach_act,BEACH Program Site-Ocean,CABEACH_WQX,CA,CABEACH_WQX-S-5
CABEACH_WQX-S6,beach,SOURCED: EPA BEACH Act location type,beach_act,BEACH Program Site-Ocean,CABEACH_WQX,CA,CABEACH_WQX-S6
CABEACH_WQX-S-6,beach,SOURCED: EPA BEACH Act location type,beach_act,BEACH Program Site-Ocean,CABEACH_WQX,CA,CABEACH_WQX-S-6
CABEACH_WQX-S7,beach,SOURCED: EPA BEACH Act location type,beach_act,BEACH Program Site-Ocean,CABEACH_WQX,CA,CABEACH_WQX-S6
CABEACH_WQX-S8,beach,SOURCED: EPA BEACH Act location type,beach_act,BEACH Program Site-Ocean,CABEACH_WQX,CA,CABEACH_WQX-S8
CABEACH_WQX-S9,beach,SOURCED: EPA BEACH Act location type,beach_act,BEACH Program Site-Ocean,CABEACH_WQX,CA,CABEACH_WQX-ACM1D
CABEACH_WQX-S-9,beach,SOURCED: EPA BEACH Act location type,beach_act,BEACH Program Site-Ocean,CABEACH_WQX,CA,CABEACH_WQX-S-9
CABEACH_WQX-Salmon Creek,beach,SOURCED: EPA BEACH Act location type,beach_act,BEACH Program Site-Ocean,CABEACH_WQX,CA,CABEACH_WQX-Salmon Creek
CABEACH_WQX-San Gregorio Creek,beach,SOURCED: EPA BEACH Act location type,beach_act,BEACH Program Site-Ocean,CABEACH_WQX,CA,CABEACH_WQX-San Gregorio Creek
CABEACH_WQX-San Gregorio State Beach,beach,SOURCED: EPA BEACH Act location type,beach_act,BEACH Program Site-Ocean,CABEACH_WQX,CA,CABEACH_WQX-San Gregorio State Beach
CABEACH_WQX-San Pedro Creek,beach,SOURCED: EPA BEACH Act location type,beach_act,BEACH Program Site-Ocean,CABEACH_WQX,CA,CABEACH_WQX-Linda Mar Beach #5
CABEACH_WQX-San Vicente Creek,beach,SOURCED: EPA BEACH Act location type,beach_act,BEACH Program Site-Ocean,CABEACH_WQX,CA,CABEACH_WQX-Fitzgerald Marine (Moss Beach)
CABEACH_WQX-SAR-N,beach,SOURCED: EPA BEACH Act location type,beach_act,BEACH Program Site-Ocean,CABEACH_WQX,CA,CABEACH_WQX-0
CABEACH_WQX-SCB,beach,SOURCED: EPA BEACH Act location type,beach_act,BEACH Program Site-Ocean,CABEACH_WQX,CA,CABEACH_WQX-SCB
CABEACH_WQX-SCHOONMAKER BEACH,beach,SOURCED: EPA BEACH Act location type,beach_act,BEACH Program Site-Ocean,CABEACH_WQX,CA,CABEACH_WQX-SCHOONMAKER BEACH
CABEACH_WQX-SCM1D,beach,SOURCED: EPA BEACH Act location type,beach_act,BEACH Program Site-Ocean,CABEACH_WQX,CA,CABEACH_WQX-SCM1D
CABEACH_WQX-SCM1U,beach,SOURCED: EPA BEACH Act location type,beach_act,BEACH Program Site-Ocean,CABEACH_WQX,CA,CABEACH_WQX-SCM1D
CABEACH_WQX-SCM1Z,beach,SOURCED: EPA BEACH Act location type,beach_act,BEACH Program Site-Ocean,CABEACH_WQX,CA,CABEACH_WQX-SCM1D
CABEACH_WQX-SDA,beach,SOURCED: EPA BEACH Act location type,beach_act,BEACH Program Site-Ocean,CABEACH_WQX,CA,CABEACH_WQX-SDA
CABEACH_WQX-SE-010,beach,SOURCED: EPA BEACH Act location type,beach_act,BEACH Program Site-Ocean,CABEACH_WQX,CA,CABEACH_WQX-SE-010
CABEACH_WQX-SE-020,beach,SOURCED: EPA BEACH Act location type,beach_act,BEACH Program Site-Ocean,CABEACH_WQX,CA,CABEACH_WQX-SE-020
CABEACH_WQX-SE-030,beach,SOURCED: EPA BEACH Act location type,beach_act,BEACH Program Site-Ocean,CABEACH_WQX,CA,CABEACH_WQX-SE-030
CABEACH_WQX-SE-040,beach,SOURCED: EPA BEACH Act location type,beach_act,BEACH Program Site-Ocean,CABEACH_WQX,CA,CABEACH_WQX-SE-040
CABEACH_WQX-SE-050,beach,SOURCED: EPA BEACH Act location type,beach_act,BEACH Program Site-Ocean,CABEACH_WQX,CA,CABEACH_WQX-SE-050
CABEACH_WQX-SE-060,beach,SOURCED: EPA BEACH Act location type,beach_act,BEACH Program Site-Ocean,CABEACH_WQX,CA,CABEACH_WQX-SE-060
CABEACH_WQX-SE-070,beach,SOURCED: EPA BEACH Act location type,beach_act,BEACH Program Site-Ocean,CABEACH_WQX,CA,CABEACH_WQX-SE-070
CABEACH_WQX-SEW7,beach,SOURCED: EPA BEACH Act location type,beach_act,BEACH Program Site-Ocean,CABEACH_WQX,CA,CABEACH_WQX-SEW7
CABEACH_WQX-Sharp Park Beach #3,beach,SOURCED: EPA BEACH Act location type,beach_act,BEACH Program Site-Ocean,CABEACH_WQX,CA,CABEACH_WQX-Sharp Park Beach #3
CABEACH_WQX-Sharp Park Beach #6,beach,SOURCED: EPA BEACH Act location type,beach_act,BEACH Program Site-Ocean,CABEACH_WQX,CA,CABEACH_WQX-Sharp Park Beach #6
CABEACH_WQX-SHELL BEACH,beach,SOURCED: EPA BEACH Act location type,beach_act,BEACH Program Site-Ocean,CABEACH_WQX,CA,CABEACH_WQX-SHELL BEACH
CABEACH_WQX-SI-010,beach,SOURCED: EPA BEACH Act location type,beach_act,BEACH Program Site-Ocean,CABEACH_WQX,CA,CABEACH_WQX-EH-340
CABEACH_WQX-SI-020,beach,SOURCED: EPA BEACH Act location type,beach_act,BEACH Program Site-Ocean,CABEACH_WQX,CA,CABEACH_WQX-SI-020
CABEACH_WQX-SI-030,beach,SOURCED: EPA BEACH Act location type,beach_act,BEACH Program Site-Ocean,CABEACH_WQX,CA,CABEACH_WQX-SI-030
CABEACH_WQX-SJC1D,beach,SOURCED: EPA BEACH Act location type,beach_act,BEACH Program Site-Ocean,CABEACH_WQX,CA,CABEACH_WQX-S-0
CABEACH_WQX-SJC1U,beach,SOURCED: EPA BEACH Act location type,beach_act,BEACH Program Site-Ocean,CABEACH_WQX,CA,CABEACH_WQX-S-0
CABEACH_WQX-SJC1Z,beach,SOURCED: EPA BEACH Act location type,beach_act,BEACH Program Site-Ocean,CABEACH_WQX,CA,CABEACH_WQX-S-0
CABEACH_WQX-SLINDALZ,beach,SOURCED: EPA BEACH Act location type,beach_act,BEACH Program Site-Ocean,CABEACH_WQX,CA,CABEACH_WQX-LINDALD
CABEACH_WQX-SMB-1-10,beach,SOURCED: EPA BEACH Act location type,beach_act,BEACH Program Site-Ocean,CABEACH_WQX,CA,CABEACH_WQX-SMB-1-10
CABEACH_WQX-SMB-1-12,beach,SOURCED: EPA BEACH Act location type,beach_act,BEACH Program Site-Ocean,CABEACH_WQX,CA,CABEACH_WQX-SMB-1-12
CABEACH_WQX-SMB-1-13,beach,SOURCED: EPA BEACH Act location type,beach_act,BEACH Program Site-Ocean,CABEACH_WQX,CA,CABEACH_WQX-SMB-1-13
CABEACH_WQX-SMB-1-14,beach,SOURCED: EPA BEACH Act location type,beach_act,BEACH Program Site-Ocean,CABEACH_WQX,CA,CABEACH_WQX-SMB-1-14
CABEACH_WQX-SMB-1-16,beach,SOURCED: EPA BEACH Act location type,beach_act,BEACH Program Site-Ocean,CABEACH_WQX,CA,CABEACH_WQX-SMB-1-16
CABEACH_WQX-SMB-1-17,beach,SOURCED: EPA BEACH Act location type,beach_act,BEACH Program Site-Ocean,CABEACH_WQX,CA,CABEACH_WQX-SMB-1-16
CABEACH_WQX-SMB-1-18,beach,SOURCED: EPA BEACH Act location type,beach_act,BEACH Program Site-Ocean,CABEACH_WQX,CA,CABEACH_WQX-HYPS2
CABEACH_WQX-SMB-1-3,beach,SOURCED: EPA BEACH Act location type,beach_act,BEACH Program Site-Ocean,CABEACH_WQX,CA,CABEACH_WQX-SMB-1-3
CABEACH_WQX-SMB-1-6,beach,SOURCED: EPA BEACH Act location type,beach_act,BEACH Program Site-Ocean,CABEACH_WQX,CA,CABEACH_WQX-SMB-1-6
CABEACH_WQX-SMB-1-8,beach,SOURCED: EPA BEACH Act location type,beach_act,BEACH Program Site-Ocean,CABEACH_WQX,CA,CABEACH_WQX-SMB-1-8
CABEACH_WQX-SMB-2-1,beach,SOURCED: EPA BEACH Act location type,beach_act,BEACH Program Site-Ocean,CABEACH_WQX,CA,CABEACH_WQX-SMB-2-1
CABEACH_WQX-SMB-2-10,beach,SOURCED: EPA BEACH Act location type,beach_act,BEACH Program Site-Ocean,CABEACH_WQX,CA,CABEACH_WQX-HYPS11
CABEACH_WQX-SMB-2-11,beach,SOURCED: EPA BEACH Act location type,beach_act,BEACH Program Site-Ocean,CABEACH_WQX,CA,CABEACH_WQX-SMB-2-11
CABEACH_WQX-SMB-2-13,beach,SOURCED: EPA BEACH Act location type,beach_act,BEACH Program Site-Ocean,CABEACH_WQX,CA,CABEACH_WQX-HYPS12
CABEACH_WQX-SMB-2-4,beach,SOURCED: EPA BEACH Act location type,beach_act,BEACH Program Site-Ocean,CABEACH_WQX,CA,CABEACH_WQX-HYPS3
CABEACH_WQX-SMB-2-7,beach,SOURCED: EPA BEACH Act location type,beach_act,BEACH Program Site-Ocean,CABEACH_WQX,CA,CABEACH_WQX-HYPS4
CABEACH_WQX-SMB-3-3,beach,SOURCED: EPA BEACH Act location type,beach_act,BEACH Program Site-Ocean,CABEACH_WQX,CA,CABEACH_WQX-HYPS5
CABEACH_WQX-SMB-3-4,beach,SOURCED: EPA BEACH Act location type,beach_act,BEACH Program Site-Ocean,CABEACH_WQX,CA,CABEACH_WQX-HYPS6
CABEACH_WQX-SMB-3-5,beach,SOURCED: EPA BEACH Act location type,beach_act,BEACH Program Site-Ocean,CABEACH_WQX,CA,CABEACH_WQX-HYPS7
CABEACH_WQX-SMB-3-6,beach,SOURCED: EPA BEACH Act location type,beach_act,BEACH Program Site-Ocean,CABEACH_WQX,CA,CABEACH_WQX-SMB-3-6
CABEACH_WQX-SMB-3-8,beach,SOURCED: EPA BEACH Act location type,beach_act,BEACH Program Site-Ocean,CABEACH_WQX,CA,CABEACH_WQX-HYPS8
CABEACH_WQX-SMB-7-1,beach,SOURCED: EPA BEACH Act location type,beach_act,BEACH Program Site-Ocean,CABEACH_WQX,CA,CABEACH_WQX-LACSDSM
CABEACH_WQX-SMB-7-2,beach,SOURCED: EPA BEACH Act location type,beach_act,BEACH Program Site-Ocean,CABEACH_WQX,CA,CABEACH_WQX-LACSDSB
CABEACH_WQX-SMB-7-3,beach,SOURCED: EPA BEACH Act location type,beach_act,BEACH Program Site-Ocean,CABEACH_WQX,CA,CABEACH_WQX-LACSDS1
CABEACH_WQX-SMB-7-4,beach,SOURCED: EPA BEACH Act location type,beach_act,BEACH Program Site-Ocean,CABEACH_WQX,CA,CABEACH_WQX-LACSDS2
CABEACH_WQX-SMB-7-5,beach,SOURCED: EPA BEACH Act location type,beach_act,BEACH Program Site-Ocean,CABEACH_WQX,CA,CABEACH_WQX-LACSDS3
CABEACH_WQX-SMB-7-6,beach,SOURCED: EPA BEACH Act location type,beach_act,BEACH Program Site-Ocean,CABEACH_WQX,CA,CABEACH_WQX-LACSDS5
CABEACH_WQX-SMB-7-8,beach,SOURCED: EPA BEACH Act location type,beach_act,BEACH Program Site-Ocean,CABEACH_WQX,CA,CABEACH_WQX-LACSDS6
CABEACH_WQX-SMB-7-9,beach,SOURCED: EPA BEACH Act location type,beach_act,BEACH Program Site-Ocean,CABEACH_WQX,CA,CABEACH_WQX-LACSDS7
CABEACH_WQX-SMB-MC-2,beach,SOURCED: EPA BEACH Act location type,beach_act,BEACH Program Site-Ocean,CABEACH_WQX,CA,CABEACH_WQX-HYPS1
CABEACH_WQX-South Roosevelt Creek,beach,SOURCED: EPA BEACH Act location type,beach_act,BEACH Program Site-Ocean,CABEACH_WQX,CA,CABEACH_WQX-South Roosevelt Creek
CABEACH_WQX-SPB,beach,SOURCED: EPA BEACH Act location type,beach_act,BEACH Program Site-Ocean,CABEACH_WQX,CA,CABEACH_WQX-SPB
CABEACH_WQX-SSB,beach,SOURCED: EPA BEACH Act location type,beach_act,BEACH Program Site-Ocean,CABEACH_WQX,CA,CABEACH_WQX-SSB
CABEACH_WQX-STCO,beach,SOURCED: EPA BEACH Act location type,beach_act,BEACH Program Site-Ocean,CABEACH_WQX,CA,CABEACH_WQX-STCO
CABEACH_WQX-Stillwater,beach,SOURCED: EPA BEACH Act location type,beach_act,BEACH Program Site-Ocean,CABEACH_WQX,CA,CABEACH_WQX-Stillwater
CABEACH_WQX-STINSON BEACH - CENTRAL,beach,SOURCED: EPA BEACH Act location type,beach_act,BEACH Program Site-Ocean,CABEACH_WQX,CA,CABEACH_WQX-STINSON BEACH - CENTRAL
CABEACH_WQX-STINSON BEACH - NORTH,beach,SOURCED: EPA BEACH Act location type,beach_act,BEACH Program Site-Ocean,CABEACH_WQX,CA,CABEACH_WQX-STINSON BEACH - NORTH
CABEACH_WQX-STINSON BEACH - SOUTH,beach,SOURCED: EPA BEACH Act location type,beach_act,BEACH Program Site-Ocean,CABEACH_WQX,CA,CABEACH_WQX-STINSON BEACH - SOUTH
CABEACH_WQX-Surfers Beach,beach,SOURCED: EPA BEACH Act location type,beach_act,BEACH Program Site-Ocean,CABEACH_WQX,CA,CABEACH_WQX-Surfers Beach
CABEACH_WQX-TRFCYND,beach,SOURCED: EPA BEACH Act location type,beach_act,BEACH Program Site-Ocean,CABEACH_WQX,CA,CABEACH_WQX-TRFCYND
CABEACH_WQX-TRFCYNU,beach,SOURCED: EPA BEACH Act location type,beach_act,BEACH Program Site-Ocean,CABEACH_WQX,CA,CABEACH_WQX-TRFCYND
CABEACH_WQX-TRFCYNZ,beach,SOURCED: EPA BEACH Act location type,beach_act,BEACH Program Site-Ocean,CABEACH_WQX,CA,CABEACH_WQX-TRFCYND
CABEACH_WQX-Van Damme,beach,SOURCED: EPA BEACH Act location type,beach_act,BEACH Program Site-Ocean,CABEACH_WQX,CA,CABEACH_WQX-Van Damme
CABEACH_WQX-Venice Beach,beach,SOURCED: EPA BEACH Act location type,beach_act,BEACH Program Site-Ocean,CABEACH_WQX,CA,CABEACH_WQX-Frenchmans Creek
CABEACH_WQX-VICTRAD,beach,SOURCED: EPA BEACH Act location type,beach_act,BEACH Program Site-Ocean,CABEACH_WQX,CA,CABEACH_WQX-VICTRAD
CABEACH_WQX-VICTRAU,beach,SOURCED: EPA BEACH Act location type,beach_act,BEACH Program Site-Ocean,CABEACH_WQX,CA,CABEACH_WQX-VICTRAD
CABEACH_WQX-VICTRAZ,beach,SOURCED: EPA BEACH Act location type,beach_act,BEACH Program Site-Ocean,CABEACH_WQX,CA,CABEACH_WQX-VICTRAD
CABEACH_WQX-Virgin Creek,beach,SOURCED: EPA BEACH Act location type,beach_act,BEACH Program Site-Ocean,CABEACH_WQX,CA,CABEACH_WQX-Virgin Creek
CABEACH_WQX-VVS,beach,SOURCED: EPA BEACH Act location type,beach_act,BEACH Program Site-Ocean,CABEACH_WQX,CA,CABEACH_WQX-VVS
CABEACH_WQX-WESTD,beach,SOURCED: EPA BEACH Act location type,beach_act,BEACH Program Site-Ocean,CABEACH_WQX,CA,CABEACH_WQX-S6
CABEACH_WQX-WESTU,beach,SOURCED: EPA BEACH Act location type,beach_act,BEACH Program Site-Ocean,CABEACH_WQX,CA,CABEACH_WQX-S6
CABEACH_WQX-WESTZ,beach,SOURCED: EPA BEACH Act location type,beach_act,BEACH Program Site-Ocean,CABEACH_WQX,CA,CABEACH_WQX-S6
CABEACH_WQX-Wharf-East,beach,SOURCED: EPA BEACH Act location type,beach_act,BEACH Program Site-Ocean,CABEACH_WQX,CA,CABEACH_WQX-Cowell
CABEACH_WQX-Whitehouse Pool,beach,SOURCED: EPA BEACH Act location type,beach_act,BEACH Program Site-Ocean,CABEACH_WQX,CA,CABEACH_WQX-Whitehouse Pool
CABEACH_WQX-WP0000004,beach,SOURCED: EPA BEACH Act location type,beach_act,BEACH Program Site-Ocean,CABEACH_WQX,CA,CABEACH_WQX-WP0000004
CABEACH_WQX-WP0000007,beach,SOURCED: EPA BEACH Act location type,beach_act,BEACH Program Site-Ocean,CABEACH_WQX,CA,CABEACH_WQX-WP0000007
CABEACH_WQX-WP0000012,beach,SOURCED: EPA BEACH Act location type,beach_act,BEACH Program Site-Ocean,CABEACH_WQX,CA,CABEACH_WQX-WP0000012
CABEACH_WQX-WP0000013,beach,SOURCED: EPA BEACH Act location type,beach_act,BEACH Program Site-Ocean,CABEACH_WQX,CA,CABEACH_WQX-WP0000013
CABEACH_WQX-WP0000018,beach,SOURCED: EPA BEACH Act location type,beach_act,BEACH Program Site-Ocean,CABEACH_WQX,CA,CABEACH_WQX-WP0000018
CABEACH_WQX-WP0000023,beach,SOURCED: EPA BEACH Act location type,beach_act,BEACH Program Site-Ocean,CABEACH_WQX,CA,CABEACH_WQX-WP0000023
CABEACH_WQX-WP0000037,beach,SOURCED: EPA BEACH Act location type,beach_act,BEACH Program Site-Ocean,CABEACH_WQX,CA,CABEACH_WQX-WP0000037
CABEACH_WQX-WP0000072,beach,SOURCED: EPA BEACH Act location type,beach_act,BEACH Program Site-Ocean,CABEACH_WQX,CA,CABEACH_WQX-WP0000072
CABEACH_WQX-WP0000079,beach,SOURCED: EPA BEACH Act location type,beach_act,BEACH Program Site-Ocean,CABEACH_WQX,CA,CABEACH_WQX-WP0000079
CABEACH_WQX-WP0000080,beach,SOURCED: EPA BEACH Act location type,beach_act,BEACH Program Site-Ocean,CABEACH_WQX,CA,CABEACH_WQX-WP0000080
CABEACH_WQX-WP0000083,beach,SOURCED: EPA BEACH Act location type,beach_act,BEACH Program Site-Ocean,CABEACH_WQX,CA,CABEACH_WQX-WP0000083
CABEACH_WQX-WP0000085,beach,SOURCED: EPA BEACH Act location type,beach_act,BEACH Program Site-Ocean,CABEACH_WQX,CA,CABEACH_WQX-WP0000085
CABEACH_WQX-WP0000147,beach,SOURCED: EPA BEACH Act location type,beach_act,BEACH Program Site-Ocean,CABEACH_WQX,CA,CABEACH_WQX-WP0000147
CABEACH_WQX-WP0000180,beach,SOURCED: EPA BEACH Act location type,beach_act,BEACH Program Site-Ocean,CABEACH_WQX,CA,CABEACH_WQX-WP0000180
CABEACH_WQX-WP0000183,beach,SOURCED: EPA BEACH Act location type,beach_act,BEACH Program Site-Ocean,CABEACH_WQX,CA,CABEACH_WQX-WP0000183
CABEACH_WQX-WP0000188,beach,SOURCED: EPA BEACH Act location type,beach_act,BEACH Program Site-Ocean,CABEACH_WQX,CA,CABEACH_WQX-WP0000188
CABEACH_WQX-ZMB,beach,SOURCED: EPA BEACH Act location type,beach_act,BEACH Program Site-Ocean,CABEACH_WQX,CA,CABEACH_WQX-ZMB
CEDEN-Cowell,beach,SOURCED: shares a 150 m site_cluster with a BEACH Act station,non_beach,Ocean,CEDEN,CA,CABEACH_WQX-Cowell
CEDEN-Cowell-BC,beach,SOURCED: shares a 150 m site_cluster with a BEACH Act station,non_beach,Ocean,CEDEN,CA,CABEACH_WQX-Cowell
CEDEN-Cowell-C,beach,SOURCED: shares a 150 m site_cluster with a BEACH Act station,non_beach,Ocean,CEDEN,CA,CABEACH_WQX-Cowell
CEDEN-Cowell-CW,beach,SOURCED: shares a 150 m site_cluster with a BEACH Act station,non_beach,Ocean,CEDEN,CA,CABEACH_WQX-Cowell
CEDEN-CSD-031,beach,SOURCED: shares a 150 m site_cluster with a BEACH Act station,non_beach,Ocean,CEDEN,CA,CABEACH_WQX-EH-260
CEDEN-CSD_A7,unclassified,"neither: no BEACH Act type, no beach neighbour, no fittable fecal coliform",non_beach,Ocean,CEDEN,CA,CEDEN-CSD_A7
CEDEN-CSD_C7,unclassified,"neither: no BEACH Act type, no beach neighbour, no fittable fecal coliform",non_beach,Ocean,CEDEN,CA,CEDEN-CSD_C7
CEDEN-Main,beach,SOURCED: shares a 150 m site_cluster with a BEACH Act station,non_beach,Ocean,CEDEN,CA,CABEACH_WQX-Cowell
CEDEN-Main-A,beach,SOURCED: shares a 150 m site_cluster with a BEACH Act station,non_beach,Ocean,CEDEN,CA,CABEACH_WQX-Cowell
CEDEN-Main-B,beach,SOURCED: shares a 150 m site_cluster with a BEACH Act station,non_beach,Ocean,CEDEN,CA,CABEACH_WQX-Cowell
CEDEN-Main-C,beach,SOURCED: shares a 150 m site_cluster with a BEACH Act station,non_beach,Ocean,CEDEN,CA,CABEACH_WQX-Cowell
CEDEN-Main-D,beach,SOURCED: shares a 150 m site_cluster with a BEACH Act station,non_beach,Ocean,CEDEN,CA,CABEACH_WQX-Cowell
CEDEN-Wharf,beach,SOURCED: shares a 150 m site_cluster with a BEACH Act station,non_beach,Ocean,CEDEN,CA,CABEACH_WQX-Cowell
CEDEN-Wharf-East,beach,SOURCED: shares a 150 m site_cluster with a BEACH Act station,non_beach,Ocean,CEDEN,CA,CABEACH_WQX-Cowell
YUROKTEP_WQX-KE,unclassified,"neither: no BEACH Act type, no beach neighbour, no fittable fecal coliform",non_beach,Estuary,YUROKTEP_WQX,CA,YUROKTEP_WQX-KE
USGS-01192616,unclassified,"neither: no BEACH Act type, no beach neighbour, no fittable fecal coliform",non_beach,Estuary,USGS-CT,CT,USGS-01192616
USGS-01192674,unclassified,"neither: no BEACH Act type, no beach neighbour, no fittable fecal coliform",non_beach,Estuary,USGS-CT,CT,USGS-01192674
USGS-011929115,unclassified,"neither: no BEACH Act type, no beach neighbour, no fittable fecal coliform",non_beach,Estuary,USGS-CT,CT,USGS-011929115
USGS-01193100,unclassified,"neither: no BEACH Act type, no beach neighbour, no fittable fecal coliform",non_beach,Estuary,USGS-CT,CT,USGS-01193100
USGS-01196530,unclassified,"neither: no BEACH Act type, no beach neighbour, no fittable fecal coliform",non_beach,Estuary,USGS-CT,CT,USGS-01196530
USGS-01208736,unclassified,"neither: no BEACH Act type, no beach neighbour, no fittable fecal coliform",non_beach,Estuary,USGS-CT,CT,USGS-01208736
1CTDPHBM-100,beach,SOURCED: EPA BEACH Act location type,beach_act,BEACH Program Site-Estuary,1CTDPHBM,CT,1CTDPHBM-100
1CTDPHBM-1000,beach,SOURCED: EPA BEACH Act location type,beach_act,BEACH Program Site-Estuary,1CTDPHBM,CT,1CTDPHBM-1000
1CTDPHBM-10000,beach,SOURCED: EPA BEACH Act location type,beach_act,BEACH Program Site-Estuary,1CTDPHBM,CT,1CTDPHBM-10000
1CTDPHBM-10100,beach,SOURCED: EPA BEACH Act location type,beach_act,BEACH Program Site-Estuary,1CTDPHBM,CT,1CTDPHBM-10100
1CTDPHBM-10300,beach,SOURCED: EPA BEACH Act location type,beach_act,BEACH Program Site-Estuary,1CTDPHBM,CT,1CTDPHBM-10300
1CTDPHBM-10400,beach,SOURCED: EPA BEACH Act location type,beach_act,BEACH Program Site-Estuary,1CTDPHBM,CT,1CTDPHBM-10400
1CTDPHBM-10500,beach,SOURCED: EPA BEACH Act location type,beach_act,BEACH Program Site-Estuary,1CTDPHBM,CT,1CTDPHBM-10500
1CTDPHBM-10600,beach,SOURCED: EPA BEACH Act location type,beach_act,BEACH Program Site-Estuary,1CTDPHBM,CT,1CTDPHBM-10600
1CTDPHBM-10700,beach,SOURCED: EPA BEACH Act location type,beach_act,BEACH Program Site-Estuary,1CTDPHBM,CT,1CTDPHBM-10700
1CTDPHBM-10800,beach,SOURCED: EPA BEACH Act location type,beach_act,BEACH Program Site-Estuary,1CTDPHBM,CT,1CTDPHBM-10800
1CTDPHBM-1100,beach,SOURCED: EPA BEACH Act location type,beach_act,BEACH Program Site-Estuary,1CTDPHBM,CT,1CTDPHBM-1100
1CTDPHBM-11000,beach,SOURCED: EPA BEACH Act location type,beach_act,BEACH Program Site-Estuary,1CTDPHBM,CT,1CTDPHBM-11000
1CTDPHBM-11300,beach,SOURCED: EPA BEACH Act location type,beach_act,BEACH Program Site-Estuary,1CTDPHBM,CT,1CTDPHBM-11300
1CTDPHBM-11500,beach,SOURCED: EPA BEACH Act location type,beach_act,BEACH Program Site-Estuary,1CTDPHBM,CT,1CTDPHBM-11500
1CTDPHBM-11600,beach,SOURCED: EPA BEACH Act location type,beach_act,BEACH Program Site-Estuary,1CTDPHBM,CT,1CTDPHBM-11600
1CTDPHBM-11800,beach,SOURCED: EPA BEACH Act location type,beach_act,BEACH Program Site-Estuary,1CTDPHBM,CT,1CTDPHBM-11800
1CTDPHBM-12000,beach,SOURCED: EPA BEACH Act location type,beach_act,BEACH Program Site-Estuary,1CTDPHBM,CT,1CTDPHBM-12000
1CTDPHBM-12100,beach,SOURCED: EPA BEACH Act location type,beach_act,BEACH Program Site-Estuary,1CTDPHBM,CT,1CTDPHBM-12100
1CTDPHBM-12200,beach,SOURCED: EPA BEACH Act location type,beach_act,BEACH Program Site-Estuary,1CTDPHBM,CT,1CTDPHBM-12200
1CTDPHBM-12400,beach,SOURCED: EPA BEACH Act location type,beach_act,BEACH Program Site-Estuary,1CTDPHBM,CT,1CTDPHBM-12400
1CTDPHBM-12500,beach,SOURCED: EPA BEACH Act location type,beach_act,BEACH Program Site-Estuary,1CTDPHBM,CT,1CTDPHBM-12500
1CTDPHBM-12600,beach,SOURCED: EPA BEACH Act location type,beach_act,BEACH Program Site-Estuary,1CTDPHBM,CT,1CTDPHBM-12600
1CTDPHBM-12700,beach,SOURCED: EPA BEACH Act location type,beach_act,BEACH Program Site-Estuary,1CTDPHBM,CT,1CTDPHBM-12700
1CTDPHBM-12800,beach,SOURCED: EPA BEACH Act location type,beach_act,BEACH Program Site-Estuary,1CTDPHBM,CT,1CTDPHBM-12800
1CTDPHBM-1300,beach,SOURCED: EPA BEACH Act location type,beach_act,BEACH Program Site-Estuary,1CTDPHBM,CT,1CTDPHBM-1100
1CTDPHBM-13000,beach,SOURCED: EPA BEACH Act location type,beach_act,BEACH Program Site-Estuary,1CTDPHBM,CT,1CTDPHBM-13000
1CTDPHBM-13100,beach,SOURCED: EPA BEACH Act location type,beach_act,BEACH Program Site-Estuary,1CTDPHBM,CT,1CTDPHBM-13000
1CTDPHBM-13200,beach,SOURCED: EPA BEACH Act location type,beach_act,BEACH Program Site-Estuary,1CTDPHBM,CT,1CTDPHBM-13200
1CTDPHBM-13300,beach,SOURCED: EPA BEACH Act location type,beach_act,BEACH Program Site-Estuary,1CTDPHBM,CT,1CTDPHBM-13300
1CTDPHBM-13400,beach,SOURCED: EPA BEACH Act location type,beach_act,BEACH Program Site-Estuary,1CTDPHBM,CT,1CTDPHBM-13400
1CTDPHBM-1350,beach,SOURCED: EPA BEACH Act location type,beach_act,BEACH Program Site-Estuary,1CTDPHBM,CT,1CTDPHBM-1100
1CTDPHBM-13500,beach,SOURCED: EPA BEACH Act location type,beach_act,BEACH Program Site-Estuary,1CTDPHBM,CT,1CTDPHBM-13500
1CTDPHBM-13600,beach,SOURCED: EPA BEACH Act location type,beach_act,BEACH Program Site-Estuary,1CTDPHBM,CT,1CTDPHBM-13600
1CTDPHBM-13700,beach,SOURCED: EPA BEACH Act location type,beach_act,BEACH Program Site-Estuary,1CTDPHBM,CT,1CTDPHBM-13700
1CTDPHBM-13800,beach,SOURCED: EPA BEACH Act location type,beach_act,BEACH Program Site-Estuary,1CTDPHBM,CT,1CTDPHBM-13700
1CTDPHBM-13900,beach,SOURCED: EPA BEACH Act location type,beach_act,BEACH Program Site-Estuary,1CTDPHBM,CT,1CTDPHBM-13700
1CTDPHBM-1400,beach,SOURCED: EPA BEACH Act location type,beach_act,BEACH Program Site-Estuary,1CTDPHBM,CT,1CTDPHBM-1400
1CTDPHBM-14000,beach,SOURCED: EPA BEACH Act location type,beach_act,BEACH Program Site-Estuary,1CTDPHBM,CT,1CTDPHBM-13700
1CTDPHBM-14100,beach,SOURCED: EPA BEACH Act location type,beach_act,BEACH Program Site-Estuary,1CTDPHBM,CT,1CTDPHBM-14100
1CTDPHBM-14200,beach,SOURCED: EPA BEACH Act location type,beach_act,BEACH Program Site-Estuary,1CTDPHBM,CT,1CTDPHBM-14200
1CTDPHBM-14300,beach,SOURCED: EPA BEACH Act location type,beach_act,BEACH Program Site-Estuary,1CTDPHBM,CT,1CTDPHBM-14300
1CTDPHBM-1500,beach,SOURCED: EPA BEACH Act location type,beach_act,BEACH Program Site-Estuary,1CTDPHBM,CT,1CTDPHBM-1400
1CTDPHBM-1600,beach,SOURCED: EPA BEACH Act location type,beach_act,BEACH Program Site-Estuary,1CTDPHBM,CT,1CTDPHBM-1400
1CTDPHBM-1700,beach,SOURCED: EPA BEACH Act location type,beach_act,BEACH Program Site-Estuary,1CTDPHBM,CT,1CTDPHBM-1700
1CTDPHBM-1800,beach,SOURCED: EPA BEACH Act location type,beach_act,BEACH Program Site-Estuary,1CTDPHBM,CT,1CTDPHBM-1800
1CTDPHBM-1900,beach,SOURCED: EPA BEACH Act location type,beach_act,BEACH Program Site-Estuary,1CTDPHBM,CT,1CTDPHBM-1800
1CTDPHBM-200,beach,SOURCED: EPA BEACH Act location type,beach_act,BEACH Program Site-Estuary,1CTDPHBM,CT,1CTDPHBM-100
1CTDPHBM-2000,beach,SOURCED: EPA BEACH Act location type,beach_act,BEACH Program Site-Estuary,1CTDPHBM,CT,1CTDPHBM-1800
1CTDPHBM-2100,beach,SOURCED: EPA BEACH Act location type,beach_act,BEACH Program Site-Estuary,1CTDPHBM,CT,1CTDPHBM-2100
1CTDPHBM-2200,beach,SOURCED: EPA BEACH Act location type,beach_act,BEACH Program Site-Estuary,1CTDPHBM,CT,1CTDPHBM-2100
1CTDPHBM-2300,beach,SOURCED: EPA BEACH Act location type,beach_act,BEACH Program Site-Estuary,1CTDPHBM,CT,1CTDPHBM-2300
1CTDPHBM-2400,beach,SOURCED: EPA BEACH Act location type,beach_act,BEACH Program Site-Estuary,1CTDPHBM,CT,1CTDPHBM-2300
1CTDPHBM-2500,beach,SOURCED: EPA BEACH Act location type,beach_act,BEACH Program Site-Estuary,1CTDPHBM,CT,1CTDPHBM-2300
1CTDPHBM-2600,beach,SOURCED: EPA BEACH Act location type,beach_act,BEACH Program Site-Estuary,1CTDPHBM,CT,1CTDPHBM-2600
1CTDPHBM-2700,beach,SOURCED: EPA BEACH Act location type,beach_act,BEACH Program Site-Estuary,1CTDPHBM,CT,1CTDPHBM-2600
1CTDPHBM-2800,beach,SOURCED: EPA BEACH Act location type,beach_act,BEACH Program Site-Estuary,1CTDPHBM,CT,1CTDPHBM-2800
1CTDPHBM-2900,beach,SOURCED: EPA BEACH Act location type,beach_act,BEACH Program Site-Estuary,1CTDPHBM,CT,1CTDPHBM-2900
1CTDPHBM-300,beach,SOURCED: EPA BEACH Act location type,beach_act,BEACH Program Site-Estuary,1CTDPHBM,CT,1CTDPHBM-300
1CTDPHBM-3000,beach,SOURCED: EPA BEACH Act location type,beach_act,BEACH Program Site-Estuary,1CTDPHBM,CT,1CTDPHBM-3000
1CTDPHBM-3100,beach,SOURCED: EPA BEACH Act location type,beach_act,BEACH Program Site-Estuary,1CTDPHBM,CT,1CTDPHBM-3100
1CTDPHBM-3200,beach,SOURCED: EPA BEACH Act location type,beach_act,BEACH Program Site-Estuary,1CTDPHBM,CT,1CTDPHBM-3100
1CTDPHBM-3300,beach,SOURCED: EPA BEACH Act location type,beach_act,BEACH Program Site-Estuary,1CTDPHBM,CT,1CTDPHBM-3100
1CTDPHBM-3400,beach,SOURCED: EPA BEACH Act location type,beach_act,BEACH Program Site-Estuary,1CTDPHBM,CT,1CTDPHBM-3100
1CTDPHBM-3500,beach,SOURCED: EPA BEACH Act location type,beach_act,BEACH Program Site-Estuary,1CTDPHBM,CT,1CTDPHBM-3100
1CTDPHBM-3600,beach,SOURCED: EPA BEACH Act location type,beach_act,BEACH Program Site-Estuary,1CTDPHBM,CT,1CTDPHBM-3100
1CTDPHBM-3700,beach,SOURCED: EPA BEACH Act location type,beach_act,BEACH Program Site-Estuary,1CTDPHBM,CT,1CTDPHBM-3100
1CTDPHBM-3800,beach,SOURCED: EPA BEACH Act location type,beach_act,BEACH Program Site-Estuary,1CTDPHBM,CT,1CTDPHBM-3800
1CTDPHBM-3900,beach,SOURCED: EPA BEACH Act location type,beach_act,BEACH Program Site-Estuary,1CTDPHBM,CT,1CTDPHBM-3900
1CTDPHBM-400,beach,SOURCED: EPA BEACH Act location type,beach_act,BEACH Program Site-Estuary,1CTDPHBM,CT,1CTDPHBM-300
1CTDPHBM-4000,beach,SOURCED: EPA BEACH Act location type,beach_act,BEACH Program Site-Estuary,1CTDPHBM,CT,1CTDPHBM-3900
1CTDPHBM-4100,beach,SOURCED: EPA BEACH Act location type,beach_act,BEACH Program Site-Estuary,1CTDPHBM,CT,1CTDPHBM-4100
1CTDPHBM-4200,beach,SOURCED: EPA BEACH Act location type,beach_act,BEACH Program Site-Estuary,1CTDPHBM,CT,1CTDPHBM-4200
1CTDPHBM-4300,beach,SOURCED: EPA BEACH Act location type,beach_act,BEACH Program Site-Estuary,1CTDPHBM,CT,1CTDPHBM-4300
1CTDPHBM-4400,beach,SOURCED: EPA BEACH Act location type,beach_act,BEACH Program Site-Estuary,1CTDPHBM,CT,1CTDPHBM-4300
1CTDPHBM-4500,beach,SOURCED: EPA BEACH Act location type,beach_act,BEACH Program Site-Estuary,1CTDPHBM,CT,1CTDPHBM-4500
1CTDPHBM-4600,beach,SOURCED: EPA BEACH Act location type,beach_act,BEACH Program Site-Estuary,1CTDPHBM,CT,1CTDPHBM-4500
1CTDPHBM-4700,beach,SOURCED: EPA BEACH Act location type,beach_act,BEACH Program Site-Estuary,1CTDPHBM,CT,1CTDPHBM-4700
1CTDPHBM-4800,beach,SOURCED: EPA BEACH Act location type,beach_act,BEACH Program Site-Estuary,1CTDPHBM,CT,1CTDPHBM-4800
1CTDPHBM-4900,beach,SOURCED: EPA BEACH Act location type,beach_act,BEACH Program Site-Estuary,1CTDPHBM,CT,1CTDPHBM-4900
1CTDPHBM-500,beach,SOURCED: EPA BEACH Act location type,beach_act,BEACH Program Site-Estuary,1CTDPHBM,CT,1CTDPHBM-500
1CTDPHBM-5000,beach,SOURCED: EPA BEACH Act location type,beach_act,BEACH Program Site-Estuary,1CTDPHBM,CT,1CTDPHBM-5000
1CTDPHBM-5100,beach,SOURCED: EPA BEACH Act location type,beach_act,BEACH Program Site-Estuary,1CTDPHBM,CT,1CTDPHBM-5100
1CTDPHBM-5150,beach,SOURCED: EPA BEACH Act location type,beach_act,BEACH Program Site-Estuary,1CTDPHBM,CT,1CTDPHBM-5150
1CTDPHBM-5205,beach,SOURCED: EPA BEACH Act location type,beach_act,BEACH Program Site-Estuary,1CTDPHBM,CT,1CTDPHBM-5205
1CTDPHBM-5305,beach,SOURCED: EPA BEACH Act location type,beach_act,BEACH Program Site-Estuary,1CTDPHBM,CT,1CTDPHBM-5305
1CTDPHBM-5405,beach,SOURCED: EPA BEACH Act location type,beach_act,BEACH Program Site-Estuary,1CTDPHBM,CT,1CTDPHBM-5405
1CTDPHBM-5500,beach,SOURCED: EPA BEACH Act location type,beach_act,BEACH Program Site-Estuary,1CTDPHBM,CT,1CTDPHBM-5500
1CTDPHBM-5600,beach,SOURCED: EPA BEACH Act location type,beach_act,BEACH Program Site-Estuary,1CTDPHBM,CT,1CTDPHBM-5600
1CTDPHBM-5700,beach,SOURCED: EPA BEACH Act location type,beach_act,BEACH Program Site-Estuary,1CTDPHBM,CT,1CTDPHBM-5700
1CTDPHBM-5800,beach,SOURCED: EPA BEACH Act location type,beach_act,BEACH Program Site-Estuary,1CTDPHBM,CT,1CTDPHBM-5800
1CTDPHBM-5900,beach,SOURCED: EPA BEACH Act location type,beach_act,BEACH Program Site-Estuary,1CTDPHBM,CT,1CTDPHBM-5900
1CTDPHBM-600,beach,SOURCED: EPA BEACH Act location type,beach_act,BEACH Program Site-Estuary,1CTDPHBM,CT,1CTDPHBM-600
1CTDPHBM-6000,beach,SOURCED: EPA BEACH Act location type,beach_act,BEACH Program Site-Estuary,1CTDPHBM,CT,1CTDPHBM-6000
1CTDPHBM-6100,beach,SOURCED: EPA BEACH Act location type,beach_act,BEACH Program Site-Estuary,1CTDPHBM,CT,1CTDPHBM-6100
1CTDPHBM-6200,beach,SOURCED: EPA BEACH Act location type,beach_act,BEACH Program Site-Estuary,1CTDPHBM,CT,1CTDPHBM-6200
1CTDPHBM-6300,beach,SOURCED: EPA BEACH Act location type,beach_act,BEACH Program Site-Estuary,1CTDPHBM,CT,1CTDPHBM-6300
1CTDPHBM-6400,beach,SOURCED: EPA BEACH Act location type,beach_act,BEACH Program Site-Estuary,1CTDPHBM,CT,1CTDPHBM-6400
1CTDPHBM-6500,beach,SOURCED: EPA BEACH Act location type,beach_act,BEACH Program Site-Estuary,1CTDPHBM,CT,1CTDPHBM-6500
1CTDPHBM-6600,beach,SOURCED: EPA BEACH Act location type,beach_act,BEACH Program Site-Estuary,1CTDPHBM,CT,1CTDPHBM-6600
1CTDPHBM-6700,beach,SOURCED: EPA BEACH Act location type,beach_act,BEACH Program Site-Estuary,1CTDPHBM,CT,1CTDPHBM-6600
1CTDPHBM-6800,beach,SOURCED: EPA BEACH Act location type,beach_act,BEACH Program Site-Estuary,1CTDPHBM,CT,1CTDPHBM-6800
1CTDPHBM-6950,beach,SOURCED: EPA BEACH Act location type,beach_act,BEACH Program Site-Estuary,1CTDPHBM,CT,1CTDPHBM-6950
1CTDPHBM-700,beach,SOURCED: EPA BEACH Act location type,beach_act,BEACH Program Site-Estuary,1CTDPHBM,CT,1CTDPHBM-600
1CTDPHBM-7100,beach,SOURCED: EPA BEACH Act location type,beach_act,BEACH Program Site-Estuary,1CTDPHBM,CT,1CTDPHBM-7100
1CTDPHBM-7200,beach,SOURCED: EPA BEACH Act location type,beach_act,BEACH Program Site-Estuary,1CTDPHBM,CT,1CTDPHBM-7200
1CTDPHBM-7400,beach,SOURCED: EPA BEACH Act location type,beach_act,BEACH Program Site-Estuary,1CTDPHBM,CT,1CTDPHBM-7400
1CTDPHBM-7600,beach,SOURCED: EPA BEACH Act location type,beach_act,BEACH Program Site-Estuary,1CTDPHBM,CT,1CTDPHBM-7600
1CTDPHBM-7700,beach,SOURCED: EPA BEACH Act location type,beach_act,BEACH Program Site-Estuary,1CTDPHBM,CT,1CTDPHBM-7700
1CTDPHBM-7800,beach,SOURCED: EPA BEACH Act location type,beach_act,BEACH Program Site-Estuary,1CTDPHBM,CT,1CTDPHBM-7800
1CTDPHBM-7900,beach,SOURCED: EPA BEACH Act location type,beach_act,BEACH Program Site-Estuary,1CTDPHBM,CT,1CTDPHBM-7900
1CTDPHBM-800,beach,SOURCED: EPA BEACH Act location type,beach_act,BEACH Program Site-Estuary,1CTDPHBM,CT,1CTDPHBM-1000
1CTDPHBM-8250,beach,SOURCED: EPA BEACH Act location type,beach_act,BEACH Program Site-Estuary,1CTDPHBM,CT,1CTDPHBM-8250
1CTDPHBM-8300,beach,SOURCED: EPA BEACH Act location type,beach_act,BEACH Program Site-Estuary,1CTDPHBM,CT,1CTDPHBM-8300
1CTDPHBM-8400,beach,SOURCED: EPA BEACH Act location type,beach_act,BEACH Program Site-Estuary,1CTDPHBM,CT,1CTDPHBM-8300
1CTDPHBM-8700,beach,SOURCED: EPA BEACH Act location type,beach_act,BEACH Program Site-Estuary,1CTDPHBM,CT,1CTDPHBM-8700
1CTDPHBM-8800,beach,SOURCED: EPA BEACH Act location type,beach_act,BEACH Program Site-Estuary,1CTDPHBM,CT,1CTDPHBM-8700
1CTDPHBM-8900,beach,SOURCED: EPA BEACH Act location type,beach_act,BEACH Program Site-Estuary,1CTDPHBM,CT,1CTDPHBM-8700
1CTDPHBM-900,beach,SOURCED: EPA BEACH Act location type,beach_act,BEACH Program Site-Estuary,1CTDPHBM,CT,1CTDPHBM-1000
1CTDPHBM-9000,beach,SOURCED: EPA BEACH Act location type,beach_act,BEACH Program Site-Estuary,1CTDPHBM,CT,1CTDPHBM-9000
1CTDPHBM-9100,beach,SOURCED: EPA BEACH Act location type,beach_act,BEACH Program Site-Estuary,1CTDPHBM,CT,1CTDPHBM-9000
1CTDPHBM-9200,beach,SOURCED: EPA BEACH Act location type,beach_act,BEACH Program Site-Estuary,1CTDPHBM,CT,1CTDPHBM-9200
1CTDPHBM-9300,beach,SOURCED: EPA BEACH Act location type,beach_act,BEACH Program Site-Estuary,1CTDPHBM,CT,1CTDPHBM-9300
1CTDPHBM-9400,beach,SOURCED: EPA BEACH Act location type,beach_act,BEACH Program Site-Estuary,1CTDPHBM,CT,1CTDPHBM-9400
1CTDPHBM-9500,beach,SOURCED: EPA BEACH Act location type,beach_act,BEACH Program Site-Estuary,1CTDPHBM,CT,1CTDPHBM-9500
1CTDPHBM-9600,beach,SOURCED: EPA BEACH Act location type,beach_act,BEACH Program Site-Estuary,1CTDPHBM,CT,1CTDPHBM-9500
1CTDPHBM-9700,beach,SOURCED: EPA BEACH Act location type,beach_act,BEACH Program Site-Estuary,1CTDPHBM,CT,1CTDPHBM-9700
1CTDPHBM-9800,beach,SOURCED: EPA BEACH Act location type,beach_act,BEACH Program Site-Estuary,1CTDPHBM,CT,1CTDPHBM-9800
1CTDPHBM-9950,beach,SOURCED: EPA BEACH Act location type,beach_act,BEACH Program Site-Estuary,1CTDPHBM,CT,1CTDPHBM-9950
CT_DEP01_WQX-15907,beach,SOURCED: EPA BEACH Act location type,beach_act,BEACH Program Site-Estuary,CT_DEP01_WQX,CT,1CTDPHBM-12400
CT_DEP01_WQX-15908,beach,SOURCED: EPA BEACH Act location type,beach_act,BEACH Program Site-Estuary,CT_DEP01_WQX,CT,1CTDPHBM-12500
CT_DEP01_WQX-15911,beach,SOURCED: EPA BEACH Act location type,beach_act,BEACH Program Site-Estuary,CT_DEP01_WQX,CT,1CTDPHBM-12600
CT_DEP01_WQX-15912,beach,SOURCED: EPA BEACH Act location type,beach_act,BEACH Program Site-Estuary,CT_DEP01_WQX,CT,1CTDPHBM-12700
CT_DEP01_WQX-15913,beach,SOURCED: EPA BEACH Act location type,beach_act,BEACH Program Site-Estuary,CT_DEP01_WQX,CT,1CTDPHBM-12800
CT_DEP01_WQX-15935,beach,SOURCED: EPA BEACH Act location type,beach_act,BEACH Program Site-Estuary,CT_DEP01_WQX,CT,1CTDPHBM-13000
CT_DEP01_WQX-15936,beach,SOURCED: EPA BEACH Act location type,beach_act,BEACH Program Site-Estuary,CT_DEP01_WQX,CT,1CTDPHBM-13000
CT_DEP01_WQX-15937,beach,SOURCED: EPA BEACH Act location type,beach_act,BEACH Program Site-Estuary,CT_DEP01_WQX,CT,1CTDPHBM-13200
CT_DEP01_WQX-15938,beach,SOURCED: EPA BEACH Act location type,beach_act,BEACH Program Site-Estuary,CT_DEP01_WQX,CT,1CTDPHBM-13300
CT_DEP01_WQX-15940,beach,SOURCED: EPA BEACH Act location type,beach_act,BEACH Program Site-Estuary,CT_DEP01_WQX,CT,1CTDPHBM-13400
CT_DEP01_WQX-15941,beach,SOURCED: EPA BEACH Act location type,beach_act,BEACH Program Site-Estuary,CT_DEP01_WQX,CT,1CTDPHBM-13500
CT_DEP01_WQX-15942,beach,SOURCED: EPA BEACH Act location type,beach_act,BEACH Program Site-Estuary,CT_DEP01_WQX,CT,1CTDPHBM-13600
CT_DEP01_WQX-15947,beach,SOURCED: EPA BEACH Act location type,beach_act,BEACH Program Site-Estuary,CT_DEP01_WQX,CT,1CTDPHBM-13700
CT_DEP01_WQX-15948,beach,SOURCED: EPA BEACH Act location type,beach_act,BEACH Program Site-Estuary,CT_DEP01_WQX,CT,1CTDPHBM-13700
CT_DEP01_WQX-15949,beach,SOURCED: EPA BEACH Act location type,beach_act,BEACH Program Site-Estuary,CT_DEP01_WQX,CT,1CTDPHBM-13700
CT_DEP01_WQX-15950,beach,SOURCED: EPA BEACH Act location type,beach_act,BEACH Program Site-Estuary,CT_DEP01_WQX,CT,1CTDPHBM-13700
CUSH-WW722,shellfish,"INFERRED: not a BEACH Act station and reports fecal coliform, the NSSP growing-area indicator",non_beach,Estuary,CUSH,CT,CUSH-WW722
CUSH-WW723,shellfish,"INFERRED: not a BEACH Act station and reports fecal coliform, the NSSP growing-area indicator",non_beach,Estuary,CUSH,CT,CUSH-WW723
CUSH-WW724,shellfish,"INFERRED: not a BEACH Act station and reports fecal coliform, the NSSP growing-area indicator",non_beach,Estuary,CUSH,CT,CUSH-WW724
HARBORWATCH_WQX-Bruce-0.5,unclassified,"neither: no BEACH Act type, no beach neighbour, no fittable fecal coliform",non_beach,Estuary,HARBORWATCH_WQX,CT,HARBORWATCH_WQX-Bruce-0.5
HARBORWATCH_WQX-New-0.5,beach,SOURCED: shares a 150 m site_cluster with a BEACH Act station,non_beach,Estuary,HARBORWATCH_WQX,CT,1CTDPHBM-4200
HARBORWATCH_WQX-New-1,unclassified,"neither: no BEACH Act type, no beach neighbour, no fittable fecal coliform",non_beach,Estuary,HARBORWATCH_WQX,CT,HARBORWATCH_WQX-New-1
HARBORWATCH_WQX-New-1.5,unclassified,"neither: no BEACH Act type, no beach neighbour, no fittable fecal coliform",non_beach,Estuary,HARBORWATCH_WQX,CT,HARBORWATCH_WQX-New-1.5
HARBORWATCH_WQX-Noroton-1,unclassified,"neither: no BEACH Act type, no beach neighbour, no fittable fecal coliform",non_beach,Estuary,HARBORWATCH_WQX,CT,HARBORWATCH_WQX-Noroton-1
HARBORWATCH_WQX-Norwalk-0.5,unclassified,"neither: no BEACH Act type, no beach neighbour, no fittable fecal coliform",non_beach,Estuary,HARBORWATCH_WQX,CT,HARBORWATCH_WQX-Norwalk-0.5
HARBORWATCH_WQX-Sasco-3,unclassified,"neither: no BEACH Act type, no beach neighbour, no fittable fecal coliform",non_beach,Estuary,HARBORWATCH_WQX,CT,HARBORWATCH_WQX-Sasco-3
HARBORWATCH_WQX-Sasco-4,unclassified,"neither: no BEACH Act type, no beach neighbour, no fittable fecal coliform",non_beach,Estuary,HARBORWATCH_WQX,CT,HARBORWATCH_WQX-Sasco-3
21MABCH-MA005593-1,beach,SOURCED: EPA BEACH Act location type,beach_act,BEACH Program Site-Ocean,21MABCH,MA,21MABCH-MA005593-1
21MABCH-MA026091-1,beach,SOURCED: EPA BEACH Act location type,beach_act,BEACH Program Site-Ocean,21MABCH,MA,21MABCH-MA026091-1
21MABCH-MA027024-1,beach,SOURCED: EPA BEACH Act location type,beach_act,BEACH Program Site-Ocean,21MABCH,MA,21MABCH-MA027024-1
21MABCH-MA031247-1,beach,SOURCED: EPA BEACH Act location type,beach_act,BEACH Program Site-Ocean,21MABCH,MA,21MABCH-MA031247-1
21MABCH-MA035626-1,beach,SOURCED: EPA BEACH Act location type,beach_act,BEACH Program Site-Ocean,21MABCH,MA,21MABCH-MA035626-1
21MABCH-MA042789-1,beach,SOURCED: EPA BEACH Act location type,beach_act,BEACH Program Site-Ocean,21MABCH,MA,21MABCH-MA042789-1
21MABCH-MA050037-1,beach,SOURCED: EPA BEACH Act location type,beach_act,BEACH Program Site-Ocean,21MABCH,MA,21MABCH-MA050037-1
21MABCH-MA053694-1,beach,SOURCED: EPA BEACH Act location type,beach_act,BEACH Program Site-Ocean,21MABCH,MA,21MABCH-MA053694-1
21MABCH-MA054886-1,beach,SOURCED: EPA BEACH Act location type,beach_act,BEACH Program Site-Ocean,21MABCH,MA,21MABCH-MA054886-1
21MABCH-MA075274-1,beach,SOURCED: EPA BEACH Act location type,beach_act,BEACH Program Site-Ocean,21MABCH,MA,21MABCH-MA075274-1
21MABCH-MA082695-1,beach,SOURCED: EPA BEACH Act location type,beach_act,BEACH Program Site-Ocean,21MABCH,MA,21MABCH-MA082695-1
21MABCH-MA100431-1,beach,SOURCED: EPA BEACH Act location type,beach_act,BEACH Program Site-Ocean,21MABCH,MA,21MABCH-MA100431-1
21MABCH-MA100769-1,beach,SOURCED: EPA BEACH Act location type,beach_act,BEACH Program Site-Ocean,21MABCH,MA,21MABCH-MA100769-1
21MABCH-MA101364-1,beach,SOURCED: EPA BEACH Act location type,beach_act,BEACH Program Site-Ocean,21MABCH,MA,21MABCH-MA101364-1
21MABCH-MA101965-1,beach,SOURCED: EPA BEACH Act location type,beach_act,BEACH Program Site-Ocean,21MABCH,MA,21MABCH-MA101965-1
21MABCH-MA102019-1,beach,SOURCED: EPA BEACH Act location type,beach_act,BEACH Program Site-Ocean,21MABCH,MA,21MABCH-MA102019-1
21MABCH-MA102069-1,beach,SOURCED: EPA BEACH Act location type,beach_act,BEACH Program Site-Ocean,21MABCH,MA,21MABCH-MA102069-1
21MABCH-MA103344-1,beach,SOURCED: EPA BEACH Act location type,beach_act,BEACH Program Site-Ocean,21MABCH,MA,21MABCH-MA103344-1
21MABCH-MA106012-1,beach,SOURCED: EPA BEACH Act location type,beach_act,BEACH Program Site-Ocean,21MABCH,MA,21MABCH-MA106012-1
21MABCH-MA106692-1,beach,SOURCED: EPA BEACH Act location type,beach_act,BEACH Program Site-Ocean,21MABCH,MA,21MABCH-MA106692-1
21MABCH-MA111392-1,beach,SOURCED: EPA BEACH Act location type,beach_act,BEACH Program Site-Ocean,21MABCH,MA,21MABCH-MA111392-1
21MABCH-MA113854-1,beach,SOURCED: EPA BEACH Act location type,beach_act,BEACH Program Site-Ocean,21MABCH,MA,21MABCH-MA113854-1
21MABCH-MA119647-1,beach,SOURCED: EPA BEACH Act location type,beach_act,BEACH Program Site-Ocean,21MABCH,MA,21MABCH-MA119647-1
21MABCH-MA124039-1,beach,SOURCED: EPA BEACH Act location type,beach_act,BEACH Program Site-Ocean,21MABCH,MA,21MABCH-MA124039-1
21MABCH-MA124463-1,beach,SOURCED: EPA BEACH Act location type,beach_act,BEACH Program Site-Ocean,21MABCH,MA,21MABCH-MA124463-1
21MABCH-MA125754-1,beach,SOURCED: EPA BEACH Act location type,beach_act,BEACH Program Site-Ocean,21MABCH,MA,21MABCH-MA125754-1
21MABCH-MA130081-1,beach,SOURCED: EPA BEACH Act location type,beach_act,BEACH Program Site-Ocean,21MABCH,MA,21MABCH-MA130081-1
21MABCH-MA133692-1,beach,SOURCED: EPA BEACH Act location type,beach_act,BEACH Program Site-Ocean,21MABCH,MA,21MABCH-MA133692-1
21MABCH-MA136039-1,beach,SOURCED: EPA BEACH Act location type,beach_act,BEACH Program Site-Ocean,21MABCH,MA,21MABCH-MA136039-1
21MABCH-MA137514-1,beach,SOURCED: EPA BEACH Act location type,beach_act,BEACH Program Site-Ocean,21MABCH,MA,21MABCH-MA137514-1
21MABCH-MA139409-1,beach,SOURCED: EPA BEACH Act location type,beach_act,BEACH Program Site-Ocean,21MABCH,MA,21MABCH-MA139409-1
21MABCH-MA141196-1,beach,SOURCED: EPA BEACH Act location type,beach_act,BEACH Program Site-Ocean,21MABCH,MA,21MABCH-MA141196-1
21MABCH-MA148482-1,beach,SOURCED: EPA BEACH Act location type,beach_act,BEACH Program Site-Ocean,21MABCH,MA,21MABCH-MA148482-1
21MABCH-MA151015-1,beach,SOURCED: EPA BEACH Act location type,beach_act,BEACH Program Site-Ocean,21MABCH,MA,21MABCH-MA151015-1
21MABCH-MA156826-1,beach,SOURCED: EPA BEACH Act location type,beach_act,BEACH Program Site-Ocean,21MABCH,MA,21MABCH-MA156826-1
21MABCH-MA158914-1,beach,SOURCED: EPA BEACH Act location type,beach_act,BEACH Program Site-Ocean,21MABCH,MA,21MABCH-MA158914-1
21MABCH-MA159240-1,beach,SOURCED: EPA BEACH Act location type,beach_act,BEACH Program Site-Ocean,21MABCH,MA,21MABCH-MA159240-1
21MABCH-MA159424-1,beach,SOURCED: EPA BEACH Act location type,beach_act,BEACH Program Site-Ocean,21MABCH,MA,21MABCH-MA159424-1
21MABCH-MA165724-1,beach,SOURCED: EPA BEACH Act location type,beach_act,BEACH Program Site-Ocean,21MABCH,MA,21MABCH-MA165724-1
21MABCH-MA166206-1,beach,SOURCED: EPA BEACH Act location type,beach_act,BEACH Program Site-Ocean,21MABCH,MA,21MABCH-MA166206-1
21MABCH-MA168754-1,beach,SOURCED: EPA BEACH Act location type,beach_act,BEACH Program Site-Ocean,21MABCH,MA,21MABCH-MA168754-1
21MABCH-MA169719-1,beach,SOURCED: EPA BEACH Act location type,beach_act,BEACH Program Site-Ocean,21MABCH,MA,21MABCH-MA169719-1
21MABCH-MA169911-1,beach,SOURCED: EPA BEACH Act location type,beach_act,BEACH Program Site-Ocean,21MABCH,MA,21MABCH-MA169911-1
21MABCH-MA170657-1,beach,SOURCED: EPA BEACH Act location type,beach_act,BEACH Program Site-Ocean,21MABCH,MA,21MABCH-MA170657-1
21MABCH-MA182407-1,beach,SOURCED: EPA BEACH Act location type,beach_act,BEACH Program Site-Ocean,21MABCH,MA,21MABCH-MA182407-1
21MABCH-MA189268-1,beach,SOURCED: EPA BEACH Act location type,beach_act,BEACH Program Site-Ocean,21MABCH,MA,21MABCH-MA189268-1
21MABCH-MA193995-1,beach,SOURCED: EPA BEACH Act location type,beach_act,BEACH Program Site-Ocean,21MABCH,MA,21MABCH-MA193995-1
21MABCH-MA197136-1,beach,SOURCED: EPA BEACH Act location type,beach_act,BEACH Program Site-Ocean,21MABCH,MA,21MABCH-MA197136-1
21MABCH-MA201316-1,beach,SOURCED: EPA BEACH Act location type,beach_act,BEACH Program Site-Ocean,21MABCH,MA,21MABCH-MA201316-1
21MABCH-MA201719-1,beach,SOURCED: EPA BEACH Act location type,beach_act,BEACH Program Site-Ocean,21MABCH,MA,21MABCH-MA201719-1
21MABCH-MA201918-1,beach,SOURCED: EPA BEACH Act location type,beach_act,BEACH Program Site-Ocean,21MABCH,MA,21MABCH-MA201918-1
21MABCH-MA203090-1,beach,SOURCED: EPA BEACH Act location type,beach_act,BEACH Program Site-Ocean,21MABCH,MA,21MABCH-MA203090-1
21MABCH-MA204121-1,beach,SOURCED: EPA BEACH Act location type,beach_act,BEACH Program Site-Ocean,21MABCH,MA,21MABCH-MA204121-1
21MABCH-MA208905-1,beach,SOURCED: EPA BEACH Act location type,beach_act,BEACH Program Site-Ocean,21MABCH,MA,21MABCH-MA208905-1
21MABCH-MA211876-1,beach,SOURCED: EPA BEACH Act location type,beach_act,BEACH Program Site-Ocean,21MABCH,MA,21MABCH-MA211876-1
21MABCH-MA213542-1,beach,SOURCED: EPA BEACH Act location type,beach_act,BEACH Program Site-Ocean,21MABCH,MA,21MABCH-MA213542-1
21MABCH-MA216020-1,beach,SOURCED: EPA BEACH Act location type,beach_act,BEACH Program Site-Ocean,21MABCH,MA,21MABCH-MA216020-1
21MABCH-MA218585-1,beach,SOURCED: EPA BEACH Act location type,beach_act,BEACH Program Site-Ocean,21MABCH,MA,21MABCH-MA218585-1
21MABCH-MA219864-1,beach,SOURCED: EPA BEACH Act location type,beach_act,BEACH Program Site-Ocean,21MABCH,MA,21MABCH-MA219864-1
21MABCH-MA222677-1,beach,SOURCED: EPA BEACH Act location type,beach_act,BEACH Program Site-Ocean,21MABCH,MA,21MABCH-MA222677-1
21MABCH-MA225468-1,beach,SOURCED: EPA BEACH Act location type,beach_act,BEACH Program Site-Ocean,21MABCH,MA,21MABCH-MA225468-1
21MABCH-MA230109-1,beach,SOURCED: EPA BEACH Act location type,beach_act,BEACH Program Site-Ocean,21MABCH,MA,21MABCH-MA230109-1
21MABCH-MA235405-1,beach,SOURCED: EPA BEACH Act location type,beach_act,BEACH Program Site-Ocean,21MABCH,MA,21MABCH-MA235405-1
21MABCH-MA236087-1,beach,SOURCED: EPA BEACH Act location type,beach_act,BEACH Program Site-Ocean,21MABCH,MA,21MABCH-MA236087-1
21MABCH-MA237154-1,beach,SOURCED: EPA BEACH Act location type,beach_act,BEACH Program Site-Ocean,21MABCH,MA,21MABCH-MA237154-1
21MABCH-MA240390-1,beach,SOURCED: EPA BEACH Act location type,beach_act,BEACH Program Site-Ocean,21MABCH,MA,21MABCH-MA240390-1
21MABCH-MA241045-1,beach,SOURCED: EPA BEACH Act location type,beach_act,BEACH Program Site-Ocean,21MABCH,MA,21MABCH-MA241045-1
21MABCH-MA241658-1,beach,SOURCED: EPA BEACH Act location type,beach_act,BEACH Program Site-Ocean,21MABCH,MA,21MABCH-MA241658-1
21MABCH-MA242910-1,beach,SOURCED: EPA BEACH Act location type,beach_act,BEACH Program Site-Ocean,21MABCH,MA,21MABCH-MA242910-1
21MABCH-MA244219-1,beach,SOURCED: EPA BEACH Act location type,beach_act,BEACH Program Site-Ocean,21MABCH,MA,21MABCH-MA244219-1
21MABCH-MA245042-1,beach,SOURCED: EPA BEACH Act location type,beach_act,BEACH Program Site-Ocean,21MABCH,MA,21MABCH-MA245042-1
21MABCH-MA246390-1,beach,SOURCED: EPA BEACH Act location type,beach_act,BEACH Program Site-Ocean,21MABCH,MA,21MABCH-MA246390-1
21MABCH-MA246471-1,beach,SOURCED: EPA BEACH Act location type,beach_act,BEACH Program Site-Ocean,21MABCH,MA,21MABCH-MA246471-1
21MABCH-MA246941-1,beach,SOURCED: EPA BEACH Act location type,beach_act,BEACH Program Site-Ocean,21MABCH,MA,21MABCH-MA246941-1
21MABCH-MA247772-1,beach,SOURCED: EPA BEACH Act location type,beach_act,BEACH Program Site-Ocean,21MABCH,MA,21MABCH-MA247772-1
21MABCH-MA249263-1,beach,SOURCED: EPA BEACH Act location type,beach_act,BEACH Program Site-Ocean,21MABCH,MA,21MABCH-MA249263-1
21MABCH-MA250771-1,beach,SOURCED: EPA BEACH Act location type,beach_act,BEACH Program Site-Ocean,21MABCH,MA,21MABCH-MA250771-1
21MABCH-MA251641-1,beach,SOURCED: EPA BEACH Act location type,beach_act,BEACH Program Site-Ocean,21MABCH,MA,21MABCH-MA251641-1
21MABCH-MA253281-1,beach,SOURCED: EPA BEACH Act location type,beach_act,BEACH Program Site-Ocean,21MABCH,MA,21MABCH-MA253281-1
21MABCH-MA253972-1,beach,SOURCED: EPA BEACH Act location type,beach_act,BEACH Program Site-Ocean,21MABCH,MA,21MABCH-MA253972-1
21MABCH-MA255405-1,beach,SOURCED: EPA BEACH Act location type,beach_act,BEACH Program Site-Ocean,21MABCH,MA,21MABCH-MA255405-1
21MABCH-MA259042-1,beach,SOURCED: EPA BEACH Act location type,beach_act,BEACH Program Site-Ocean,21MABCH,MA,21MABCH-MA259042-1
21MABCH-MA262419-1,beach,SOURCED: EPA BEACH Act location type,beach_act,BEACH Program Site-Ocean,21MABCH,MA,21MABCH-MA262419-1
21MABCH-MA264442-1,beach,SOURCED: EPA BEACH Act location type,beach_act,BEACH Program Site-Ocean,21MABCH,MA,21MABCH-MA101965-1
21MABCH-MA265036-1,beach,SOURCED: EPA BEACH Act location type,beach_act,BEACH Program Site-Ocean,21MABCH,MA,21MABCH-MA265036-1
21MABCH-MA267840-1,beach,SOURCED: EPA BEACH Act location type,beach_act,BEACH Program Site-Ocean,21MABCH,MA,21MABCH-MA267840-1
21MABCH-MA268317-1,beach,SOURCED: EPA BEACH Act location type,beach_act,BEACH Program Site-Ocean,21MABCH,MA,21MABCH-MA268317-1
21MABCH-MA270096-1,beach,SOURCED: EPA BEACH Act location type,beach_act,BEACH Program Site-Ocean,21MABCH,MA,21MABCH-MA270096-1
21MABCH-MA271417-1,beach,SOURCED: EPA BEACH Act location type,beach_act,BEACH Program Site-Ocean,21MABCH,MA,21MABCH-MA236087-1
21MABCH-MA271417-2,beach,SOURCED: EPA BEACH Act location type,beach_act,BEACH Program Site-Ocean,21MABCH,MA,21MABCH-MA236087-1
21MABCH-MA272144-1,beach,SOURCED: EPA BEACH Act location type,beach_act,BEACH Program Site-Ocean,21MABCH,MA,21MABCH-MA272144-1
21MABCH-MA273022-1,beach,SOURCED: EPA BEACH Act location type,beach_act,BEACH Program Site-Ocean,21MABCH,MA,21MABCH-MA273022-1
21MABCH-MA273205-1,beach,SOURCED: EPA BEACH Act location type,beach_act,BEACH Program Site-Ocean,21MABCH,MA,21MABCH-MA273205-1
21MABCH-MA273720-1,beach,SOURCED: EPA BEACH Act location type,beach_act,BEACH Program Site-Ocean,21MABCH,MA,21MABCH-MA273720-1
21MABCH-MA276795-1,beach,SOURCED: EPA BEACH Act location type,beach_act,BEACH Program Site-Ocean,21MABCH,MA,21MABCH-MA276795-1
21MABCH-MA281585-1,beach,SOURCED: EPA BEACH Act location type,beach_act,BEACH Program Site-Ocean,21MABCH,MA,21MABCH-MA281585-1
21MABCH-MA281862-1,beach,SOURCED: EPA BEACH Act location type,beach_act,BEACH Program Site-Ocean,21MABCH,MA,21MABCH-MA281862-1
21MABCH-MA282126-1,beach,SOURCED: EPA BEACH Act location type,beach_act,BEACH Program Site-Ocean,21MABCH,MA,21MABCH-MA282126-1
21MABCH-MA282318-1,beach,SOURCED: EPA BEACH Act location type,beach_act,BEACH Program Site-Ocean,21MABCH,MA,21MABCH-MA282318-1
21MABCH-MA284111-1,beach,SOURCED: EPA BEACH Act location type,beach_act,BEACH Program Site-Ocean,21MABCH,MA,21MABCH-MA284111-1
21MABCH-MA284631-1,beach,SOURCED: EPA BEACH Act location type,beach_act,BEACH Program Site-Ocean,21MABCH,MA,21MABCH-MA284631-1
21MABCH-MA286058-1,beach,SOURCED: EPA BEACH Act location type,beach_act,BEACH Program Site-Ocean,21MABCH,MA,21MABCH-MA286058-1
21MABCH-MA288814-1,beach,SOURCED: EPA BEACH Act location type,beach_act,BEACH Program Site-Ocean,21MABCH,MA,21MABCH-MA288814-1
21MABCH-MA289542-1,beach,SOURCED: EPA BEACH Act location type,beach_act,BEACH Program Site-Ocean,21MABCH,MA,21MABCH-MA289542-1
21MABCH-MA289542-2,beach,SOURCED: EPA BEACH Act location type,beach_act,BEACH Program Site-Ocean,21MABCH,MA,21MABCH-MA289542-2
21MABCH-MA289542-3,beach,SOURCED: EPA BEACH Act location type,beach_act,BEACH Program Site-Ocean,21MABCH,MA,21MABCH-MA289542-3
21MABCH-MA290525-1,beach,SOURCED: EPA BEACH Act location type,beach_act,BEACH Program Site-Ocean,21MABCH,MA,21MABCH-MA290525-1
21MABCH-MA291320-1,beach,SOURCED: EPA BEACH Act location type,beach_act,BEACH Program Site-Ocean,21MABCH,MA,21MABCH-MA291320-1
21MABCH-MA291320-2,beach,SOURCED: EPA BEACH Act location type,beach_act,BEACH Program Site-Ocean,21MABCH,MA,21MABCH-MA291320-2
21MABCH-MA293803-1,beach,SOURCED: EPA BEACH Act location type,beach_act,BEACH Program Site-Ocean,21MABCH,MA,21MABCH-MA293803-1
21MABCH-MA294678-1,beach,SOURCED: EPA BEACH Act location type,beach_act,BEACH Program Site-Ocean,21MABCH,MA,21MABCH-MA294678-1
21MABCH-MA300950-1,beach,SOURCED: EPA BEACH Act location type,beach_act,BEACH Program Site-Ocean,21MABCH,MA,21MABCH-MA300950-1
21MABCH-MA301976-1,beach,SOURCED: EPA BEACH Act location type,beach_act,BEACH Program Site-Ocean,21MABCH,MA,21MABCH-MA301976-1
21MABCH-MA302057-1,beach,SOURCED: EPA BEACH Act location type,beach_act,BEACH Program Site-Ocean,21MABCH,MA,21MABCH-MA302057-1
21MABCH-MA305758-1,beach,SOURCED: EPA BEACH Act location type,beach_act,BEACH Program Site-Ocean,21MABCH,MA,21MABCH-MA305758-1
21MABCH-MA305868-1,beach,SOURCED: EPA BEACH Act location type,beach_act,BEACH Program Site-Ocean,21MABCH,MA,21MABCH-MA305868-1
21MABCH-MA306577-1,beach,SOURCED: EPA BEACH Act location type,beach_act,BEACH Program Site-Ocean,21MABCH,MA,21MABCH-MA306577-1
21MABCH-MA307654-1,beach,SOURCED: EPA BEACH Act location type,beach_act,BEACH Program Site-Ocean,21MABCH,MA,21MABCH-MA307654-1
21MABCH-MA308765-1,beach,SOURCED: EPA BEACH Act location type,beach_act,BEACH Program Site-Ocean,21MABCH,MA,21MABCH-MA308765-1
21MABCH-MA310983-1,beach,SOURCED: EPA BEACH Act location type,beach_act,BEACH Program Site-Ocean,21MABCH,MA,21MABCH-MA310983-1
21MABCH-MA312972-1,beach,SOURCED: EPA BEACH Act location type,beach_act,BEACH Program Site-Ocean,21MABCH,MA,21MABCH-MA312972-1
21MABCH-MA316039-1,beach,SOURCED: EPA BEACH Act location type,beach_act,BEACH Program Site-Ocean,21MABCH,MA,21MABCH-MA316039-1
21MABCH-MA316598-1,beach,SOURCED: EPA BEACH Act location type,beach_act,BEACH Program Site-Ocean,21MABCH,MA,21MABCH-MA316598-1
21MABCH-MA323358-1,beach,SOURCED: EPA BEACH Act location type,beach_act,BEACH Program Site-Ocean,21MABCH,MA,21MABCH-MA323358-1
21MABCH-MA323429-1,beach,SOURCED: EPA BEACH Act location type,beach_act,BEACH Program Site-Ocean,21MABCH,MA,21MABCH-MA323429-1
21MABCH-MA326666-1,beach,SOURCED: EPA BEACH Act location type,beach_act,BEACH Program Site-Ocean,21MABCH,MA,21MABCH-MA326666-1
21MABCH-MA333119-1,beach,SOURCED: EPA BEACH Act location type,beach_act,BEACH Program Site-Ocean,21MABCH,MA,21MABCH-MA333119-1
21MABCH-MA333479-1,beach,SOURCED: EPA BEACH Act location type,beach_act,BEACH Program Site-Ocean,21MABCH,MA,21MABCH-MA333479-1
21MABCH-MA335584-1,beach,SOURCED: EPA BEACH Act location type,beach_act,BEACH Program Site-Ocean,21MABCH,MA,21MABCH-MA335584-1
21MABCH-MA336880-1,beach,SOURCED: EPA BEACH Act location type,beach_act,BEACH Program Site-Ocean,21MABCH,MA,21MABCH-MA336880-1
21MABCH-MA336945-1,beach,SOURCED: EPA BEACH Act location type,beach_act,BEACH Program Site-Ocean,21MABCH,MA,21MABCH-MA336945-1
21MABCH-MA338567-1,beach,SOURCED: EPA BEACH Act location type,beach_act,BEACH Program Site-Ocean,21MABCH,MA,21MABCH-MA338567-1
21MABCH-MA339863-1,beach,SOURCED: EPA BEACH Act location type,beach_act,BEACH Program Site-Ocean,21MABCH,MA,21MABCH-MA253972-1
21MABCH-MA341447-1,beach,SOURCED: EPA BEACH Act location type,beach_act,BEACH Program Site-Ocean,21MABCH,MA,21MABCH-MA341447-1
21MABCH-MA342299-1,beach,SOURCED: EPA BEACH Act location type,beach_act,BEACH Program Site-Ocean,21MABCH,MA,21MABCH-MA342299-1
21MABCH-MA342526-1,beach,SOURCED: EPA BEACH Act location type,beach_act,BEACH Program Site-Ocean,21MABCH,MA,21MABCH-MA342526-1
21MABCH-MA343487-1,beach,SOURCED: EPA BEACH Act location type,beach_act,BEACH Program Site-Ocean,21MABCH,MA,21MABCH-MA343487-1
21MABCH-MA344492-1,beach,SOURCED: EPA BEACH Act location type,beach_act,BEACH Program Site-Ocean,21MABCH,MA,21MABCH-MA344492-1
21MABCH-MA344903-1,beach,SOURCED: EPA BEACH Act location type,beach_act,BEACH Program Site-Ocean,21MABCH,MA,21MABCH-MA344903-1
21MABCH-MA346018-1,beach,SOURCED: EPA BEACH Act location type,beach_act,BEACH Program Site-Ocean,21MABCH,MA,21MABCH-MA346018-1
21MABCH-MA349158-1,beach,SOURCED: EPA BEACH Act location type,beach_act,BEACH Program Site-Ocean,21MABCH,MA,21MABCH-MA349158-1
21MABCH-MA349626-1,beach,SOURCED: EPA BEACH Act location type,beach_act,BEACH Program Site-Ocean,21MABCH,MA,21MABCH-MA349626-1
21MABCH-MA350051-1,beach,SOURCED: EPA BEACH Act location type,beach_act,BEACH Program Site-Ocean,21MABCH,MA,21MABCH-MA350051-1
21MABCH-MA350664-1,beach,SOURCED: EPA BEACH Act location type,beach_act,BEACH Program Site-Ocean,21MABCH,MA,21MABCH-MA350664-1
21MABCH-MA351168-1,beach,SOURCED: EPA BEACH Act location type,beach_act,BEACH Program Site-Ocean,21MABCH,MA,21MABCH-MA351168-1
21MABCH-MA352004-1,beach,SOURCED: EPA BEACH Act location type,beach_act,BEACH Program Site-Ocean,21MABCH,MA,21MABCH-MA352004-1
21MABCH-MA355509-1,beach,SOURCED: EPA BEACH Act location type,beach_act,BEACH Program Site-Ocean,21MABCH,MA,21MABCH-MA355509-1
21MABCH-MA357380-1,beach,SOURCED: EPA BEACH Act location type,beach_act,BEACH Program Site-Ocean,21MABCH,MA,21MABCH-MA357380-1
21MABCH-MA362280-1,beach,SOURCED: EPA BEACH Act location type,beach_act,BEACH Program Site-Ocean,21MABCH,MA,21MABCH-MA362280-1
21MABCH-MA364061-1,beach,SOURCED: EPA BEACH Act location type,beach_act,BEACH Program Site-Ocean,21MABCH,MA,21MABCH-MA364061-1
21MABCH-MA365090-1,beach,SOURCED: EPA BEACH Act location type,beach_act,BEACH Program Site-Ocean,21MABCH,MA,21MABCH-MA365090-1
21MABCH-MA365344-1,beach,SOURCED: EPA BEACH Act location type,beach_act,BEACH Program Site-Ocean,21MABCH,MA,21MABCH-MA365344-1
21MABCH-MA366029-1,beach,SOURCED: EPA BEACH Act location type,beach_act,BEACH Program Site-Ocean,21MABCH,MA,21MABCH-MA366029-1
21MABCH-MA366260-1,beach,SOURCED: EPA BEACH Act location type,beach_act,BEACH Program Site-Ocean,21MABCH,MA,21MABCH-MA366260-1
21MABCH-MA369693-1,beach,SOURCED: EPA BEACH Act location type,beach_act,BEACH Program Site-Ocean,21MABCH,MA,21MABCH-MA369693-1
21MABCH-MA372082-1,beach,SOURCED: EPA BEACH Act location type,beach_act,BEACH Program Site-Ocean,21MABCH,MA,21MABCH-MA372082-1
21MABCH-MA373541-1,beach,SOURCED: EPA BEACH Act location type,beach_act,BEACH Program Site-Ocean,21MABCH,MA,21MABCH-MA373541-1
21MABCH-MA374356-1,beach,SOURCED: EPA BEACH Act location type,beach_act,BEACH Program Site-Ocean,21MABCH,MA,21MABCH-MA374356-1
21MABCH-MA377157-1,beach,SOURCED: EPA BEACH Act location type,beach_act,BEACH Program Site-Ocean,21MABCH,MA,21MABCH-MA377157-1
21MABCH-MA380639-1,beach,SOURCED: EPA BEACH Act location type,beach_act,BEACH Program Site-Ocean,21MABCH,MA,21MABCH-MA380639-1
21MABCH-MA388711-1,beach,SOURCED: EPA BEACH Act location type,beach_act,BEACH Program Site-Ocean,21MABCH,MA,21MABCH-MA388711-1
21MABCH-MA389498-1,beach,SOURCED: EPA BEACH Act location type,beach_act,BEACH Program Site-Ocean,21MABCH,MA,21MABCH-MA389498-1
21MABCH-MA390968-1,beach,SOURCED: EPA BEACH Act location type,beach_act,BEACH Program Site-Ocean,21MABCH,MA,21MABCH-MA390968-1
21MABCH-MA391603-1,beach,SOURCED: EPA BEACH Act location type,beach_act,BEACH Program Site-Ocean,21MABCH,MA,21MABCH-MA391603-1
21MABCH-MA398852-1,beach,SOURCED: EPA BEACH Act location type,beach_act,BEACH Program Site-Ocean,21MABCH,MA,21MABCH-MA398852-1
21MABCH-MA402482-1,beach,SOURCED: EPA BEACH Act location type,beach_act,BEACH Program Site-Ocean,21MABCH,MA,21MABCH-MA402482-1
21MABCH-MA403483-1,beach,SOURCED: EPA BEACH Act location type,beach_act,BEACH Program Site-Ocean,21MABCH,MA,21MABCH-MA403483-1
21MABCH-MA406814-1,beach,SOURCED: EPA BEACH Act location type,beach_act,BEACH Program Site-Ocean,21MABCH,MA,21MABCH-MA168754-1
21MABCH-MA407948-1,beach,SOURCED: EPA BEACH Act location type,beach_act,BEACH Program Site-Ocean,21MABCH,MA,21MABCH-MA407948-1
21MABCH-MA408301-1,beach,SOURCED: EPA BEACH Act location type,beach_act,BEACH Program Site-Ocean,21MABCH,MA,21MABCH-MA408301-1
21MABCH-MA409715-1,beach,SOURCED: EPA BEACH Act location type,beach_act,BEACH Program Site-Ocean,21MABCH,MA,21MABCH-MA409715-1
21MABCH-MA410157-1,beach,SOURCED: EPA BEACH Act location type,beach_act,BEACH Program Site-Ocean,21MABCH,MA,21MABCH-MA410157-1
21MABCH-MA416713-1,beach,SOURCED: EPA BEACH Act location type,beach_act,BEACH Program Site-Ocean,21MABCH,MA,21MABCH-MA416713-1
21MABCH-MA421691-1,beach,SOURCED: EPA BEACH Act location type,beach_act,BEACH Program Site-Ocean,21MABCH,MA,21MABCH-MA421691-1
21MABCH-MA424142-1,beach,SOURCED: EPA BEACH Act location type,beach_act,BEACH Program Site-Ocean,21MABCH,MA,21MABCH-MA424142-1
21MABCH-MA425571-1,beach,SOURCED: EPA BEACH Act location type,beach_act,BEACH Program Site-Ocean,21MABCH,MA,21MABCH-MA425571-1
21MABCH-MA425705-1,beach,SOURCED: EPA BEACH Act location type,beach_act,BEACH Program Site-Ocean,21MABCH,MA,21MABCH-MA425705-1
21MABCH-MA425772-1,beach,SOURCED: EPA BEACH Act location type,beach_act,BEACH Program Site-Ocean,21MABCH,MA,21MABCH-MA425772-1
21MABCH-MA430398-1,beach,SOURCED: EPA BEACH Act location type,beach_act,BEACH Program Site-Ocean,21MABCH,MA,21MABCH-MA430398-1
21MABCH-MA434583-1,beach,SOURCED: EPA BEACH Act location type,beach_act,BEACH Program Site-Ocean,21MABCH,MA,21MABCH-MA434583-1
21MABCH-MA436681-1,beach,SOURCED: EPA BEACH Act location type,beach_act,BEACH Program Site-Ocean,21MABCH,MA,21MABCH-MA436681-1
21MABCH-MA440390-1,beach,SOURCED: EPA BEACH Act location type,beach_act,BEACH Program Site-Ocean,21MABCH,MA,21MABCH-MA440390-1
21MABCH-MA442429-1,beach,SOURCED: EPA BEACH Act location type,beach_act,BEACH Program Site-Ocean,21MABCH,MA,21MABCH-MA442429-1
21MABCH-MA442481-1,beach,SOURCED: EPA BEACH Act location type,beach_act,BEACH Program Site-Ocean,21MABCH,MA,21MABCH-MA442481-1
21MABCH-MA444171-1,beach,SOURCED: EPA BEACH Act location type,beach_act,BEACH Program Site-Ocean,21MABCH,MA,21MABCH-MA444171-1
21MABCH-MA444621-1,beach,SOURCED: EPA BEACH Act location type,beach_act,BEACH Program Site-Ocean,21MABCH,MA,21MABCH-MA444621-1
21MABCH-MA447128-1,beach,SOURCED: EPA BEACH Act location type,beach_act,BEACH Program Site-Ocean,21MABCH,MA,21MABCH-MA447128-1
21MABCH-MA447546-1,beach,SOURCED: EPA BEACH Act location type,beach_act,BEACH Program Site-Ocean,21MABCH,MA,21MABCH-MA307654-1
21MABCH-MA448070-1,beach,SOURCED: EPA BEACH Act location type,beach_act,BEACH Program Site-Ocean,21MABCH,MA,21MABCH-MA448070-1
21MABCH-MA452184-1,beach,SOURCED: EPA BEACH Act location type,beach_act,BEACH Program Site-Ocean,21MABCH,MA,21MABCH-MA452184-1
21MABCH-MA453034-1,beach,SOURCED: EPA BEACH Act location type,beach_act,BEACH Program Site-Ocean,21MABCH,MA,21MABCH-MA453034-1
21MABCH-MA454803-1,beach,SOURCED: EPA BEACH Act location type,beach_act,BEACH Program Site-Ocean,21MABCH,MA,21MABCH-MA454803-1
21MABCH-MA459982-1,beach,SOURCED: EPA BEACH Act location type,beach_act,BEACH Program Site-Ocean,21MABCH,MA,21MABCH-MA459982-1
21MABCH-MA459982-3,beach,SOURCED: EPA BEACH Act location type,beach_act,BEACH Program Site-Ocean,21MABCH,MA,21MABCH-MA459982-3
21MABCH-MA459982-4,beach,SOURCED: EPA BEACH Act location type,beach_act,BEACH Program Site-Ocean,21MABCH,MA,21MABCH-MA459982-3
21MABCH-MA460485-1,beach,SOURCED: EPA BEACH Act location type,beach_act,BEACH Program Site-Ocean,21MABCH,MA,21MABCH-MA460485-1
21MABCH-MA461389-1,beach,SOURCED: EPA BEACH Act location type,beach_act,BEACH Program Site-Ocean,21MABCH,MA,21MABCH-MA461389-1
21MABCH-MA464209-1,beach,SOURCED: EPA BEACH Act location type,beach_act,BEACH Program Site-Ocean,21MABCH,MA,21MABCH-MA464209-1
21MABCH-MA464496-1,beach,SOURCED: EPA BEACH Act location type,beach_act,BEACH Program Site-Ocean,21MABCH,MA,21MABCH-MA464496-1
21MABCH-MA465209-1,beach,SOURCED: EPA BEACH Act location type,beach_act,BEACH Program Site-Ocean,21MABCH,MA,21MABCH-MA465209-1
21MABCH-MA465792-1,beach,SOURCED: EPA BEACH Act location type,beach_act,BEACH Program Site-Ocean,21MABCH,MA,21MABCH-MA465792-1
21MABCH-MA467731-1,beach,SOURCED: EPA BEACH Act location type,beach_act,BEACH Program Site-Ocean,21MABCH,MA,21MABCH-MA467731-1
21MABCH-MA467885-1,beach,SOURCED: EPA BEACH Act location type,beach_act,BEACH Program Site-Ocean,21MABCH,MA,21MABCH-MA467885-1
21MABCH-MA471378-1,beach,SOURCED: EPA BEACH Act location type,beach_act,BEACH Program Site-Ocean,21MABCH,MA,21MABCH-MA471378-1
21MABCH-MA471736-1,beach,SOURCED: EPA BEACH Act location type,beach_act,BEACH Program Site-Ocean,21MABCH,MA,21MABCH-MA471736-1
21MABCH-MA476242-1,beach,SOURCED: EPA BEACH Act location type,beach_act,BEACH Program Site-Ocean,21MABCH,MA,21MABCH-MA476242-1
21MABCH-MA478489-1,beach,SOURCED: EPA BEACH Act location type,beach_act,BEACH Program Site-Ocean,21MABCH,MA,21MABCH-MA478489-1
21MABCH-MA483983-1,beach,SOURCED: EPA BEACH Act location type,beach_act,BEACH Program Site-Ocean,21MABCH,MA,21MABCH-MA483983-1
21MABCH-MA484411-1,beach,SOURCED: EPA BEACH Act location type,beach_act,BEACH Program Site-Ocean,21MABCH,MA,21MABCH-MA484411-1
21MABCH-MA485433-1,beach,SOURCED: EPA BEACH Act location type,beach_act,BEACH Program Site-Ocean,21MABCH,MA,21MABCH-MA485433-1
21MABCH-MA486558-1,beach,SOURCED: EPA BEACH Act location type,beach_act,BEACH Program Site-Ocean,21MABCH,MA,21MABCH-MA486558-1
21MABCH-MA487104-1,beach,SOURCED: EPA BEACH Act location type,beach_act,BEACH Program Site-Ocean,21MABCH,MA,21MABCH-MA487104-1
21MABCH-MA487839-1,beach,SOURCED: EPA BEACH Act location type,beach_act,BEACH Program Site-Ocean,21MABCH,MA,21MABCH-MA487839-1
21MABCH-MA489151-1,beach,SOURCED: EPA BEACH Act location type,beach_act,BEACH Program Site-Ocean,21MABCH,MA,21MABCH-MA489151-1
21MABCH-MA498031-1,beach,SOURCED: EPA BEACH Act location type,beach_act,BEACH Program Site-Ocean,21MABCH,MA,21MABCH-MA498031-1
21MABCH-MA503949-1,beach,SOURCED: EPA BEACH Act location type,beach_act,BEACH Program Site-Ocean,21MABCH,MA,21MABCH-MA503949-1
21MABCH-MA504097-1,beach,SOURCED: EPA BEACH Act location type,beach_act,BEACH Program Site-Ocean,21MABCH,MA,21MABCH-MA504097-1
21MABCH-MA504494-1,beach,SOURCED: EPA BEACH Act location type,beach_act,BEACH Program Site-Ocean,21MABCH,MA,21MABCH-MA504494-1
21MABCH-MA514992-1,beach,SOURCED: EPA BEACH Act location type,beach_act,BEACH Program Site-Ocean,21MABCH,MA,21MABCH-MA514992-1
21MABCH-MA524106-1,beach,SOURCED: EPA BEACH Act location type,beach_act,BEACH Program Site-Ocean,21MABCH,MA,21MABCH-MA524106-1
21MABCH-MA530387-1,beach,SOURCED: EPA BEACH Act location type,beach_act,BEACH Program Site-Ocean,21MABCH,MA,21MABCH-MA530387-1
21MABCH-MA530947-1,beach,SOURCED: EPA BEACH Act location type,beach_act,BEACH Program Site-Ocean,21MABCH,MA,21MABCH-MA530947-1
21MABCH-MA532575-1,beach,SOURCED: EPA BEACH Act location type,beach_act,BEACH Program Site-Ocean,21MABCH,MA,21MABCH-MA532575-1
21MABCH-MA536204-1,beach,SOURCED: EPA BEACH Act location type,beach_act,BEACH Program Site-Ocean,21MABCH,MA,21MABCH-MA536204-1
21MABCH-MA536859-1,beach,SOURCED: EPA BEACH Act location type,beach_act,BEACH Program Site-Ocean,21MABCH,MA,21MABCH-MA536859-1
21MABCH-MA536987-1,beach,SOURCED: EPA BEACH Act location type,beach_act,BEACH Program Site-Ocean,21MABCH,MA,21MABCH-MA536987-1
21MABCH-MA537994-1,beach,SOURCED: EPA BEACH Act location type,beach_act,BEACH Program Site-Ocean,21MABCH,MA,21MABCH-MA537994-1
21MABCH-MA537994-2,beach,SOURCED: EPA BEACH Act location type,beach_act,BEACH Program Site-Ocean,21MABCH,MA,21MABCH-MA537994-1
21MABCH-MA538327-1,beach,SOURCED: EPA BEACH Act location type,beach_act,BEACH Program Site-Ocean,21MABCH,MA,21MABCH-MA538327-1
21MABCH-MA538359-1,beach,SOURCED: EPA BEACH Act location type,beach_act,BEACH Program Site-Ocean,21MABCH,MA,21MABCH-MA538359-1
21MABCH-MA541879-1,beach,SOURCED: EPA BEACH Act location type,beach_act,BEACH Program Site-Ocean,21MABCH,MA,21MABCH-MA541879-1
21MABCH-MA543430-1,beach,SOURCED: EPA BEACH Act location type,beach_act,BEACH Program Site-Ocean,21MABCH,MA,21MABCH-MA543430-1
21MABCH-MA544367-1,beach,SOURCED: EPA BEACH Act location type,beach_act,BEACH Program Site-Ocean,21MABCH,MA,21MABCH-MA310983-1
21MABCH-MA544995-1,beach,SOURCED: EPA BEACH Act location type,beach_act,BEACH Program Site-Ocean,21MABCH,MA,21MABCH-MA544995-1
21MABCH-MA544995-2,beach,SOURCED: EPA BEACH Act location type,beach_act,BEACH Program Site-Ocean,21MABCH,MA,21MABCH-MA544995-2
21MABCH-MA544995-3,beach,SOURCED: EPA BEACH Act location type,beach_act,BEACH Program Site-Ocean,21MABCH,MA,21MABCH-MA544995-3
21MABCH-MA546332-1,beach,SOURCED: EPA BEACH Act location type,beach_act,BEACH Program Site-Ocean,21MABCH,MA,21MABCH-MA546332-1
21MABCH-MA547633-1,beach,SOURCED: EPA BEACH Act location type,beach_act,BEACH Program Site-Ocean,21MABCH,MA,21MABCH-MA547633-1
21MABCH-MA551959-1,beach,SOURCED: EPA BEACH Act location type,beach_act,BEACH Program Site-Ocean,21MABCH,MA,21MABCH-MA551959-1
21MABCH-MA552169-1,beach,SOURCED: EPA BEACH Act location type,beach_act,BEACH Program Site-Ocean,21MABCH,MA,21MABCH-MA552169-1
21MABCH-MA556800-1,beach,SOURCED: EPA BEACH Act location type,beach_act,BEACH Program Site-Ocean,21MABCH,MA,21MABCH-MA556800-1
21MABCH-MA556952-1,beach,SOURCED: EPA BEACH Act location type,beach_act,BEACH Program Site-Ocean,21MABCH,MA,21MABCH-MA230109-1
21MABCH-MA557719-1,beach,SOURCED: EPA BEACH Act location type,beach_act,BEACH Program Site-Ocean,21MABCH,MA,21MABCH-MA557719-1
21MABCH-MA562661-1,beach,SOURCED: EPA BEACH Act location type,beach_act,BEACH Program Site-Ocean,21MABCH,MA,21MABCH-MA562661-1
21MABCH-MA562850-1,beach,SOURCED: EPA BEACH Act location type,beach_act,BEACH Program Site-Ocean,21MABCH,MA,21MABCH-MA562850-1
21MABCH-MA565565-1,beach,SOURCED: EPA BEACH Act location type,beach_act,BEACH Program Site-Ocean,21MABCH,MA,21MABCH-MA565565-1
21MABCH-MA567204-1,beach,SOURCED: EPA BEACH Act location type,beach_act,BEACH Program Site-Ocean,21MABCH,MA,21MABCH-MA567204-1
21MABCH-MA567339-1,beach,SOURCED: EPA BEACH Act location type,beach_act,BEACH Program Site-Ocean,21MABCH,MA,21MABCH-MA567339-1
21MABCH-MA567496-1,beach,SOURCED: EPA BEACH Act location type,beach_act,BEACH Program Site-Ocean,21MABCH,MA,21MABCH-MA567496-1
21MABCH-MA570977-1,beach,SOURCED: EPA BEACH Act location type,beach_act,BEACH Program Site-Ocean,21MABCH,MA,21MABCH-MA570977-1
21MABCH-MA576153-1,beach,SOURCED: EPA BEACH Act location type,beach_act,BEACH Program Site-Ocean,21MABCH,MA,21MABCH-MA576153-1
21MABCH-MA576579-1,beach,SOURCED: EPA BEACH Act location type,beach_act,BEACH Program Site-Ocean,21MABCH,MA,21MABCH-MA576579-1
21MABCH-MA579607-1,beach,SOURCED: EPA BEACH Act location type,beach_act,BEACH Program Site-Ocean,21MABCH,MA,21MABCH-MA579607-1
21MABCH-MA582409-1,beach,SOURCED: EPA BEACH Act location type,beach_act,BEACH Program Site-Ocean,21MABCH,MA,21MABCH-MA582409-1
21MABCH-MA582747-2,beach,SOURCED: EPA BEACH Act location type,beach_act,BEACH Program Site-Ocean,21MABCH,MA,21MABCH-MA582747-2
21MABCH-MA584217-1,beach,SOURCED: EPA BEACH Act location type,beach_act,BEACH Program Site-Ocean,21MABCH,MA,21MABCH-MA584217-1
21MABCH-MA588301-1,beach,SOURCED: EPA BEACH Act location type,beach_act,BEACH Program Site-Ocean,21MABCH,MA,21MABCH-MA588301-1
21MABCH-MA589398-1,beach,SOURCED: EPA BEACH Act location type,beach_act,BEACH Program Site-Ocean,21MABCH,MA,21MABCH-MA589398-1
21MABCH-MA590846-1,beach,SOURCED: EPA BEACH Act location type,beach_act,BEACH Program Site-Ocean,21MABCH,MA,21MABCH-MA590846-1
21MABCH-MA591966-1,beach,SOURCED: EPA BEACH Act location type,beach_act,BEACH Program Site-Ocean,21MABCH,MA,21MABCH-MA591966-1
21MABCH-MA594150-1,beach,SOURCED: EPA BEACH Act location type,beach_act,BEACH Program Site-Ocean,21MABCH,MA,21MABCH-MA594150-1
21MABCH-MA594434-1,beach,SOURCED: EPA BEACH Act location type,beach_act,BEACH Program Site-Ocean,21MABCH,MA,21MABCH-MA594434-1
21MABCH-MA595981-1,beach,SOURCED: EPA BEACH Act location type,beach_act,BEACH Program Site-Ocean,21MABCH,MA,21MABCH-MA168754-1
21MABCH-MA596706-1,beach,SOURCED: EPA BEACH Act location type,beach_act,BEACH Program Site-Ocean,21MABCH,MA,21MABCH-MA596706-1
21MABCH-MA604733-1,beach,SOURCED: EPA BEACH Act location type,beach_act,BEACH Program Site-Ocean,21MABCH,MA,21MABCH-MA604733-1
21MABCH-MA609608-1,beach,SOURCED: EPA BEACH Act location type,beach_act,BEACH Program Site-Ocean,21MABCH,MA,21MABCH-MA609608-1
21MABCH-MA609608-2,beach,SOURCED: EPA BEACH Act location type,beach_act,BEACH Program Site-Ocean,21MABCH,MA,21MABCH-MA350664-1
21MABCH-MA613695-1,beach,SOURCED: EPA BEACH Act location type,beach_act,BEACH Program Site-Ocean,21MABCH,MA,21MABCH-MA613695-1
21MABCH-MA613743-1,beach,SOURCED: EPA BEACH Act location type,beach_act,BEACH Program Site-Ocean,21MABCH,MA,21MABCH-MA613743-1
21MABCH-MA614662-1,beach,SOURCED: EPA BEACH Act location type,beach_act,BEACH Program Site-Ocean,21MABCH,MA,21MABCH-MA614662-1
21MABCH-MA615428-1,beach,SOURCED: EPA BEACH Act location type,beach_act,BEACH Program Site-Ocean,21MABCH,MA,21MABCH-MA487104-1
21MABCH-MA617417-1,beach,SOURCED: EPA BEACH Act location type,beach_act,BEACH Program Site-Ocean,21MABCH,MA,21MABCH-MA617417-1
21MABCH-MA619229-1,beach,SOURCED: EPA BEACH Act location type,beach_act,BEACH Program Site-Ocean,21MABCH,MA,21MABCH-MA532575-1
21MABCH-MA620657-1,beach,SOURCED: EPA BEACH Act location type,beach_act,BEACH Program Site-Ocean,21MABCH,MA,21MABCH-MA620657-1
21MABCH-MA620999-1,beach,SOURCED: EPA BEACH Act location type,beach_act,BEACH Program Site-Ocean,21MABCH,MA,21MABCH-MA620999-1
21MABCH-MA624472-1,beach,SOURCED: EPA BEACH Act location type,beach_act,BEACH Program Site-Ocean,21MABCH,MA,21MABCH-MA624472-1
21MABCH-MA625295-1,beach,SOURCED: EPA BEACH Act location type,beach_act,BEACH Program Site-Ocean,21MABCH,MA,21MABCH-MA625295-1
21MABCH-MA626369-1,beach,SOURCED: EPA BEACH Act location type,beach_act,BEACH Program Site-Ocean,21MABCH,MA,21MABCH-MA366029-1
21MABCH-MA629499-1,beach,SOURCED: EPA BEACH Act location type,beach_act,BEACH Program Site-Ocean,21MABCH,MA,21MABCH-MA629499-1
21MABCH-MA632453-1,beach,SOURCED: EPA BEACH Act location type,beach_act,BEACH Program Site-Ocean,21MABCH,MA,21MABCH-MA632453-1
21MABCH-MA633929-1,beach,SOURCED: EPA BEACH Act location type,beach_act,BEACH Program Site-Ocean,21MABCH,MA,21MABCH-MA633929-1
21MABCH-MA634415-1,beach,SOURCED: EPA BEACH Act location type,beach_act,BEACH Program Site-Ocean,21MABCH,MA,21MABCH-MA634415-1
21MABCH-MA636475-1,beach,SOURCED: EPA BEACH Act location type,beach_act,BEACH Program Site-Ocean,21MABCH,MA,21MABCH-MA636475-1
21MABCH-MA637345-1,beach,SOURCED: EPA BEACH Act location type,beach_act,BEACH Program Site-Ocean,21MABCH,MA,21MABCH-MA637345-1
21MABCH-MA639914-1,beach,SOURCED: EPA BEACH Act location type,beach_act,BEACH Program Site-Ocean,21MABCH,MA,21MABCH-MA639914-1
21MABCH-MA640314-1,beach,SOURCED: EPA BEACH Act location type,beach_act,BEACH Program Site-Ocean,21MABCH,MA,21MABCH-MA640314-1
21MABCH-MA640852-1,beach,SOURCED: EPA BEACH Act location type,beach_act,BEACH Program Site-Ocean,21MABCH,MA,21MABCH-MA640852-1
21MABCH-MA640881-1,beach,SOURCED: EPA BEACH Act location type,beach_act,BEACH Program Site-Ocean,21MABCH,MA,21MABCH-MA640881-1
21MABCH-MA641809-1,beach,SOURCED: EPA BEACH Act location type,beach_act,BEACH Program Site-Ocean,21MABCH,MA,21MABCH-MA641809-1
21MABCH-MA648803-1,beach,SOURCED: EPA BEACH Act location type,beach_act,BEACH Program Site-Ocean,21MABCH,MA,21MABCH-MA282126-1
21MABCH-MA649766-1,beach,SOURCED: EPA BEACH Act location type,beach_act,BEACH Program Site-Ocean,21MABCH,MA,21MABCH-MA649766-1
21MABCH-MA652407-1,beach,SOURCED: EPA BEACH Act location type,beach_act,BEACH Program Site-Ocean,21MABCH,MA,21MABCH-MA652407-1
21MABCH-MA653169-1,beach,SOURCED: EPA BEACH Act location type,beach_act,BEACH Program Site-Ocean,21MABCH,MA,21MABCH-MA653169-1
21MABCH-MA655169-1,beach,SOURCED: EPA BEACH Act location type,beach_act,BEACH Program Site-Ocean,21MABCH,MA,21MABCH-MA591966-1
21MABCH-MA659637-1,beach,SOURCED: EPA BEACH Act location type,beach_act,BEACH Program Site-Ocean,21MABCH,MA,21MABCH-MA487104-1
21MABCH-MA659742-1,beach,SOURCED: EPA BEACH Act location type,beach_act,BEACH Program Site-Ocean,21MABCH,MA,21MABCH-MA659742-1
21MABCH-MA665107-1,beach,SOURCED: EPA BEACH Act location type,beach_act,BEACH Program Site-Ocean,21MABCH,MA,21MABCH-MA402482-1
21MABCH-MA666875-1,beach,SOURCED: EPA BEACH Act location type,beach_act,BEACH Program Site-Ocean,21MABCH,MA,21MABCH-MA666875-1
21MABCH-MA666958-1,beach,SOURCED: EPA BEACH Act location type,beach_act,BEACH Program Site-Ocean,21MABCH,MA,21MABCH-MA666958-1
21MABCH-MA667947-1,beach,SOURCED: EPA BEACH Act location type,beach_act,BEACH Program Site-Ocean,21MABCH,MA,21MABCH-MA667947-1
21MABCH-MA670056-1,beach,SOURCED: EPA BEACH Act location type,beach_act,BEACH Program Site-Ocean,21MABCH,MA,21MABCH-MA670056-1
21MABCH-MA670821-1,beach,SOURCED: EPA BEACH Act location type,beach_act,BEACH Program Site-Ocean,21MABCH,MA,21MABCH-MA670821-1
21MABCH-MA670915-1,beach,SOURCED: EPA BEACH Act location type,beach_act,BEACH Program Site-Ocean,21MABCH,MA,21MABCH-MA459982-3
21MABCH-MA672768-1,beach,SOURCED: EPA BEACH Act location type,beach_act,BEACH Program Site-Ocean,21MABCH,MA,21MABCH-MA672768-1
21MABCH-MA673086-1,beach,SOURCED: EPA BEACH Act location type,beach_act,BEACH Program Site-Ocean,21MABCH,MA,21MABCH-MA673086-1
21MABCH-MA680777-1,beach,SOURCED: EPA BEACH Act location type,beach_act,BEACH Program Site-Ocean,21MABCH,MA,21MABCH-MA680777-1
21MABCH-MA681484-1,beach,SOURCED: EPA BEACH Act location type,beach_act,BEACH Program Site-Ocean,21MABCH,MA,21MABCH-MA681484-1
21MABCH-MA684125-1,beach,SOURCED: EPA BEACH Act location type,beach_act,BEACH Program Site-Ocean,21MABCH,MA,21MABCH-MA684125-1
21MABCH-MA686988-1,beach,SOURCED: EPA BEACH Act location type,beach_act,BEACH Program Site-Ocean,21MABCH,MA,21MABCH-MA686988-1
21MABCH-MA687258-1,beach,SOURCED: EPA BEACH Act location type,beach_act,BEACH Program Site-Ocean,21MABCH,MA,21MABCH-MA687258-1
21MABCH-MA687430-1,beach,SOURCED: EPA BEACH Act location type,beach_act,BEACH Program Site-Ocean,21MABCH,MA,21MABCH-MA687430-1
21MABCH-MA689045-1,beach,SOURCED: EPA BEACH Act location type,beach_act,BEACH Program Site-Ocean,21MABCH,MA,21MABCH-MA689045-1
21MABCH-MA689045-2,beach,SOURCED: EPA BEACH Act location type,beach_act,BEACH Program Site-Ocean,21MABCH,MA,21MABCH-MA689045-2
21MABCH-MA690649-1,beach,SOURCED: EPA BEACH Act location type,beach_act,BEACH Program Site-Ocean,21MABCH,MA,21MABCH-MA690649-1
21MABCH-MA691904-1,beach,SOURCED: EPA BEACH Act location type,beach_act,BEACH Program Site-Ocean,21MABCH,MA,21MABCH-MA691904-1
21MABCH-MA693303-1,beach,SOURCED: EPA BEACH Act location type,beach_act,BEACH Program Site-Ocean,21MABCH,MA,21MABCH-MA693303-1
21MABCH-MA693303-2,beach,SOURCED: EPA BEACH Act location type,beach_act,BEACH Program Site-Ocean,21MABCH,MA,21MABCH-MA693303-2
21MABCH-MA693303-3,beach,SOURCED: EPA BEACH Act location type,beach_act,BEACH Program Site-Ocean,21MABCH,MA,21MABCH-MA693303-3
21MABCH-MA693303-4,beach,SOURCED: EPA BEACH Act location type,beach_act,BEACH Program Site-Ocean,21MABCH,MA,21MABCH-MA693303-4
21MABCH-MA694963-1,beach,SOURCED: EPA BEACH Act location type,beach_act,BEACH Program Site-Ocean,21MABCH,MA,21MABCH-MA694963-1
21MABCH-MA695584-1,beach,SOURCED: EPA BEACH Act location type,beach_act,BEACH Program Site-Ocean,21MABCH,MA,21MABCH-MA695584-1
21MABCH-MA697743-1,beach,SOURCED: EPA BEACH Act location type,beach_act,BEACH Program Site-Ocean,21MABCH,MA,21MABCH-MA697743-1
21MABCH-MA697913-1,beach,SOURCED: EPA BEACH Act location type,beach_act,BEACH Program Site-Ocean,21MABCH,MA,21MABCH-MA293803-1
21MABCH-MA698753-1,beach,SOURCED: EPA BEACH Act location type,beach_act,BEACH Program Site-Ocean,21MABCH,MA,21MABCH-MA698753-1
21MABCH-MA700735-1,beach,SOURCED: EPA BEACH Act location type,beach_act,BEACH Program Site-Ocean,21MABCH,MA,21MABCH-MA700735-1
21MABCH-MA701589-1,beach,SOURCED: EPA BEACH Act location type,beach_act,BEACH Program Site-Ocean,21MABCH,MA,21MABCH-MA701589-1
21MABCH-MA703173-1,beach,SOURCED: EPA BEACH Act location type,beach_act,BEACH Program Site-Ocean,21MABCH,MA,21MABCH-MA703173-1
21MABCH-MA704853-1,beach,SOURCED: EPA BEACH Act location type,beach_act,BEACH Program Site-Ocean,21MABCH,MA,21MABCH-MA704853-1
21MABCH-MA715507-1,beach,SOURCED: EPA BEACH Act location type,beach_act,BEACH Program Site-Ocean,21MABCH,MA,21MABCH-MA715507-1
21MABCH-MA715607-1,beach,SOURCED: EPA BEACH Act location type,beach_act,BEACH Program Site-Ocean,21MABCH,MA,21MABCH-MA715607-1
21MABCH-MA715948-1,beach,SOURCED: EPA BEACH Act location type,beach_act,BEACH Program Site-Ocean,21MABCH,MA,21MABCH-MA715948-1
21MABCH-MA716287-1,beach,SOURCED: EPA BEACH Act location type,beach_act,BEACH Program Site-Ocean,21MABCH,MA,21MABCH-MA716287-1
21MABCH-MA719545-1,beach,SOURCED: EPA BEACH Act location type,beach_act,BEACH Program Site-Ocean,21MABCH,MA,21MABCH-MA719545-1
21MABCH-MA720593-1,beach,SOURCED: EPA BEACH Act location type,beach_act,BEACH Program Site-Ocean,21MABCH,MA,21MABCH-MA720593-1
21MABCH-MA725124-1,beach,SOURCED: EPA BEACH Act location type,beach_act,BEACH Program Site-Ocean,21MABCH,MA,21MABCH-MA725124-1
21MABCH-MA730450-1,beach,SOURCED: EPA BEACH Act location type,beach_act,BEACH Program Site-Ocean,21MABCH,MA,21MABCH-MA730450-1
21MABCH-MA732900-1,beach,SOURCED: EPA BEACH Act location type,beach_act,BEACH Program Site-Ocean,21MABCH,MA,21MABCH-MA732900-1
21MABCH-MA733751-1,beach,SOURCED: EPA BEACH Act location type,beach_act,BEACH Program Site-Ocean,21MABCH,MA,21MABCH-MA733751-1
21MABCH-MA736353-1,beach,SOURCED: EPA BEACH Act location type,beach_act,BEACH Program Site-Ocean,21MABCH,MA,21MABCH-MA464209-1
21MABCH-MA736369-1,beach,SOURCED: EPA BEACH Act location type,beach_act,BEACH Program Site-Ocean,21MABCH,MA,21MABCH-MA736369-1
21MABCH-MA737218-1,beach,SOURCED: EPA BEACH Act location type,beach_act,BEACH Program Site-Ocean,21MABCH,MA,21MABCH-MA737218-1
21MABCH-MA739950-1,beach,SOURCED: EPA BEACH Act location type,beach_act,BEACH Program Site-Ocean,21MABCH,MA,21MABCH-MA739950-1
21MABCH-MA743318-1,beach,SOURCED: EPA BEACH Act location type,beach_act,BEACH Program Site-Ocean,21MABCH,MA,21MABCH-MA743318-1
21MABCH-MA748740-1,beach,SOURCED: EPA BEACH Act location type,beach_act,BEACH Program Site-Ocean,21MABCH,MA,21MABCH-MA748740-1
21MABCH-MA749708-1,beach,SOURCED: EPA BEACH Act location type,beach_act,BEACH Program Site-Ocean,21MABCH,MA,21MABCH-MA151015-1
21MABCH-MA751175-1,beach,SOURCED: EPA BEACH Act location type,beach_act,BEACH Program Site-Ocean,21MABCH,MA,21MABCH-MA751175-1
21MABCH-MA752065-1,beach,SOURCED: EPA BEACH Act location type,beach_act,BEACH Program Site-Ocean,21MABCH,MA,21MABCH-MA752065-1
21MABCH-MA753387-1,beach,SOURCED: EPA BEACH Act location type,beach_act,BEACH Program Site-Ocean,21MABCH,MA,21MABCH-MA753387-1
21MABCH-MA753563-1,beach,SOURCED: EPA BEACH Act location type,beach_act,BEACH Program Site-Ocean,21MABCH,MA,21MABCH-MA753563-1
21MABCH-MA755479-1,beach,SOURCED: EPA BEACH Act location type,beach_act,BEACH Program Site-Ocean,21MABCH,MA,21MABCH-MA755479-1
21MABCH-MA755479-2,beach,SOURCED: EPA BEACH Act location type,beach_act,BEACH Program Site-Ocean,21MABCH,MA,21MABCH-MA755479-2
21MABCH-MA758031-1,beach,SOURCED: EPA BEACH Act location type,beach_act,BEACH Program Site-Ocean,21MABCH,MA,21MABCH-MA758031-1
21MABCH-MA758675-1,beach,SOURCED: EPA BEACH Act location type,beach_act,BEACH Program Site-Ocean,21MABCH,MA,21MABCH-MA758675-1
21MABCH-MA760601-1,beach,SOURCED: EPA BEACH Act location type,beach_act,BEACH Program Site-Ocean,21MABCH,MA,21MABCH-MA760601-1
21MABCH-MA761893-1,beach,SOURCED: EPA BEACH Act location type,beach_act,BEACH Program Site-Ocean,21MABCH,MA,21MABCH-MA761893-1
21MABCH-MA767879-1,beach,SOURCED: EPA BEACH Act location type,beach_act,BEACH Program Site-Ocean,21MABCH,MA,21MABCH-MA767879-1
21MABCH-MA769380-1,beach,SOURCED: EPA BEACH Act location type,beach_act,BEACH Program Site-Ocean,21MABCH,MA,21MABCH-MA769380-1
21MABCH-MA771446-1,beach,SOURCED: EPA BEACH Act location type,beach_act,BEACH Program Site-Ocean,21MABCH,MA,21MABCH-MA771446-1
21MABCH-MA771599-1,beach,SOURCED: EPA BEACH Act location type,beach_act,BEACH Program Site-Ocean,21MABCH,MA,21MABCH-MA614662-1
21MABCH-MA772199-1,beach,SOURCED: EPA BEACH Act location type,beach_act,BEACH Program Site-Ocean,21MABCH,MA,21MABCH-MA772199-1
21MABCH-MA772916-1,beach,SOURCED: EPA BEACH Act location type,beach_act,BEACH Program Site-Ocean,21MABCH,MA,21MABCH-MA772916-1
21MABCH-MA773357-1,beach,SOURCED: EPA BEACH Act location type,beach_act,BEACH Program Site-Ocean,21MABCH,MA,21MABCH-MA773357-1
21MABCH-MA774596-1,beach,SOURCED: EPA BEACH Act location type,beach_act,BEACH Program Site-Ocean,21MABCH,MA,21MABCH-MA774596-1
21MABCH-MA780412-1,beach,SOURCED: EPA BEACH Act location type,beach_act,BEACH Program Site-Ocean,21MABCH,MA,21MABCH-MA780412-1
21MABCH-MA786288-1,beach,SOURCED: EPA BEACH Act location type,beach_act,BEACH Program Site-Ocean,21MABCH,MA,21MABCH-MA786288-1
21MABCH-MA788803-1,beach,SOURCED: EPA BEACH Act location type,beach_act,BEACH Program Site-Ocean,21MABCH,MA,21MABCH-MA788803-1
21MABCH-MA789600-1,beach,SOURCED: EPA BEACH Act location type,beach_act,BEACH Program Site-Ocean,21MABCH,MA,21MABCH-MA789600-1
21MABCH-MA794165-1,beach,SOURCED: EPA BEACH Act location type,beach_act,BEACH Program Site-Ocean,21MABCH,MA,21MABCH-MA282318-1
21MABCH-MA796562-1,beach,SOURCED: EPA BEACH Act location type,beach_act,BEACH Program Site-Ocean,21MABCH,MA,21MABCH-MA796562-1
21MABCH-MA801427-1,beach,SOURCED: EPA BEACH Act location type,beach_act,BEACH Program Site-Ocean,21MABCH,MA,21MABCH-MA801427-1
21MABCH-MA802515-1,beach,SOURCED: EPA BEACH Act location type,beach_act,BEACH Program Site-Ocean,21MABCH,MA,21MABCH-MA802515-1
21MABCH-MA808045-1,beach,SOURCED: EPA BEACH Act location type,beach_act,BEACH Program Site-Ocean,21MABCH,MA,21MABCH-MA808045-1
21MABCH-MA813829-1,beach,SOURCED: EPA BEACH Act location type,beach_act,BEACH Program Site-Ocean,21MABCH,MA,21MABCH-MA813829-1
21MABCH-MA815597-1,beach,SOURCED: EPA BEACH Act location type,beach_act,BEACH Program Site-Ocean,21MABCH,MA,21MABCH-MA684125-1
21MABCH-MA816297-1,beach,SOURCED: EPA BEACH Act location type,beach_act,BEACH Program Site-Ocean,21MABCH,MA,21MABCH-MA816297-1
21MABCH-MA816733-1,beach,SOURCED: EPA BEACH Act location type,beach_act,BEACH Program Site-Ocean,21MABCH,MA,21MABCH-MA816733-1
21MABCH-MA822481-1,beach,SOURCED: EPA BEACH Act location type,beach_act,BEACH Program Site-Ocean,21MABCH,MA,21MABCH-MA822481-1
21MABCH-MA822629-1,beach,SOURCED: EPA BEACH Act location type,beach_act,BEACH Program Site-Ocean,21MABCH,MA,21MABCH-MA822629-1
21MABCH-MA823928-1,beach,SOURCED: EPA BEACH Act location type,beach_act,BEACH Program Site-Ocean,21MABCH,MA,21MABCH-MA823928-1
21MABCH-MA824643-1,beach,SOURCED: EPA BEACH Act location type,beach_act,BEACH Program Site-Ocean,21MABCH,MA,21MABCH-MA824643-1
21MABCH-MA825255-1,beach,SOURCED: EPA BEACH Act location type,beach_act,BEACH Program Site-Ocean,21MABCH,MA,21MABCH-MA825255-1
21MABCH-MA826085-1,beach,SOURCED: EPA BEACH Act location type,beach_act,BEACH Program Site-Ocean,21MABCH,MA,21MABCH-MA826085-1
21MABCH-MA827016-1,beach,SOURCED: EPA BEACH Act location type,beach_act,BEACH Program Site-Ocean,21MABCH,MA,21MABCH-MA827016-1
21MABCH-MA828337-1,beach,SOURCED: EPA BEACH Act location type,beach_act,BEACH Program Site-Ocean,21MABCH,MA,21MABCH-MA828337-1
21MABCH-MA837135-1,beach,SOURCED: EPA BEACH Act location type,beach_act,BEACH Program Site-Ocean,21MABCH,MA,21MABCH-MA837135-1
21MABCH-MA837294-1,beach,SOURCED: EPA BEACH Act location type,beach_act,BEACH Program Site-Ocean,21MABCH,MA,21MABCH-MA837294-1
21MABCH-MA838168-1,beach,SOURCED: EPA BEACH Act location type,beach_act,BEACH Program Site-Ocean,21MABCH,MA,21MABCH-MA838168-1
21MABCH-MA839637-1,beach,SOURCED: EPA BEACH Act location type,beach_act,BEACH Program Site-Ocean,21MABCH,MA,21MABCH-MA839637-1
21MABCH-MA841187-1,beach,SOURCED: EPA BEACH Act location type,beach_act,BEACH Program Site-Ocean,21MABCH,MA,21MABCH-MA841187-1
21MABCH-MA842468-1,beach,SOURCED: EPA BEACH Act location type,beach_act,BEACH Program Site-Ocean,21MABCH,MA,21MABCH-MA842468-1
21MABCH-MA844254-1,beach,SOURCED: EPA BEACH Act location type,beach_act,BEACH Program Site-Ocean,21MABCH,MA,21MABCH-MA844254-1
21MABCH-MA845437-1,beach,SOURCED: EPA BEACH Act location type,beach_act,BEACH Program Site-Ocean,21MABCH,MA,21MABCH-MA845437-1
21MABCH-MA845618-1,beach,SOURCED: EPA BEACH Act location type,beach_act,BEACH Program Site-Ocean,21MABCH,MA,21MABCH-MA845618-1
21MABCH-MA846279-1,beach,SOURCED: EPA BEACH Act location type,beach_act,BEACH Program Site-Ocean,21MABCH,MA,21MABCH-MA846279-1
21MABCH-MA850825-1,beach,SOURCED: EPA BEACH Act location type,beach_act,BEACH Program Site-Ocean,21MABCH,MA,21MABCH-MA338567-1
21MABCH-MA851889-1,beach,SOURCED: EPA BEACH Act location type,beach_act,BEACH Program Site-Ocean,21MABCH,MA,21MABCH-MA851889-1
21MABCH-MA852444-1,beach,SOURCED: EPA BEACH Act location type,beach_act,BEACH Program Site-Ocean,21MABCH,MA,21MABCH-MA852444-1
21MABCH-MA858920-1,beach,SOURCED: EPA BEACH Act location type,beach_act,BEACH Program Site-Ocean,21MABCH,MA,21MABCH-MA858920-1
21MABCH-MA861846-1,beach,SOURCED: EPA BEACH Act location type,beach_act,BEACH Program Site-Ocean,21MABCH,MA,21MABCH-MA861846-1
21MABCH-MA862458-1,beach,SOURCED: EPA BEACH Act location type,beach_act,BEACH Program Site-Ocean,21MABCH,MA,21MABCH-MA703173-1
21MABCH-MA866757-1,beach,SOURCED: EPA BEACH Act location type,beach_act,BEACH Program Site-Ocean,21MABCH,MA,21MABCH-MA866757-1
21MABCH-MA869051-1,beach,SOURCED: EPA BEACH Act location type,beach_act,BEACH Program Site-Ocean,21MABCH,MA,21MABCH-MA869051-1
21MABCH-MA870041-1,beach,SOURCED: EPA BEACH Act location type,beach_act,BEACH Program Site-Ocean,21MABCH,MA,21MABCH-MA870041-1
21MABCH-MA870078-1,beach,SOURCED: EPA BEACH Act location type,beach_act,BEACH Program Site-Ocean,21MABCH,MA,21MABCH-MA870078-1
21MABCH-MA871019-1,beach,SOURCED: EPA BEACH Act location type,beach_act,BEACH Program Site-Ocean,21MABCH,MA,21MABCH-MA871019-1
21MABCH-MA871019-2,beach,SOURCED: EPA BEACH Act location type,beach_act,BEACH Program Site-Ocean,21MABCH,MA,21MABCH-MA871019-2
21MABCH-MA871019-3,beach,SOURCED: EPA BEACH Act location type,beach_act,BEACH Program Site-Ocean,21MABCH,MA,21MABCH-MA871019-3
21MABCH-MA871019-4,beach,SOURCED: EPA BEACH Act location type,beach_act,BEACH Program Site-Ocean,21MABCH,MA,21MABCH-MA871019-4
21MABCH-MA872338-1,beach,SOURCED: EPA BEACH Act location type,beach_act,BEACH Program Site-Ocean,21MABCH,MA,21MABCH-MA237154-1
21MABCH-MA881381-1,beach,SOURCED: EPA BEACH Act location type,beach_act,BEACH Program Site-Ocean,21MABCH,MA,21MABCH-MA881381-1
21MABCH-MA882144-1,beach,SOURCED: EPA BEACH Act location type,beach_act,BEACH Program Site-Ocean,21MABCH,MA,21MABCH-MA882144-1
21MABCH-MA891161-1,beach,SOURCED: EPA BEACH Act location type,beach_act,BEACH Program Site-Ocean,21MABCH,MA,21MABCH-MA891161-1
21MABCH-MA895787-1,beach,SOURCED: EPA BEACH Act location type,beach_act,BEACH Program Site-Ocean,21MABCH,MA,21MABCH-MA895787-1
21MABCH-MA898442-1,beach,SOURCED: EPA BEACH Act location type,beach_act,BEACH Program Site-Ocean,21MABCH,MA,21MABCH-MA898442-1
21MABCH-MA898442-2,beach,SOURCED: EPA BEACH Act location type,beach_act,BEACH Program Site-Ocean,21MABCH,MA,21MABCH-MA898442-2
21MABCH-MA898442-3,beach,SOURCED: EPA BEACH Act location type,beach_act,BEACH Program Site-Ocean,21MABCH,MA,21MABCH-MA898442-3
21MABCH-MA898442-4,beach,SOURCED: EPA BEACH Act location type,beach_act,BEACH Program Site-Ocean,21MABCH,MA,21MABCH-MA898442-4
21MABCH-MA900105-1,beach,SOURCED: EPA BEACH Act location type,beach_act,BEACH Program Site-Ocean,21MABCH,MA,21MABCH-MA900105-1
21MABCH-MA901313-1,beach,SOURCED: EPA BEACH Act location type,beach_act,BEACH Program Site-Ocean,21MABCH,MA,21MABCH-MA901313-1
21MABCH-MA902548-1,beach,SOURCED: EPA BEACH Act location type,beach_act,BEACH Program Site-Ocean,21MABCH,MA,21MABCH-MA902548-1
21MABCH-MA902745-1,beach,SOURCED: EPA BEACH Act location type,beach_act,BEACH Program Site-Ocean,21MABCH,MA,21MABCH-MA902745-1
21MABCH-MA909064-1,beach,SOURCED: EPA BEACH Act location type,beach_act,BEACH Program Site-Ocean,21MABCH,MA,21MABCH-MA909064-1
21MABCH-MA914656-1,beach,SOURCED: EPA BEACH Act location type,beach_act,BEACH Program Site-Ocean,21MABCH,MA,21MABCH-MA914656-1
21MABCH-MA915672-1,beach,SOURCED: EPA BEACH Act location type,beach_act,BEACH Program Site-Ocean,21MABCH,MA,21MABCH-MA915672-1
21MABCH-MA919254-1,beach,SOURCED: EPA BEACH Act location type,beach_act,BEACH Program Site-Ocean,21MABCH,MA,21MABCH-MA919254-1
21MABCH-MA920751-1,beach,SOURCED: EPA BEACH Act location type,beach_act,BEACH Program Site-Ocean,21MABCH,MA,21MABCH-MA920751-1
21MABCH-MA925103-1,beach,SOURCED: EPA BEACH Act location type,beach_act,BEACH Program Site-Ocean,21MABCH,MA,21MABCH-MA925103-1
21MABCH-MA925801-1,beach,SOURCED: EPA BEACH Act location type,beach_act,BEACH Program Site-Ocean,21MABCH,MA,21MABCH-MA925801-1
21MABCH-MA926504-1,beach,SOURCED: EPA BEACH Act location type,beach_act,BEACH Program Site-Ocean,21MABCH,MA,21MABCH-MA926504-1
21MABCH-MA927258-1,beach,SOURCED: EPA BEACH Act location type,beach_act,BEACH Program Site-Ocean,21MABCH,MA,21MABCH-MA927258-1
21MABCH-MA930718-1,beach,SOURCED: EPA BEACH Act location type,beach_act,BEACH Program Site-Ocean,21MABCH,MA,21MABCH-MA930718-1
21MABCH-MA930792-1,beach,SOURCED: EPA BEACH Act location type,beach_act,BEACH Program Site-Ocean,21MABCH,MA,21MABCH-MA930792-1
21MABCH-MA931143-1,beach,SOURCED: EPA BEACH Act location type,beach_act,BEACH Program Site-Ocean,21MABCH,MA,21MABCH-MA931143-1
21MABCH-MA932238-1,beach,SOURCED: EPA BEACH Act location type,beach_act,BEACH Program Site-Ocean,21MABCH,MA,21MABCH-MA932238-1
21MABCH-MA933088-1,beach,SOURCED: EPA BEACH Act location type,beach_act,BEACH Program Site-Ocean,21MABCH,MA,21MABCH-MA933088-1
21MABCH-MA933943-1,beach,SOURCED: EPA BEACH Act location type,beach_act,BEACH Program Site-Ocean,21MABCH,MA,21MABCH-MA933943-1
21MABCH-MA944848-1,beach,SOURCED: EPA BEACH Act location type,beach_act,BEACH Program Site-Ocean,21MABCH,MA,21MABCH-MA944848-1
21MABCH-MA945584-1,beach,SOURCED: EPA BEACH Act location type,beach_act,BEACH Program Site-Ocean,21MABCH,MA,21MABCH-MA945584-1
21MABCH-MA946610-1,beach,SOURCED: EPA BEACH Act location type,beach_act,BEACH Program Site-Ocean,21MABCH,MA,21MABCH-MA909064-1
21MABCH-MA951037-1,beach,SOURCED: EPA BEACH Act location type,beach_act,BEACH Program Site-Ocean,21MABCH,MA,21MABCH-MA951037-1
21MABCH-MA957865-1,beach,SOURCED: EPA BEACH Act location type,beach_act,BEACH Program Site-Ocean,21MABCH,MA,21MABCH-MA957865-1
21MABCH-MA957964-1,beach,SOURCED: EPA BEACH Act location type,beach_act,BEACH Program Site-Ocean,21MABCH,MA,21MABCH-MA957964-1
21MABCH-MA959316-1,beach,SOURCED: EPA BEACH Act location type,beach_act,BEACH Program Site-Ocean,21MABCH,MA,21MABCH-MA959316-1
21MABCH-MA963030-1,beach,SOURCED: EPA BEACH Act location type,beach_act,BEACH Program Site-Ocean,21MABCH,MA,21MABCH-MA963030-1
21MABCH-MA968666-1,beach,SOURCED: EPA BEACH Act location type,beach_act,BEACH Program Site-Ocean,21MABCH,MA,21MABCH-MA968666-1
21MABCH-MA971441-1,beach,SOURCED: EPA BEACH Act location type,beach_act,BEACH Program Site-Ocean,21MABCH,MA,21MABCH-MA971441-1
21MABCH-MA980528-1,beach,SOURCED: EPA BEACH Act location type,beach_act,BEACH Program Site-Ocean,21MABCH,MA,21MABCH-MA980528-1
21MABCH-MA984037-1,beach,SOURCED: EPA BEACH Act location type,beach_act,BEACH Program Site-Ocean,21MABCH,MA,21MABCH-MA984037-1
21MABCH-MA984282-1,beach,SOURCED: EPA BEACH Act location type,beach_act,BEACH Program Site-Ocean,21MABCH,MA,21MABCH-MA984282-1
21MABCH-MA987337-1,beach,SOURCED: EPA BEACH Act location type,beach_act,BEACH Program Site-Ocean,21MABCH,MA,21MABCH-MA987337-1
21MABCH-MA989186-1,beach,SOURCED: EPA BEACH Act location type,beach_act,BEACH Program Site-Ocean,21MABCH,MA,21MABCH-MA389498-1
21MABCH-MA989630-1,beach,SOURCED: EPA BEACH Act location type,beach_act,BEACH Program Site-Ocean,21MABCH,MA,21MABCH-MA989630-1
21MABCH-MA992505-1,beach,SOURCED: EPA BEACH Act location type,beach_act,BEACH Program Site-Ocean,21MABCH,MA,21MABCH-MA992505-1
21MABCH-MA992552-1,beach,SOURCED: EPA BEACH Act location type,beach_act,BEACH Program Site-Ocean,21MABCH,MA,21MABCH-MA992552-1
21MABCH-MA998571-1,beach,SOURCED: EPA BEACH Act location type,beach_act,BEACH Program Site-Ocean,21MABCH,MA,21MABCH-MA659742-1
21NJBCH-AC0005,beach,SOURCED: EPA BEACH Act location type,beach_act,BEACH Program Site-Estuary,21NJBCH,NJ,21NJBCH-AC0005
21NJBCH-AC0050,beach,SOURCED: EPA BEACH Act location type,beach_act,BEACH Program Site-Estuary,21NJBCH,NJ,21NJBCH-AC0050
21NJBCH-AC0071,beach,SOURCED: EPA BEACH Act location type,beach_act,BEACH Program Site-Estuary,21NJBCH,NJ,21NJBCH-AC0071
21NJBCH-AC1003,beach,SOURCED: EPA BEACH Act location type,beach_act,BEACH Program Site-Ocean,21NJBCH,NJ,21NJBCH-AC1003
21NJBCH-AC1012,beach,SOURCED: EPA BEACH Act location type,beach_act,BEACH Program Site-Ocean,21NJBCH,NJ,21NJBCH-AC1012
21NJBCH-AC1013,beach,SOURCED: EPA BEACH Act location type,beach_act,BEACH Program Site-Ocean,21NJBCH,NJ,21NJBCH-AC1013
21NJBCH-AC1015,beach,SOURCED: EPA BEACH Act location type,beach_act,BEACH Program Site-Ocean,21NJBCH,NJ,21NJBCH-AC1015
21NJBCH-AC1016,beach,SOURCED: EPA BEACH Act location type,beach_act,BEACH Program Site-Ocean,21NJBCH,NJ,21NJBCH-AC1016
21NJBCH-AC1017,beach,SOURCED: EPA BEACH Act location type,beach_act,BEACH Program Site-Ocean,21NJBCH,NJ,21NJBCH-AC1017
21NJBCH-AC1029S,beach,SOURCED: EPA BEACH Act location type,beach_act,BEACH Program Site-Ocean,21NJBCH,NJ,21NJBCH-AC1029S
21NJBCH-AC1036,beach,SOURCED: EPA BEACH Act location type,beach_act,BEACH Program Site-Ocean,21NJBCH,NJ,21NJBCH-AC1036
21NJBCH-AC1039,beach,SOURCED: EPA BEACH Act location type,beach_act,BEACH Program Site-Ocean,21NJBCH,NJ,21NJBCH-AC1039
21NJBCH-AC1041S,beach,SOURCED: EPA BEACH Act location type,beach_act,BEACH Program Site-Ocean,21NJBCH,NJ,21NJBCH-AC1041S
21NJBCH-AC1046S,beach,SOURCED: EPA BEACH Act location type,beach_act,BEACH Program Site-Ocean,21NJBCH,NJ,21NJBCH-AC1046S
21NJBCH-AC1050S,beach,SOURCED: EPA BEACH Act location type,beach_act,BEACH Program Site-Ocean,21NJBCH,NJ,21NJBCH-AC1050S
21NJBCH-AC1061S,beach,SOURCED: EPA BEACH Act location type,beach_act,BEACH Program Site-Ocean,21NJBCH,NJ,21NJBCH-AC1061S
21NJBCH-AC1062S,beach,SOURCED: EPA BEACH Act location type,beach_act,BEACH Program Site-Ocean,21NJBCH,NJ,21NJBCH-AC1062S
21NJBCH-AC1070,beach,SOURCED: EPA BEACH Act location type,beach_act,BEACH Program Site-Ocean,21NJBCH,NJ,21NJBCH-AC1070
21NJBCH-AC1071,beach,SOURCED: EPA BEACH Act location type,beach_act,BEACH Program Site-Ocean,21NJBCH,NJ,21NJBCH-AC1071
21NJBCH-AC1072,beach,SOURCED: EPA BEACH Act location type,beach_act,BEACH Program Site-Ocean,21NJBCH,NJ,21NJBCH-AC1072
21NJBCH-AC1073,beach,SOURCED: EPA BEACH Act location type,beach_act,BEACH Program Site-Ocean,21NJBCH,NJ,21NJBCH-AC1015
21NJBCH-AC1074,beach,SOURCED: EPA BEACH Act location type,beach_act,BEACH Program Site-Ocean,21NJBCH,NJ,21NJBCH-AC1074
21NJBCH-AC1075,beach,SOURCED: EPA BEACH Act location type,beach_act,BEACH Program Site-Ocean,21NJBCH,NJ,21NJBCH-AC1075
21NJBCH-AC1081,beach,SOURCED: EPA BEACH Act location type,beach_act,BEACH Program Site-Ocean,21NJBCH,NJ,21NJBCH-AC1081
21NJBCH-AC1082,beach,SOURCED: EPA BEACH Act location type,beach_act,BEACH Program Site-Ocean,21NJBCH,NJ,21NJBCH-AC1016
21NJBCH-AC1084,beach,SOURCED: EPA BEACH Act location type,beach_act,BEACH Program Site-Ocean,21NJBCH,NJ,21NJBCH-AC1015
21NJBCH-AC1085,beach,SOURCED: EPA BEACH Act location type,beach_act,BEACH Program Site-Ocean,21NJBCH,NJ,21NJBCH-AC1085
21NJBCH-AC1086,beach,SOURCED: EPA BEACH Act location type,beach_act,BEACH Program Site-Ocean,21NJBCH,NJ,21NJBCH-AC1086
21NJBCH-AC1087,beach,SOURCED: EPA BEACH Act location type,beach_act,BEACH Program Site-Ocean,21NJBCH,NJ,21NJBCH-AC1087
21NJBCH-AC1088,beach,SOURCED: EPA BEACH Act location type,beach_act,BEACH Program Site-Ocean,21NJBCH,NJ,21NJBCH-AC1088
21NJBCH-AC1089,beach,SOURCED: EPA BEACH Act location type,beach_act,BEACH Program Site-Ocean,21NJBCH,NJ,21NJBCH-AC1089
21NJBCH-AC1091,beach,SOURCED: EPA BEACH Act location type,beach_act,BEACH Program Site-Ocean,21NJBCH,NJ,21NJBCH-AC1091
21NJBCH-AC1094,beach,SOURCED: EPA BEACH Act location type,beach_act,BEACH Program Site-Ocean,21NJBCH,NJ,21NJBCH-AC1094
21NJBCH-AC1095,beach,SOURCED: EPA BEACH Act location type,beach_act,BEACH Program Site-Ocean,21NJBCH,NJ,21NJBCH-AC1095
21NJBCH-AC1096,beach,SOURCED: EPA BEACH Act location type,beach_act,BEACH Program Site-Ocean,21NJBCH,NJ,21NJBCH-AC1096
21NJBCH-AC1097,beach,SOURCED: EPA BEACH Act location type,beach_act,BEACH Program Site-Ocean,21NJBCH,NJ,21NJBCH-AC1097
21NJBCH-AC1099,beach,SOURCED: EPA BEACH Act location type,beach_act,BEACH Program Site-Ocean,21NJBCH,NJ,21NJBCH-AC1099
21NJBCH-AC1183S,beach,SOURCED: EPA BEACH Act location type,beach_act,BEACH Program Site-Ocean,21NJBCH,NJ,21NJBCH-AC1015
21NJBCH-AC1185S,beach,SOURCED: EPA BEACH Act location type,beach_act,BEACH Program Site-Ocean,21NJBCH,NJ,21NJBCH-AC1070
21NJBCH-AC1189S,beach,SOURCED: EPA BEACH Act location type,beach_act,BEACH Program Site-Ocean,21NJBCH,NJ,21NJBCH-AC1075
21NJBCH-AC1195,beach,SOURCED: EPA BEACH Act location type,beach_act,BEACH Program Site-Ocean,21NJBCH,NJ,21NJBCH-AC1195
21NJBCH-AC1198S,beach,SOURCED: EPA BEACH Act location type,beach_act,BEACH Program Site-Ocean,21NJBCH,NJ,21NJBCH-AC1198S
21NJBCH-AC1199S,beach,SOURCED: EPA BEACH Act location type,beach_act,BEACH Program Site-Ocean,21NJBCH,NJ,21NJBCH-AC1199S
21NJBCH-AC1202S,beach,SOURCED: EPA BEACH Act location type,beach_act,BEACH Program Site-Ocean,21NJBCH,NJ,21NJBCH-AC1202S
21NJBCH-AC1206S,beach,SOURCED: EPA BEACH Act location type,beach_act,BEACH Program Site-Ocean,21NJBCH,NJ,21NJBCH-AC1206S
21NJBCH-AC1229,beach,SOURCED: EPA BEACH Act location type,beach_act,BEACH Program Site-Ocean,21NJBCH,NJ,21NJBCH-AC1202S
21NJBCH-CC0093,beach,SOURCED: EPA BEACH Act location type,beach_act,BEACH Program Site-Estuary,21NJBCH,NJ,21NJBCH-CC0093
21NJBCH-CC0300,beach,SOURCED: EPA BEACH Act location type,beach_act,BEACH Program Site-Estuary,21NJBCH,NJ,21NJBCH-CC0300
21NJBCH-CC1051,beach,SOURCED: EPA BEACH Act location type,beach_act,BEACH Program Site-Ocean,21NJBCH,NJ,21NJBCH-CC1051
21NJBCH-CC1101,beach,SOURCED: EPA BEACH Act location type,beach_act,BEACH Program Site-Ocean,21NJBCH,NJ,21NJBCH-CC1101
21NJBCH-CC1103,beach,SOURCED: EPA BEACH Act location type,beach_act,BEACH Program Site-Ocean,21NJBCH,NJ,21NJBCH-CC1103
21NJBCH-CC1104,beach,SOURCED: EPA BEACH Act location type,beach_act,BEACH Program Site-Ocean,21NJBCH,NJ,21NJBCH-CC1104
21NJBCH-CC1105,beach,SOURCED: EPA BEACH Act location type,beach_act,BEACH Program Site-Ocean,21NJBCH,NJ,21NJBCH-CC1105
21NJBCH-CC1106,beach,SOURCED: EPA BEACH Act location type,beach_act,BEACH Program Site-Ocean,21NJBCH,NJ,21NJBCH-CC1106
21NJBCH-CC1107,beach,SOURCED: EPA BEACH Act location type,beach_act,BEACH Program Site-Ocean,21NJBCH,NJ,21NJBCH-CC1107
21NJBCH-CC1108,beach,SOURCED: EPA BEACH Act location type,beach_act,BEACH Program Site-Ocean,21NJBCH,NJ,21NJBCH-CC1108
21NJBCH-CC1111,beach,SOURCED: EPA BEACH Act location type,beach_act,BEACH Program Site-Ocean,21NJBCH,NJ,21NJBCH-CC1111
21NJBCH-CC1112,beach,SOURCED: EPA BEACH Act location type,beach_act,BEACH Program Site-Ocean,21NJBCH,NJ,21NJBCH-CC1112
21NJBCH-CC1116,beach,SOURCED: EPA BEACH Act location type,beach_act,BEACH Program Site-Ocean,21NJBCH,NJ,21NJBCH-CC1116
21NJBCH-CC1119,beach,SOURCED: EPA BEACH Act location type,beach_act,BEACH Program Site-Ocean,21NJBCH,NJ,21NJBCH-CC1119
21NJBCH-CC1120,beach,SOURCED: EPA BEACH Act location type,beach_act,BEACH Program Site-Ocean,21NJBCH,NJ,21NJBCH-CC1120
21NJBCH-CC1121,beach,SOURCED: EPA BEACH Act location type,beach_act,BEACH Program Site-Ocean,21NJBCH,NJ,21NJBCH-CC1121
21NJBCH-CC1122,beach,SOURCED: EPA BEACH Act location type,beach_act,BEACH Program Site-Ocean,21NJBCH,NJ,21NJBCH-CC1122
21NJBCH-CC1123,beach,SOURCED: EPA BEACH Act location type,beach_act,BEACH Program Site-Ocean,21NJBCH,NJ,21NJBCH-CC1123
21NJBCH-CC1124,beach,SOURCED: EPA BEACH Act location type,beach_act,BEACH Program Site-Ocean,21NJBCH,NJ,21NJBCH-CC1124
21NJBCH-CC1125,beach,SOURCED: EPA BEACH Act location type,beach_act,BEACH Program Site-Ocean,21NJBCH,NJ,21NJBCH-CC1125
21NJBCH-CC1127S,beach,SOURCED: EPA BEACH Act location type,beach_act,BEACH Program Site-Ocean,21NJBCH,NJ,21NJBCH-CC1127S
21NJBCH-CC1129,beach,SOURCED: EPA BEACH Act location type,beach_act,BEACH Program Site-Ocean,21NJBCH,NJ,21NJBCH-CC1129
21NJBCH-CC1130,beach,SOURCED: EPA BEACH Act location type,beach_act,BEACH Program Site-Ocean,21NJBCH,NJ,21NJBCH-CC1130
21NJBCH-CC1133,beach,SOURCED: EPA BEACH Act location type,beach_act,BEACH Program Site-Ocean,21NJBCH,NJ,21NJBCH-CC1133
21NJBCH-CC1134,beach,SOURCED: EPA BEACH Act location type,beach_act,BEACH Program Site-Ocean,21NJBCH,NJ,21NJBCH-CC1134
21NJBCH-CC1135,beach,SOURCED: EPA BEACH Act location type,beach_act,BEACH Program Site-Ocean,21NJBCH,NJ,21NJBCH-CC1135
21NJBCH-CC1136,beach,SOURCED: EPA BEACH Act location type,beach_act,BEACH Program Site-Ocean,21NJBCH,NJ,21NJBCH-CC1136
21NJBCH-CC1148,beach,SOURCED: EPA BEACH Act location type,beach_act,BEACH Program Site-Ocean,21NJBCH,NJ,21NJBCH-CC1148
21NJBCH-CC1154,beach,SOURCED: EPA BEACH Act location type,beach_act,BEACH Program Site-Ocean,21NJBCH,NJ,21NJBCH-CC1125
21NJBCH-CC1156,beach,SOURCED: EPA BEACH Act location type,beach_act,BEACH Program Site-Ocean,21NJBCH,NJ,21NJBCH-CC1156
21NJBCH-CC1160,beach,SOURCED: EPA BEACH Act location type,beach_act,BEACH Program Site-Ocean,21NJBCH,NJ,21NJBCH-CC1160
21NJBCH-CC1162,beach,SOURCED: EPA BEACH Act location type,beach_act,BEACH Program Site-Ocean,21NJBCH,NJ,21NJBCH-CC1162
21NJBCH-CC1163,beach,SOURCED: EPA BEACH Act location type,beach_act,BEACH Program Site-Ocean,21NJBCH,NJ,21NJBCH-CC1163
21NJBCH-CC1166,beach,SOURCED: EPA BEACH Act location type,beach_act,BEACH Program Site-Ocean,21NJBCH,NJ,21NJBCH-CC1166
21NJBCH-CC1168,beach,SOURCED: EPA BEACH Act location type,beach_act,BEACH Program Site-Ocean,21NJBCH,NJ,21NJBCH-CC1168
21NJBCH-CC1169,beach,SOURCED: EPA BEACH Act location type,beach_act,BEACH Program Site-Ocean,21NJBCH,NJ,21NJBCH-CC1169
21NJBCH-CC1170,beach,SOURCED: EPA BEACH Act location type,beach_act,BEACH Program Site-Ocean,21NJBCH,NJ,21NJBCH-CC1170
21NJBCH-CC1171,beach,SOURCED: EPA BEACH Act location type,beach_act,BEACH Program Site-Ocean,21NJBCH,NJ,21NJBCH-CC1171
21NJBCH-CC1173,beach,SOURCED: EPA BEACH Act location type,beach_act,BEACH Program Site-Ocean,21NJBCH,NJ,21NJBCH-CC1173
21NJBCH-CC1174,beach,SOURCED: EPA BEACH Act location type,beach_act,BEACH Program Site-Ocean,21NJBCH,NJ,21NJBCH-CC1174
21NJBCH-CC1175,beach,SOURCED: EPA BEACH Act location type,beach_act,BEACH Program Site-Ocean,21NJBCH,NJ,21NJBCH-CC1175
21NJBCH-CC1176,beach,SOURCED: EPA BEACH Act location type,beach_act,BEACH Program Site-Ocean,21NJBCH,NJ,21NJBCH-CC1176
21NJBCH-CC1177,beach,SOURCED: EPA BEACH Act location type,beach_act,BEACH Program Site-Ocean,21NJBCH,NJ,21NJBCH-CC1177
21NJBCH-CC1178,beach,SOURCED: EPA BEACH Act location type,beach_act,BEACH Program Site-Ocean,21NJBCH,NJ,21NJBCH-CC1178
21NJBCH-CC1179,beach,SOURCED: EPA BEACH Act location type,beach_act,BEACH Program Site-Ocean,21NJBCH,NJ,21NJBCH-CC1179
21NJBCH-CC1180,beach,SOURCED: EPA BEACH Act location type,beach_act,BEACH Program Site-Ocean,21NJBCH,NJ,21NJBCH-CC1180
21NJBCH-CC1181,beach,SOURCED: EPA BEACH Act location type,beach_act,BEACH Program Site-Ocean,21NJBCH,NJ,21NJBCH-CC1181
21NJBCH-CC1182,beach,SOURCED: EPA BEACH Act location type,beach_act,BEACH Program Site-Ocean,21NJBCH,NJ,21NJBCH-CC1182
21NJBCH-CC1183,beach,SOURCED: EPA BEACH Act location type,beach_act,BEACH Program Site-Ocean,21NJBCH,NJ,21NJBCH-CC1183
21NJBCH-CC1184,beach,SOURCED: EPA BEACH Act location type,beach_act,BEACH Program Site-Ocean,21NJBCH,NJ,21NJBCH-CC1184
21NJBCH-CC1185,beach,SOURCED: EPA BEACH Act location type,beach_act,BEACH Program Site-Ocean,21NJBCH,NJ,21NJBCH-CC1185
21NJBCH-CC1186,beach,SOURCED: EPA BEACH Act location type,beach_act,BEACH Program Site-Ocean,21NJBCH,NJ,21NJBCH-CC1186
21NJBCH-CC1187,beach,SOURCED: EPA BEACH Act location type,beach_act,BEACH Program Site-Ocean,21NJBCH,NJ,21NJBCH-CC1187
21NJBCH-CC1188,beach,SOURCED: EPA BEACH Act location type,beach_act,BEACH Program Site-Ocean,21NJBCH,NJ,21NJBCH-CC1188
21NJBCH-CC1189,beach,SOURCED: EPA BEACH Act location type,beach_act,BEACH Program Site-Ocean,21NJBCH,NJ,21NJBCH-CC1189
21NJBCH-CC1190,beach,SOURCED: EPA BEACH Act location type,beach_act,BEACH Program Site-Ocean,21NJBCH,NJ,21NJBCH-CC1190
21NJBCH-CC1191,beach,SOURCED: EPA BEACH Act location type,beach_act,BEACH Program Site-Ocean,21NJBCH,NJ,21NJBCH-CC1191
21NJBCH-CC1192,beach,SOURCED: EPA BEACH Act location type,beach_act,BEACH Program Site-Ocean,21NJBCH,NJ,21NJBCH-CC1192
21NJBCH-CC1193,beach,SOURCED: EPA BEACH Act location type,beach_act,BEACH Program Site-Ocean,21NJBCH,NJ,21NJBCH-CC1193
21NJBCH-CC1195,beach,SOURCED: EPA BEACH Act location type,beach_act,BEACH Program Site-Ocean,21NJBCH,NJ,21NJBCH-CC1195
21NJBCH-CC1196,beach,SOURCED: EPA BEACH Act location type,beach_act,BEACH Program Site-Ocean,21NJBCH,NJ,21NJBCH-CC1196
21NJBCH-CC1210,beach,SOURCED: EPA BEACH Act location type,beach_act,BEACH Program Site-Ocean,21NJBCH,NJ,21NJBCH-CC1210
21NJBCH-CC1211,beach,SOURCED: EPA BEACH Act location type,beach_act,BEACH Program Site-Ocean,21NJBCH,NJ,21NJBCH-CC1211
21NJBCH-MC0031,beach,SOURCED: EPA BEACH Act location type,beach_act,BEACH Program Site-Estuary,21NJBCH,NJ,21NJBCH-MC0031
21NJBCH-MC0049,beach,SOURCED: EPA BEACH Act location type,beach_act,BEACH Program Site-Estuary,21NJBCH,NJ,21NJBCH-MC0049
21NJBCH-MC0050,beach,SOURCED: EPA BEACH Act location type,beach_act,BEACH Program Site-Estuary,21NJBCH,NJ,21NJBCH-MC0050
21NJBCH-MC1013,beach,SOURCED: EPA BEACH Act location type,beach_act,BEACH Program Site-Ocean,21NJBCH,NJ,21NJBCH-MC1013
21NJBCH-MC1018,beach,SOURCED: EPA BEACH Act location type,beach_act,BEACH Program Site-Ocean,21NJBCH,NJ,21NJBCH-MC1018
21NJBCH-MC1019,beach,SOURCED: EPA BEACH Act location type,beach_act,BEACH Program Site-Ocean,21NJBCH,NJ,21NJBCH-MC1019
21NJBCH-MC1020,beach,SOURCED: EPA BEACH Act location type,beach_act,BEACH Program Site-Ocean,21NJBCH,NJ,21NJBCH-MC1020
21NJBCH-MC1021,beach,SOURCED: EPA BEACH Act location type,beach_act,BEACH Program Site-Ocean,21NJBCH,NJ,21NJBCH-MC1021
21NJBCH-MC1022,beach,SOURCED: EPA BEACH Act location type,beach_act,BEACH Program Site-Ocean,21NJBCH,NJ,21NJBCH-MC1022
21NJBCH-MC1023,beach,SOURCED: EPA BEACH Act location type,beach_act,BEACH Program Site-Ocean,21NJBCH,NJ,21NJBCH-MC1023
21NJBCH-MC1024,beach,SOURCED: EPA BEACH Act location type,beach_act,BEACH Program Site-Ocean,21NJBCH,NJ,21NJBCH-MC1024
21NJBCH-MC1027,beach,SOURCED: EPA BEACH Act location type,beach_act,BEACH Program Site-Ocean,21NJBCH,NJ,21NJBCH-MC1027
21NJBCH-MC1031,beach,SOURCED: EPA BEACH Act location type,beach_act,BEACH Program Site-Ocean,21NJBCH,NJ,21NJBCH-MC1031
21NJBCH-MC1036,beach,SOURCED: EPA BEACH Act location type,beach_act,BEACH Program Site-Ocean,21NJBCH,NJ,21NJBCH-MC1036
21NJBCH-MC1039,beach,SOURCED: EPA BEACH Act location type,beach_act,BEACH Program Site-Ocean,21NJBCH,NJ,21NJBCH-MC1039
21NJBCH-MC1041,beach,SOURCED: EPA BEACH Act location type,beach_act,BEACH Program Site-Ocean,21NJBCH,NJ,21NJBCH-MC1041
21NJBCH-MC1043,beach,SOURCED: EPA BEACH Act location type,beach_act,BEACH Program Site-Ocean,21NJBCH,NJ,21NJBCH-MC1043
21NJBCH-MC1046S,beach,SOURCED: EPA BEACH Act location type,beach_act,BEACH Program Site-Ocean,21NJBCH,NJ,21NJBCH-MC1046S
21NJBCH-MC1047,beach,SOURCED: EPA BEACH Act location type,beach_act,BEACH Program Site-Ocean,21NJBCH,NJ,21NJBCH-MC1047
21NJBCH-MC1050,beach,SOURCED: EPA BEACH Act location type,beach_act,BEACH Program Site-Ocean,21NJBCH,NJ,21NJBCH-MC1050
21NJBCH-MC1051,beach,SOURCED: EPA BEACH Act location type,beach_act,BEACH Program Site-Ocean,21NJBCH,NJ,21NJBCH-MC1051
21NJBCH-MC1052,beach,SOURCED: EPA BEACH Act location type,beach_act,BEACH Program Site-Ocean,21NJBCH,NJ,21NJBCH-MC1052
21NJBCH-MC1053,beach,SOURCED: EPA BEACH Act location type,beach_act,BEACH Program Site-Ocean,21NJBCH,NJ,21NJBCH-MC1053
21NJBCH-MC1054,beach,SOURCED: EPA BEACH Act location type,beach_act,BEACH Program Site-Ocean,21NJBCH,NJ,21NJBCH-MC1054
21NJBCH-MC1056,beach,SOURCED: EPA BEACH Act location type,beach_act,BEACH Program Site-Ocean,21NJBCH,NJ,21NJBCH-MC1056
21NJBCH-MC1057,beach,SOURCED: EPA BEACH Act location type,beach_act,BEACH Program Site-Ocean,21NJBCH,NJ,21NJBCH-MC1057
21NJBCH-MC1058,beach,SOURCED: EPA BEACH Act location type,beach_act,BEACH Program Site-Ocean,21NJBCH,NJ,21NJBCH-MC1058
21NJBCH-MC1059,beach,SOURCED: EPA BEACH Act location type,beach_act,BEACH Program Site-Ocean,21NJBCH,NJ,21NJBCH-MC1059
21NJBCH-MC1060,beach,SOURCED: EPA BEACH Act location type,beach_act,BEACH Program Site-Ocean,21NJBCH,NJ,21NJBCH-MC1060
21NJBCH-MC1062,beach,SOURCED: EPA BEACH Act location type,beach_act,BEACH Program Site-Ocean,21NJBCH,NJ,21NJBCH-MC1062
21NJBCH-MC1065,beach,SOURCED: EPA BEACH Act location type,beach_act,BEACH Program Site-Ocean,21NJBCH,NJ,21NJBCH-MC1065
21NJBCH-MC1067,beach,SOURCED: EPA BEACH Act location type,beach_act,BEACH Program Site-Ocean,21NJBCH,NJ,21NJBCH-MC1060
21NJBCH-MC1070,beach,SOURCED: EPA BEACH Act location type,beach_act,BEACH Program Site-Ocean,21NJBCH,NJ,21NJBCH-MC1060
21NJBCH-MC1071,beach,SOURCED: EPA BEACH Act location type,beach_act,BEACH Program Site-Ocean,21NJBCH,NJ,21NJBCH-MC1060
21NJBCH-MC1072,beach,SOURCED: EPA BEACH Act location type,beach_act,BEACH Program Site-Ocean,21NJBCH,NJ,21NJBCH-MC1072
21NJBCH-MC1075,beach,SOURCED: EPA BEACH Act location type,beach_act,BEACH Program Site-Ocean,21NJBCH,NJ,21NJBCH-MC1075
21NJBCH-MC1081,beach,SOURCED: EPA BEACH Act location type,beach_act,BEACH Program Site-Ocean,21NJBCH,NJ,21NJBCH-MC1081
21NJBCH-MC1082,beach,SOURCED: EPA BEACH Act location type,beach_act,BEACH Program Site-Ocean,21NJBCH,NJ,21NJBCH-MC1081
21NJBCH-MC1083,beach,SOURCED: EPA BEACH Act location type,beach_act,BEACH Program Site-Ocean,21NJBCH,NJ,21NJBCH-MC1083
21NJBCH-MC1084,beach,SOURCED: EPA BEACH Act location type,beach_act,BEACH Program Site-Ocean,21NJBCH,NJ,21NJBCH-MC1084
21NJBCH-MC1096,beach,SOURCED: EPA BEACH Act location type,beach_act,BEACH Program Site-Ocean,21NJBCH,NJ,21NJBCH-MC1096
21NJBCH-MC1122S,beach,SOURCED: EPA BEACH Act location type,beach_act,BEACH Program Site-Ocean,21NJBCH,NJ,21NJBCH-MC1122S
21NJBCH-MC1128S,beach,SOURCED: EPA BEACH Act location type,beach_act,BEACH Program Site-Ocean,21NJBCH,NJ,21NJBCH-MC1128S
21NJBCH-MC1180S,beach,SOURCED: EPA BEACH Act location type,beach_act,BEACH Program Site-Ocean,21NJBCH,NJ,21NJBCH-MC1022
21NJBCH-MC1187S,beach,SOURCED: EPA BEACH Act location type,beach_act,BEACH Program Site-Ocean,21NJBCH,NJ,21NJBCH-MC1187S
21NJBCH-MC1300,beach,SOURCED: EPA BEACH Act location type,beach_act,BEACH Program Site-Ocean,21NJBCH,NJ,21NJBCH-MC1300
21NJBCH-MCSH8C,beach,SOURCED: EPA BEACH Act location type,beach_act,BEACH Program Site-Ocean,21NJBCH,NJ,21NJBCH-MCSH8C
21NJBCH-OC0036,beach,SOURCED: EPA BEACH Act location type,beach_act,BEACH Program Site-Estuary,21NJBCH,NJ,21NJBCH-OC0036
21NJBCH-OC0055,beach,SOURCED: EPA BEACH Act location type,beach_act,BEACH Program Site-Estuary,21NJBCH,NJ,21NJBCH-OC0055
21NJBCH-OC0069,beach,SOURCED: EPA BEACH Act location type,beach_act,BEACH Program Site-Estuary,21NJBCH,NJ,21NJBCH-OC0069
21NJBCH-OC0073,beach,SOURCED: EPA BEACH Act location type,beach_act,BEACH Program Site-Estuary,21NJBCH,NJ,21NJBCH-OC0073
21NJBCH-OC0077,beach,SOURCED: EPA BEACH Act location type,beach_act,BEACH Program Site-Estuary,21NJBCH,NJ,21NJBCH-OC0077
21NJBCH-OC0103,beach,SOURCED: EPA BEACH Act location type,beach_act,BEACH Program Site-Estuary,21NJBCH,NJ,21NJBCH-OC0103
21NJBCH-OC0109,beach,SOURCED: EPA BEACH Act location type,beach_act,BEACH Program Site-Estuary,21NJBCH,NJ,21NJBCH-OC0109
21NJBCH-OC0110,beach,SOURCED: EPA BEACH Act location type,beach_act,BEACH Program Site-Estuary,21NJBCH,NJ,21NJBCH-OC0109
21NJBCH-OC0112,beach,SOURCED: EPA BEACH Act location type,beach_act,BEACH Program Site-Estuary,21NJBCH,NJ,21NJBCH-OC0112
21NJBCH-OC0116,beach,SOURCED: EPA BEACH Act location type,beach_act,BEACH Program Site-Estuary,21NJBCH,NJ,21NJBCH-OC0116
21NJBCH-OC0117,beach,SOURCED: EPA BEACH Act location type,beach_act,BEACH Program Site-Estuary,21NJBCH,NJ,21NJBCH-OC0117
21NJBCH-OC0118,beach,SOURCED: EPA BEACH Act location type,beach_act,BEACH Program Site-Estuary,21NJBCH,NJ,21NJBCH-OC0118
21NJBCH-OC0119,beach,SOURCED: EPA BEACH Act location type,beach_act,BEACH Program Site-Estuary,21NJBCH,NJ,21NJBCH-OC0119
21NJBCH-OC0125,beach,SOURCED: EPA BEACH Act location type,beach_act,BEACH Program Site-Estuary,21NJBCH,NJ,21NJBCH-OC0125
21NJBCH-OC0132,beach,SOURCED: EPA BEACH Act location type,beach_act,BEACH Program Site-Estuary,21NJBCH,NJ,21NJBCH-OC0132
21NJBCH-OC0136,beach,SOURCED: EPA BEACH Act location type,beach_act,BEACH Program Site-Estuary,21NJBCH,NJ,21NJBCH-OC0136
21NJBCH-OC0138,beach,SOURCED: EPA BEACH Act location type,beach_act,BEACH Program Site-Estuary,21NJBCH,NJ,21NJBCH-OC0138
21NJBCH-OC0140,beach,SOURCED: EPA BEACH Act location type,beach_act,BEACH Program Site-Estuary,21NJBCH,NJ,21NJBCH-OC0140
21NJBCH-OC0142,beach,SOURCED: EPA BEACH Act location type,beach_act,BEACH Program Site-Estuary,21NJBCH,NJ,21NJBCH-OC0142
21NJBCH-OC1001,beach,SOURCED: EPA BEACH Act location type,beach_act,BEACH Program Site-Ocean,21NJBCH,NJ,21NJBCH-OC1001
21NJBCH-OC1002,beach,SOURCED: EPA BEACH Act location type,beach_act,BEACH Program Site-Ocean,21NJBCH,NJ,21NJBCH-OC1002
21NJBCH-OC1005,beach,SOURCED: EPA BEACH Act location type,beach_act,BEACH Program Site-Ocean,21NJBCH,NJ,21NJBCH-OC1005
21NJBCH-OC1019,beach,SOURCED: EPA BEACH Act location type,beach_act,BEACH Program Site-Ocean,21NJBCH,NJ,21NJBCH-OC1019
21NJBCH-OC1024,beach,SOURCED: EPA BEACH Act location type,beach_act,BEACH Program Site-Ocean,21NJBCH,NJ,21NJBCH-OC1024
21NJBCH-OC1025,beach,SOURCED: EPA BEACH Act location type,beach_act,BEACH Program Site-Ocean,21NJBCH,NJ,21NJBCH-OC1025
21NJBCH-OC1027,beach,SOURCED: EPA BEACH Act location type,beach_act,BEACH Program Site-Ocean,21NJBCH,NJ,21NJBCH-OC1027
21NJBCH-OC1029,beach,SOURCED: EPA BEACH Act location type,beach_act,BEACH Program Site-Ocean,21NJBCH,NJ,21NJBCH-OC1029
21NJBCH-OC1033,beach,SOURCED: EPA BEACH Act location type,beach_act,BEACH Program Site-Ocean,21NJBCH,NJ,21NJBCH-OC1033
21NJBCH-OC1035,beach,SOURCED: EPA BEACH Act location type,beach_act,BEACH Program Site-Ocean,21NJBCH,NJ,21NJBCH-OC1035
21NJBCH-OC1042,beach,SOURCED: EPA BEACH Act location type,beach_act,BEACH Program Site-Ocean,21NJBCH,NJ,21NJBCH-OC1042
21NJBCH-OC1044,beach,SOURCED: EPA BEACH Act location type,beach_act,BEACH Program Site-Ocean,21NJBCH,NJ,21NJBCH-OC1044
21NJBCH-OC1046,beach,SOURCED: EPA BEACH Act location type,beach_act,BEACH Program Site-Ocean,21NJBCH,NJ,21NJBCH-OC1046
21NJBCH-OC1048,beach,SOURCED: EPA BEACH Act location type,beach_act,BEACH Program Site-Ocean,21NJBCH,NJ,21NJBCH-OC1048
21NJBCH-OC1050,beach,SOURCED: EPA BEACH Act location type,beach_act,BEACH Program Site-Ocean,21NJBCH,NJ,21NJBCH-OC1050
21NJBCH-OC1054,beach,SOURCED: EPA BEACH Act location type,beach_act,BEACH Program Site-Ocean,21NJBCH,NJ,21NJBCH-OC1054
21NJBCH-OC1068,beach,SOURCED: EPA BEACH Act location type,beach_act,BEACH Program Site-Ocean,21NJBCH,NJ,21NJBCH-OC1068
21NJBCH-OC1072,beach,SOURCED: EPA BEACH Act location type,beach_act,BEACH Program Site-Ocean,21NJBCH,NJ,21NJBCH-OC1072
21NJBCH-OC1076,beach,SOURCED: EPA BEACH Act location type,beach_act,BEACH Program Site-Ocean,21NJBCH,NJ,21NJBCH-OC1076
21NJBCH-OC1078,beach,SOURCED: EPA BEACH Act location type,beach_act,BEACH Program Site-Ocean,21NJBCH,NJ,21NJBCH-OC1078
21NJBCH-OC1085,beach,SOURCED: EPA BEACH Act location type,beach_act,BEACH Program Site-Ocean,21NJBCH,NJ,21NJBCH-OC1085
21NJBCH-OC1094,beach,SOURCED: EPA BEACH Act location type,beach_act,BEACH Program Site-Ocean,21NJBCH,NJ,21NJBCH-OC1094
21NJBCH-OC1095,beach,SOURCED: EPA BEACH Act location type,beach_act,BEACH Program Site-Ocean,21NJBCH,NJ,21NJBCH-OC1095
21NJBCH-OC1129,beach,SOURCED: EPA BEACH Act location type,beach_act,BEACH Program Site-Ocean,21NJBCH,NJ,21NJBCH-OC1129
21NJBCH-OC1130,beach,SOURCED: EPA BEACH Act location type,beach_act,BEACH Program Site-Ocean,21NJBCH,NJ,21NJBCH-OC1130
21NJBCH-OC1135,beach,SOURCED: EPA BEACH Act location type,beach_act,BEACH Program Site-Ocean,21NJBCH,NJ,21NJBCH-OC1135
21NJBCH-OC1136,beach,SOURCED: EPA BEACH Act location type,beach_act,BEACH Program Site-Ocean,21NJBCH,NJ,21NJBCH-OC1136
31DELRBC_WQX-091017,shellfish,"INFERRED: not a BEACH Act station and reports fecal coliform, the NSSP growing-area indicator",non_beach,Estuary,31DELRBC_WQX,NJ,31DELRBC_WQX-091017
31DELRBC_WQX-091028,shellfish,"INFERRED: not a BEACH Act station and reports fecal coliform, the NSSP growing-area indicator",non_beach,Estuary,31DELRBC_WQX,NJ,31DELRBC_WQX-091028
DRBC-DS_NJ,unclassified,"neither: no BEACH Act type, no beach neighbour, no fittable fecal coliform",non_beach,Estuary,DRBC,NJ,DRBC-DS_NJ
DRBC-MO_NJ,unclassified,"neither: no BEACH Act type, no beach neighbour, no fittable fecal coliform",non_beach,Estuary,DRBC,NJ,DRBC-MO_NJ
DRBC-US_NJ,unclassified,"neither: no BEACH Act type, no beach neighbour, no fittable fecal coliform",non_beach,Estuary,DRBC,NJ,DRBC-US_NJ
IEC-NYNJCT-EMAP_CS_WQX-NJ05-0020-A,unclassified,"neither: no BEACH Act type, no beach neighbour, no fittable fecal coliform",non_beach,Estuary,IEC-NYNJCT,NJ,IEC-NYNJCT-EMAP_CS_WQX-NJ05-0020-A
IEC-NYNJCT-IEC_11,shellfish,"INFERRED: not a BEACH Act station and reports fecal coliform, the NSSP growing-area indicator",non_beach,Estuary,IEC-NYNJCT,NJ,IEC-NYNJCT-IEC_11
IEC-NYNJCT-IEC9,shellfish,"INFERRED: not a BEACH Act station and reports fecal coliform, the NSSP growing-area indicator",non_beach,Estuary,IEC-NYNJCT,NJ,IEC-NYNJCT-IEC9
IEC-NYNJCT-NJHDG_18,shellfish,"INFERRED: not a BEACH Act station and reports fecal coliform, the NSSP growing-area indicator",non_beach,Estuary,IEC-NYNJCT,NJ,IEC-NYNJCT-NJHDG_18
IEC-NYNJCT-USGS_01407081,shellfish,"INFERRED: not a BEACH Act station and reports fecal coliform, the NSSP growing-area indicator",non_beach,Estuary,IEC-NYNJCT,NJ,IEC-NYNJCT-USGS_01407081
NJDEP_BB-1403A,shellfish,"INFERRED: not a BEACH Act station and reports fecal coliform, the NSSP growing-area indicator",non_beach,Estuary,NJDEP_BB,NJ,NJDEP_BB-1403A
NJDEP_BB-1661A,shellfish,"INFERRED: not a BEACH Act station and reports fecal coliform, the NSSP growing-area indicator",non_beach,Estuary,NJDEP_BB,NJ,NJDEP_BB-1661A
NJDEP_BB-1663A,shellfish,"INFERRED: not a BEACH Act station and reports fecal coliform, the NSSP growing-area indicator",non_beach,Estuary,NJDEP_BB,NJ,NJDEP_BB-1663A
NJDEP_BB-1675,shellfish,"INFERRED: not a BEACH Act station and reports fecal coliform, the NSSP growing-area indicator",non_beach,Estuary,NJDEP_BB,NJ,NJDEP_BB-1675
NJDEP_BB-1706,shellfish,"INFERRED: not a BEACH Act station and reports fecal coliform, the NSSP growing-area indicator",non_beach,Estuary,NJDEP_BB,NJ,NJDEP_BB-1706
NJDEP_BB-1800B,shellfish,"INFERRED: not a BEACH Act station and reports fecal coliform, the NSSP growing-area indicator",non_beach,Estuary,NJDEP_BB,NJ,NJDEP_BB-1800B
NJDEP_BB-BB01,shellfish,"INFERRED: not a BEACH Act station and reports fecal coliform, the NSSP growing-area indicator",non_beach,Estuary,NJDEP_BB,NJ,NJDEP_BB-BB01
NJDEP_BB-BB03,shellfish,"INFERRED: not a BEACH Act station and reports fecal coliform, the NSSP growing-area indicator",non_beach,Estuary,NJDEP_BB,NJ,NJDEP_BB-BB03
NJDEP_BB-BB04,shellfish,"INFERRED: not a BEACH Act station and reports fecal coliform, the NSSP growing-area indicator",non_beach,Estuary,NJDEP_BB,NJ,NJDEP_BB-BB04
NJDEP_BB-BB04a,shellfish,"INFERRED: not a BEACH Act station and reports fecal coliform, the NSSP growing-area indicator",non_beach,Estuary,NJDEP_BB,NJ,NJDEP_BB-BB04a
NJDEP_BB-BB05a,shellfish,"INFERRED: not a BEACH Act station and reports fecal coliform, the NSSP growing-area indicator",non_beach,Estuary,NJDEP_BB,NJ,NJDEP_BB-BB05a
NJDEP_BB-BB06,shellfish,"INFERRED: not a BEACH Act station and reports fecal coliform, the NSSP growing-area indicator",non_beach,Estuary,NJDEP_BB,NJ,NJDEP_BB-BB06
NJDEP_BB-BB07a,shellfish,"INFERRED: not a BEACH Act station and reports fecal coliform, the NSSP growing-area indicator",non_beach,Estuary,NJDEP_BB,NJ,NJDEP_BB-BB07a
NJDEP_BB-BB08,shellfish,"INFERRED: not a BEACH Act station and reports fecal coliform, the NSSP growing-area indicator",non_beach,Estuary,NJDEP_BB,NJ,NJDEP_BB-BB08
NJDEP_BB-BB09,shellfish,"INFERRED: not a BEACH Act station and reports fecal coliform, the NSSP growing-area indicator",non_beach,Estuary,NJDEP_BB,NJ,NJDEP_BB-BB09
NJDEP_BB-BB10,shellfish,"INFERRED: not a BEACH Act station and reports fecal coliform, the NSSP growing-area indicator",non_beach,Estuary,NJDEP_BB,NJ,NJDEP_BB-BB10
NJDEP_BB-BB12,shellfish,"INFERRED: not a BEACH Act station and reports fecal coliform, the NSSP growing-area indicator",non_beach,Estuary,NJDEP_BB,NJ,NJDEP_BB-BB12
NJDEP_BB-BB13,shellfish,"INFERRED: not a BEACH Act station and reports fecal coliform, the NSSP growing-area indicator",non_beach,Estuary,NJDEP_BB,NJ,NJDEP_BB-BB13
NJDEP_BB-BB14,shellfish,"INFERRED: not a BEACH Act station and reports fecal coliform, the NSSP growing-area indicator",non_beach,Estuary,NJDEP_BB,NJ,NJDEP_BB-BB14
NJDEP_BMWM-10,shellfish,"INFERRED: not a BEACH Act station and reports fecal coliform, the NSSP growing-area indicator",non_beach,Estuary,NJDEP_BMWM,NJ,NJDEP_BMWM-10
NJDEP_BMWM-1000A,shellfish,"INFERRED: not a BEACH Act station and reports fecal coliform, the NSSP growing-area indicator",non_beach,Estuary,NJDEP_BMWM,NJ,NJDEP_BMWM-1000A
NJDEP_BMWM-1000B,shellfish,"INFERRED: not a BEACH Act station and reports fecal coliform, the NSSP growing-area indicator",non_beach,Estuary,NJDEP_BMWM,NJ,NJDEP_BMWM-1000A
NJDEP_BMWM-1000C,shellfish,"INFERRED: not a BEACH Act station and reports fecal coliform, the NSSP growing-area indicator",non_beach,Estuary,NJDEP_BMWM,NJ,NJDEP_BMWM-1000C
NJDEP_BMWM-1000E,shellfish,"INFERRED: not a BEACH Act station and reports fecal coliform, the NSSP growing-area indicator",non_beach,Estuary,NJDEP_BMWM,NJ,NJDEP_BMWM-1000E
NJDEP_BMWM-1001,shellfish,"INFERRED: not a BEACH Act station and reports fecal coliform, the NSSP growing-area indicator",non_beach,Estuary,NJDEP_BMWM,NJ,NJDEP_BMWM-1001
NJDEP_BMWM-1001A,shellfish,"INFERRED: not a BEACH Act station and reports fecal coliform, the NSSP growing-area indicator",non_beach,Estuary,NJDEP_BMWM,NJ,NJDEP_BMWM-1001A
NJDEP_BMWM-1002A,shellfish,"INFERRED: not a BEACH Act station and reports fecal coliform, the NSSP growing-area indicator",non_beach,Estuary,NJDEP_BMWM,NJ,NJDEP_BMWM-1002A
NJDEP_BMWM-1002C,shellfish,"INFERRED: not a BEACH Act station and reports fecal coliform, the NSSP growing-area indicator",non_beach,Estuary,NJDEP_BMWM,NJ,NJDEP_BMWM-1002C
NJDEP_BMWM-1003A,shellfish,"INFERRED: not a BEACH Act station and reports fecal coliform, the NSSP growing-area indicator",non_beach,Estuary,NJDEP_BMWM,NJ,NJDEP_BMWM-1003A
NJDEP_BMWM-1003B,shellfish,"INFERRED: not a BEACH Act station and reports fecal coliform, the NSSP growing-area indicator",non_beach,Estuary,NJDEP_BMWM,NJ,NJDEP_BMWM-1003B
NJDEP_BMWM-1004,shellfish,"INFERRED: not a BEACH Act station and reports fecal coliform, the NSSP growing-area indicator",non_beach,Estuary,NJDEP_BMWM,NJ,NJDEP_BMWM-1004
NJDEP_BMWM-1004B,shellfish,"INFERRED: not a BEACH Act station and reports fecal coliform, the NSSP growing-area indicator",non_beach,Estuary,NJDEP_BMWM,NJ,NJDEP_BMWM-1004B
NJDEP_BMWM-1004D,shellfish,"INFERRED: not a BEACH Act station and reports fecal coliform, the NSSP growing-area indicator",non_beach,Estuary,NJDEP_BMWM,NJ,NJDEP_BMWM-1004D
NJDEP_BMWM-1006,shellfish,"INFERRED: not a BEACH Act station and reports fecal coliform, the NSSP growing-area indicator",non_beach,Estuary,NJDEP_BMWM,NJ,NJDEP_BMWM-1006
NJDEP_BMWM-1006B,shellfish,"INFERRED: not a BEACH Act station and reports fecal coliform, the NSSP growing-area indicator",non_beach,Estuary,NJDEP_BMWM,NJ,NJDEP_BMWM-1006B
NJDEP_BMWM-1007,shellfish,"INFERRED: not a BEACH Act station and reports fecal coliform, the NSSP growing-area indicator",non_beach,Estuary,NJDEP_BMWM,NJ,NJDEP_BMWM-1007
NJDEP_BMWM-1007B,shellfish,"INFERRED: not a BEACH Act station and reports fecal coliform, the NSSP growing-area indicator",non_beach,Estuary,NJDEP_BMWM,NJ,NJDEP_BMWM-1007B
NJDEP_BMWM-1008A,shellfish,"INFERRED: not a BEACH Act station and reports fecal coliform, the NSSP growing-area indicator",non_beach,Estuary,NJDEP_BMWM,NJ,NJDEP_BMWM-1008A
NJDEP_BMWM-1008C,shellfish,"INFERRED: not a BEACH Act station and reports fecal coliform, the NSSP growing-area indicator",non_beach,Estuary,NJDEP_BMWM,NJ,NJDEP_BMWM-1008C
NJDEP_BMWM-1009,shellfish,"INFERRED: not a BEACH Act station and reports fecal coliform, the NSSP growing-area indicator",non_beach,Estuary,NJDEP_BMWM,NJ,NJDEP_BMWM-1009
NJDEP_BMWM-1010,shellfish,"INFERRED: not a BEACH Act station and reports fecal coliform, the NSSP growing-area indicator",non_beach,Estuary,NJDEP_BMWM,NJ,NJDEP_BMWM-1010
NJDEP_BMWM-1010B,shellfish,"INFERRED: not a BEACH Act station and reports fecal coliform, the NSSP growing-area indicator",non_beach,Estuary,NJDEP_BMWM,NJ,NJDEP_BMWM-1010B
NJDEP_BMWM-1010D,shellfish,"INFERRED: not a BEACH Act station and reports fecal coliform, the NSSP growing-area indicator",non_beach,Estuary,NJDEP_BMWM,NJ,NJDEP_BMWM-1010D
NJDEP_BMWM-1012,shellfish,"INFERRED: not a BEACH Act station and reports fecal coliform, the NSSP growing-area indicator",non_beach,Estuary,NJDEP_BMWM,NJ,NJDEP_BMWM-1012
NJDEP_BMWM-1012A,shellfish,"INFERRED: not a BEACH Act station and reports fecal coliform, the NSSP growing-area indicator",non_beach,Estuary,NJDEP_BMWM,NJ,NJDEP_BMWM-1012A
NJDEP_BMWM-1012B,shellfish,"INFERRED: not a BEACH Act station and reports fecal coliform, the NSSP growing-area indicator",non_beach,Estuary,NJDEP_BMWM,NJ,NJDEP_BMWM-1012B
NJDEP_BMWM-1012C,shellfish,"INFERRED: not a BEACH Act station and reports fecal coliform, the NSSP growing-area indicator",non_beach,Estuary,NJDEP_BMWM,NJ,NJDEP_BMWM-1012C
NJDEP_BMWM-1013,shellfish,"INFERRED: not a BEACH Act station and reports fecal coliform, the NSSP growing-area indicator",non_beach,Estuary,NJDEP_BMWM,NJ,NJDEP_BMWM-1013
NJDEP_BMWM-1013C,shellfish,"INFERRED: not a BEACH Act station and reports fecal coliform, the NSSP growing-area indicator",non_beach,Estuary,NJDEP_BMWM,NJ,NJDEP_BMWM-1013C
NJDEP_BMWM-1013D,shellfish,"INFERRED: not a BEACH Act station and reports fecal coliform, the NSSP growing-area indicator",non_beach,Estuary,NJDEP_BMWM,NJ,NJDEP_BMWM-1013D
NJDEP_BMWM-1013E,shellfish,"INFERRED: not a BEACH Act station and reports fecal coliform, the NSSP growing-area indicator",non_beach,Estuary,NJDEP_BMWM,NJ,NJDEP_BMWM-1013E
NJDEP_BMWM-1014,shellfish,"INFERRED: not a BEACH Act station and reports fecal coliform, the NSSP growing-area indicator",non_beach,Estuary,NJDEP_BMWM,NJ,NJDEP_BMWM-1014
NJDEP_BMWM-1014B,shellfish,"INFERRED: not a BEACH Act station and reports fecal coliform, the NSSP growing-area indicator",non_beach,Estuary,NJDEP_BMWM,NJ,NJDEP_BMWM-1014B
NJDEP_BMWM-1014D,shellfish,"INFERRED: not a BEACH Act station and reports fecal coliform, the NSSP growing-area indicator",non_beach,Estuary,NJDEP_BMWM,NJ,NJDEP_BMWM-1014D
NJDEP_BMWM-1014F,shellfish,"INFERRED: not a BEACH Act station and reports fecal coliform, the NSSP growing-area indicator",non_beach,Estuary,NJDEP_BMWM,NJ,NJDEP_BMWM-1014F
NJDEP_BMWM-1015,shellfish,"INFERRED: not a BEACH Act station and reports fecal coliform, the NSSP growing-area indicator",non_beach,Estuary,NJDEP_BMWM,NJ,NJDEP_BMWM-1015
NJDEP_BMWM-1016D,shellfish,"INFERRED: not a BEACH Act station and reports fecal coliform, the NSSP growing-area indicator",non_beach,Estuary,NJDEP_BMWM,NJ,NJDEP_BMWM-1016D
NJDEP_BMWM-1016E,shellfish,"INFERRED: not a BEACH Act station and reports fecal coliform, the NSSP growing-area indicator",non_beach,Estuary,NJDEP_BMWM,NJ,NJDEP_BMWM-1016D
NJDEP_BMWM-1017B,shellfish,"INFERRED: not a BEACH Act station and reports fecal coliform, the NSSP growing-area indicator",non_beach,Estuary,NJDEP_BMWM,NJ,NJDEP_BMWM-1017B
NJDEP_BMWM-1018,shellfish,"INFERRED: not a BEACH Act station and reports fecal coliform, the NSSP growing-area indicator",non_beach,Estuary,NJDEP_BMWM,NJ,NJDEP_BMWM-1018
NJDEP_BMWM-1018B,shellfish,"INFERRED: not a BEACH Act station and reports fecal coliform, the NSSP growing-area indicator",non_beach,Estuary,NJDEP_BMWM,NJ,NJDEP_BMWM-1018B
NJDEP_BMWM-1018D,shellfish,"INFERRED: not a BEACH Act station and reports fecal coliform, the NSSP growing-area indicator",non_beach,Estuary,NJDEP_BMWM,NJ,NJDEP_BMWM-1018D
NJDEP_BMWM-1019,shellfish,"INFERRED: not a BEACH Act station and reports fecal coliform, the NSSP growing-area indicator",non_beach,Estuary,NJDEP_BMWM,NJ,NJDEP_BMWM-1019
NJDEP_BMWM-1020,shellfish,"INFERRED: not a BEACH Act station and reports fecal coliform, the NSSP growing-area indicator",non_beach,Estuary,NJDEP_BMWM,NJ,NJDEP_BMWM-1020
NJDEP_BMWM-1020B,shellfish,"INFERRED: not a BEACH Act station and reports fecal coliform, the NSSP growing-area indicator",non_beach,Estuary,NJDEP_BMWM,NJ,NJDEP_BMWM-1020B
NJDEP_BMWM-1020D,shellfish,"INFERRED: not a BEACH Act station and reports fecal coliform, the NSSP growing-area indicator",non_beach,Estuary,NJDEP_BMWM,NJ,NJDEP_BMWM-1020D
NJDEP_BMWM-1020E,shellfish,"INFERRED: not a BEACH Act station and reports fecal coliform, the NSSP growing-area indicator",non_beach,Estuary,NJDEP_BMWM,NJ,NJDEP_BMWM-1020E
NJDEP_BMWM-1022A,shellfish,"INFERRED: not a BEACH Act station and reports fecal coliform, the NSSP growing-area indicator",non_beach,Estuary,NJDEP_BMWM,NJ,NJDEP_BMWM-1022A
NJDEP_BMWM-1100A,shellfish,"INFERRED: not a BEACH Act station and reports fecal coliform, the NSSP growing-area indicator",non_beach,Estuary,NJDEP_BMWM,NJ,NJDEP_BMWM-1100A
NJDEP_BMWM-1101,shellfish,"INFERRED: not a BEACH Act station and reports fecal coliform, the NSSP growing-area indicator",non_beach,Estuary,NJDEP_BMWM,NJ,NJDEP_BMWM-1101
NJDEP_BMWM-1101B,shellfish,"INFERRED: not a BEACH Act station and reports fecal coliform, the NSSP growing-area indicator",non_beach,Estuary,NJDEP_BMWM,NJ,NJDEP_BMWM-1101B
NJDEP_BMWM-1102,shellfish,"INFERRED: not a BEACH Act station and reports fecal coliform, the NSSP growing-area indicator",non_beach,Estuary,NJDEP_BMWM,NJ,NJDEP_BMWM-1102
NJDEP_BMWM-1103A,shellfish,"INFERRED: not a BEACH Act station and reports fecal coliform, the NSSP growing-area indicator",non_beach,Estuary,NJDEP_BMWM,NJ,NJDEP_BMWM-1103A
NJDEP_BMWM-1104,shellfish,"INFERRED: not a BEACH Act station and reports fecal coliform, the NSSP growing-area indicator",non_beach,Estuary,NJDEP_BMWM,NJ,NJDEP_BMWM-1104
NJDEP_BMWM-1104B,shellfish,"INFERRED: not a BEACH Act station and reports fecal coliform, the NSSP growing-area indicator",non_beach,Estuary,NJDEP_BMWM,NJ,NJDEP_BMWM-1104B
NJDEP_BMWM-1105,shellfish,"INFERRED: not a BEACH Act station and reports fecal coliform, the NSSP growing-area indicator",non_beach,Estuary,NJDEP_BMWM,NJ,NJDEP_BMWM-1105
NJDEP_BMWM-1105A,shellfish,"INFERRED: not a BEACH Act station and reports fecal coliform, the NSSP growing-area indicator",non_beach,Estuary,NJDEP_BMWM,NJ,NJDEP_BMWM-1105
NJDEP_BMWM-1106A,shellfish,"INFERRED: not a BEACH Act station and reports fecal coliform, the NSSP growing-area indicator",non_beach,Estuary,NJDEP_BMWM,NJ,NJDEP_BMWM-1106A
NJDEP_BMWM-1107B,shellfish,"INFERRED: not a BEACH Act station and reports fecal coliform, the NSSP growing-area indicator",non_beach,Estuary,NJDEP_BMWM,NJ,NJDEP_BMWM-1107B
NJDEP_BMWM-1109,shellfish,"INFERRED: not a BEACH Act station and reports fecal coliform, the NSSP growing-area indicator",non_beach,Estuary,NJDEP_BMWM,NJ,NJDEP_BMWM-1109
NJDEP_BMWM-1109B,shellfish,"INFERRED: not a BEACH Act station and reports fecal coliform, the NSSP growing-area indicator",non_beach,Estuary,NJDEP_BMWM,NJ,NJDEP_BMWM-1109B
NJDEP_BMWM-1109E,shellfish,"INFERRED: not a BEACH Act station and reports fecal coliform, the NSSP growing-area indicator",non_beach,Estuary,NJDEP_BMWM,NJ,NJDEP_BMWM-1109E
NJDEP_BMWM-1110,shellfish,"INFERRED: not a BEACH Act station and reports fecal coliform, the NSSP growing-area indicator",non_beach,Estuary,NJDEP_BMWM,NJ,NJDEP_BMWM-1110
NJDEP_BMWM-1111,shellfish,"INFERRED: not a BEACH Act station and reports fecal coliform, the NSSP growing-area indicator",non_beach,Estuary,NJDEP_BMWM,NJ,NJDEP_BMWM-1111
NJDEP_BMWM-1111B,shellfish,"INFERRED: not a BEACH Act station and reports fecal coliform, the NSSP growing-area indicator",non_beach,Estuary,NJDEP_BMWM,NJ,NJDEP_BMWM-1111B
NJDEP_BMWM-1111E,shellfish,"INFERRED: not a BEACH Act station and reports fecal coliform, the NSSP growing-area indicator",non_beach,Estuary,NJDEP_BMWM,NJ,NJDEP_BMWM-1111E
NJDEP_BMWM-1112,shellfish,"INFERRED: not a BEACH Act station and reports fecal coliform, the NSSP growing-area indicator",non_beach,Estuary,NJDEP_BMWM,NJ,NJDEP_BMWM-1112
NJDEP_BMWM-1112A,shellfish,"INFERRED: not a BEACH Act station and reports fecal coliform, the NSSP growing-area indicator",non_beach,Estuary,NJDEP_BMWM,NJ,NJDEP_BMWM-1112A
NJDEP_BMWM-1113,shellfish,"INFERRED: not a BEACH Act station and reports fecal coliform, the NSSP growing-area indicator",non_beach,Estuary,NJDEP_BMWM,NJ,NJDEP_BMWM-1113
NJDEP_BMWM-1114A,shellfish,"INFERRED: not a BEACH Act station and reports fecal coliform, the NSSP growing-area indicator",non_beach,Estuary,NJDEP_BMWM,NJ,NJDEP_BMWM-1114A
NJDEP_BMWM-1114B,shellfish,"INFERRED: not a BEACH Act station and reports fecal coliform, the NSSP growing-area indicator",non_beach,Estuary,NJDEP_BMWM,NJ,NJDEP_BMWM-1114B
NJDEP_BMWM-1114C,shellfish,"INFERRED: not a BEACH Act station and reports fecal coliform, the NSSP growing-area indicator",non_beach,Estuary,NJDEP_BMWM,NJ,NJDEP_BMWM-1114C
NJDEP_BMWM-1115,shellfish,"INFERRED: not a BEACH Act station and reports fecal coliform, the NSSP growing-area indicator",non_beach,Estuary,NJDEP_BMWM,NJ,NJDEP_BMWM-1115
NJDEP_BMWM-1115A,shellfish,"INFERRED: not a BEACH Act station and reports fecal coliform, the NSSP growing-area indicator",non_beach,Estuary,NJDEP_BMWM,NJ,NJDEP_BMWM-1115A
NJDEP_BMWM-1116,shellfish,"INFERRED: not a BEACH Act station and reports fecal coliform, the NSSP growing-area indicator",non_beach,Estuary,NJDEP_BMWM,NJ,NJDEP_BMWM-1116
NJDEP_BMWM-1117A,shellfish,"INFERRED: not a BEACH Act station and reports fecal coliform, the NSSP growing-area indicator",non_beach,Estuary,NJDEP_BMWM,NJ,NJDEP_BMWM-1117A
NJDEP_BMWM-1118A,shellfish,"INFERRED: not a BEACH Act station and reports fecal coliform, the NSSP growing-area indicator",non_beach,Estuary,NJDEP_BMWM,NJ,NJDEP_BMWM-1118A
NJDEP_BMWM-1122,shellfish,"INFERRED: not a BEACH Act station and reports fecal coliform, the NSSP growing-area indicator",non_beach,Estuary,NJDEP_BMWM,NJ,NJDEP_BMWM-1122
NJDEP_BMWM-1122A,shellfish,"INFERRED: not a BEACH Act station and reports fecal coliform, the NSSP growing-area indicator",non_beach,Estuary,NJDEP_BMWM,NJ,NJDEP_BMWM-1122A
NJDEP_BMWM-1122B,shellfish,"INFERRED: not a BEACH Act station and reports fecal coliform, the NSSP growing-area indicator",non_beach,Estuary,NJDEP_BMWM,NJ,NJDEP_BMWM-1122B
NJDEP_BMWM-1123,shellfish,"INFERRED: not a BEACH Act station and reports fecal coliform, the NSSP growing-area indicator",non_beach,Estuary,NJDEP_BMWM,NJ,NJDEP_BMWM-1123
NJDEP_BMWM-1123A,shellfish,"INFERRED: not a BEACH Act station and reports fecal coliform, the NSSP growing-area indicator",non_beach,Estuary,NJDEP_BMWM,NJ,NJDEP_BMWM-1123A
NJDEP_BMWM-1124,shellfish,"INFERRED: not a BEACH Act station and reports fecal coliform, the NSSP growing-area indicator",non_beach,Estuary,NJDEP_BMWM,NJ,NJDEP_BMWM-1124
NJDEP_BMWM-1124B,shellfish,"INFERRED: not a BEACH Act station and reports fecal coliform, the NSSP growing-area indicator",non_beach,Estuary,NJDEP_BMWM,NJ,NJDEP_BMWM-1124B
NJDEP_BMWM-1125A,shellfish,"INFERRED: not a BEACH Act station and reports fecal coliform, the NSSP growing-area indicator",non_beach,Estuary,NJDEP_BMWM,NJ,NJDEP_BMWM-1125A
NJDEP_BMWM-1128A,shellfish,"INFERRED: not a BEACH Act station and reports fecal coliform, the NSSP growing-area indicator",non_beach,Estuary,NJDEP_BMWM,NJ,NJDEP_BMWM-1128A
NJDEP_BMWM-1132,shellfish,"INFERRED: not a BEACH Act station and reports fecal coliform, the NSSP growing-area indicator",non_beach,Estuary,NJDEP_BMWM,NJ,NJDEP_BMWM-1132
NJDEP_BMWM-1133A,shellfish,"INFERRED: not a BEACH Act station and reports fecal coliform, the NSSP growing-area indicator",non_beach,Estuary,NJDEP_BMWM,NJ,NJDEP_BMWM-1133A
NJDEP_BMWM-1134,shellfish,"INFERRED: not a BEACH Act station and reports fecal coliform, the NSSP growing-area indicator",non_beach,Estuary,NJDEP_BMWM,NJ,NJDEP_BMWM-1134
NJDEP_BMWM-1134A,shellfish,"INFERRED: not a BEACH Act station and reports fecal coliform, the NSSP growing-area indicator",non_beach,Estuary,NJDEP_BMWM,NJ,NJDEP_BMWM-1134A
NJDEP_BMWM-1135A,shellfish,"INFERRED: not a BEACH Act station and reports fecal coliform, the NSSP growing-area indicator",non_beach,Estuary,NJDEP_BMWM,NJ,NJDEP_BMWM-1135A
NJDEP_BMWM-1137,shellfish,"INFERRED: not a BEACH Act station and reports fecal coliform, the NSSP growing-area indicator",non_beach,Estuary,NJDEP_BMWM,NJ,NJDEP_BMWM-1137
NJDEP_BMWM-1138,shellfish,"INFERRED: not a BEACH Act station and reports fecal coliform, the NSSP growing-area indicator",non_beach,Estuary,NJDEP_BMWM,NJ,NJDEP_BMWM-1138
NJDEP_BMWM-1140A,shellfish,"INFERRED: not a BEACH Act station and reports fecal coliform, the NSSP growing-area indicator",non_beach,Estuary,NJDEP_BMWM,NJ,NJDEP_BMWM-1140A
NJDEP_BMWM-1200A,shellfish,"INFERRED: not a BEACH Act station and reports fecal coliform, the NSSP growing-area indicator",non_beach,Estuary,NJDEP_BMWM,NJ,NJDEP_BMWM-1200A
NJDEP_BMWM-1201A,unclassified,"neither: no BEACH Act type, no beach neighbour, no fittable fecal coliform",non_beach,Estuary,NJDEP_BMWM,NJ,NJDEP_BMWM-1201A
NJDEP_BMWM-1202A,shellfish,"INFERRED: not a BEACH Act station and reports fecal coliform, the NSSP growing-area indicator",non_beach,Estuary,NJDEP_BMWM,NJ,NJDEP_BMWM-1202A
NJDEP_BMWM-1202D,shellfish,"INFERRED: not a BEACH Act station and reports fecal coliform, the NSSP growing-area indicator",non_beach,Estuary,NJDEP_BMWM,NJ,NJDEP_BMWM-1202D
NJDEP_BMWM-1203A,shellfish,"INFERRED: not a BEACH Act station and reports fecal coliform, the NSSP growing-area indicator",non_beach,Estuary,NJDEP_BMWM,NJ,NJDEP_BMWM-1203A
NJDEP_BMWM-1203D,shellfish,"INFERRED: not a BEACH Act station and reports fecal coliform, the NSSP growing-area indicator",non_beach,Estuary,NJDEP_BMWM,NJ,NJDEP_BMWM-1203D
NJDEP_BMWM-1205,shellfish,"INFERRED: not a BEACH Act station and reports fecal coliform, the NSSP growing-area indicator",non_beach,Estuary,NJDEP_BMWM,NJ,NJDEP_BMWM-1205
NJDEP_BMWM-1206A,shellfish,"INFERRED: not a BEACH Act station and reports fecal coliform, the NSSP growing-area indicator",non_beach,Estuary,NJDEP_BMWM,NJ,NJDEP_BMWM-1206A
NJDEP_BMWM-1206B,shellfish,"INFERRED: not a BEACH Act station and reports fecal coliform, the NSSP growing-area indicator",non_beach,Estuary,NJDEP_BMWM,NJ,NJDEP_BMWM-1206B
NJDEP_BMWM-1206F,shellfish,"INFERRED: not a BEACH Act station and reports fecal coliform, the NSSP growing-area indicator",non_beach,Estuary,NJDEP_BMWM,NJ,NJDEP_BMWM-1206F
NJDEP_BMWM-1207,shellfish,"INFERRED: not a BEACH Act station and reports fecal coliform, the NSSP growing-area indicator",non_beach,Estuary,NJDEP_BMWM,NJ,NJDEP_BMWM-1207
NJDEP_BMWM-1208,shellfish,"INFERRED: not a BEACH Act station and reports fecal coliform, the NSSP growing-area indicator",non_beach,Estuary,NJDEP_BMWM,NJ,NJDEP_BMWM-1208
NJDEP_BMWM-1208C,shellfish,"INFERRED: not a BEACH Act station and reports fecal coliform, the NSSP growing-area indicator",non_beach,Estuary,NJDEP_BMWM,NJ,NJDEP_BMWM-1208C
NJDEP_BMWM-1208E,shellfish,"INFERRED: not a BEACH Act station and reports fecal coliform, the NSSP growing-area indicator",non_beach,Estuary,NJDEP_BMWM,NJ,NJDEP_BMWM-1208E
NJDEP_BMWM-1213,shellfish,"INFERRED: not a BEACH Act station and reports fecal coliform, the NSSP growing-area indicator",non_beach,Estuary,NJDEP_BMWM,NJ,NJDEP_BMWM-1213
NJDEP_BMWM-1214A,shellfish,"INFERRED: not a BEACH Act station and reports fecal coliform, the NSSP growing-area indicator",non_beach,Estuary,NJDEP_BMWM,NJ,NJDEP_BMWM-1214A
NJDEP_BMWM-1214B,shellfish,"INFERRED: not a BEACH Act station and reports fecal coliform, the NSSP growing-area indicator",non_beach,Estuary,NJDEP_BMWM,NJ,NJDEP_BMWM-1214B
NJDEP_BMWM-1214D,shellfish,"INFERRED: not a BEACH Act station and reports fecal coliform, the NSSP growing-area indicator",non_beach,Estuary,NJDEP_BMWM,NJ,NJDEP_BMWM-1214D
NJDEP_BMWM-1215,shellfish,"INFERRED: not a BEACH Act station and reports fecal coliform, the NSSP growing-area indicator",non_beach,Estuary,NJDEP_BMWM,NJ,NJDEP_BMWM-1215
NJDEP_BMWM-1215E,shellfish,"INFERRED: not a BEACH Act station and reports fecal coliform, the NSSP growing-area indicator",non_beach,Estuary,NJDEP_BMWM,NJ,NJDEP_BMWM-1215E
NJDEP_BMWM-1216,shellfish,"INFERRED: not a BEACH Act station and reports fecal coliform, the NSSP growing-area indicator",non_beach,Estuary,NJDEP_BMWM,NJ,NJDEP_BMWM-1216
NJDEP_BMWM-1216C,shellfish,"INFERRED: not a BEACH Act station and reports fecal coliform, the NSSP growing-area indicator",non_beach,Estuary,NJDEP_BMWM,NJ,NJDEP_BMWM-1216C
NJDEP_BMWM-1217,shellfish,"INFERRED: not a BEACH Act station and reports fecal coliform, the NSSP growing-area indicator",non_beach,Estuary,NJDEP_BMWM,NJ,NJDEP_BMWM-1217
NJDEP_BMWM-1218,shellfish,"INFERRED: not a BEACH Act station and reports fecal coliform, the NSSP growing-area indicator",non_beach,Estuary,NJDEP_BMWM,NJ,NJDEP_BMWM-1218
NJDEP_BMWM-1219A,shellfish,"INFERRED: not a BEACH Act station and reports fecal coliform, the NSSP growing-area indicator",non_beach,Estuary,NJDEP_BMWM,NJ,NJDEP_BMWM-1219A
NJDEP_BMWM-1220,shellfish,"INFERRED: not a BEACH Act station and reports fecal coliform, the NSSP growing-area indicator",non_beach,Estuary,NJDEP_BMWM,NJ,NJDEP_BMWM-1220
NJDEP_BMWM-1220A,shellfish,"INFERRED: not a BEACH Act station and reports fecal coliform, the NSSP growing-area indicator",non_beach,Estuary,NJDEP_BMWM,NJ,NJDEP_BMWM-1220A
NJDEP_BMWM-1221B,shellfish,"INFERRED: not a BEACH Act station and reports fecal coliform, the NSSP growing-area indicator",non_beach,Estuary,NJDEP_BMWM,NJ,NJDEP_BMWM-1221B
NJDEP_BMWM-1222,shellfish,"INFERRED: not a BEACH Act station and reports fecal coliform, the NSSP growing-area indicator",non_beach,Estuary,NJDEP_BMWM,NJ,NJDEP_BMWM-1222
NJDEP_BMWM-1222A,shellfish,"INFERRED: not a BEACH Act station and reports fecal coliform, the NSSP growing-area indicator",non_beach,Estuary,NJDEP_BMWM,NJ,NJDEP_BMWM-1208C
NJDEP_BMWM-1300,beach,SOURCED: shares a 150 m site_cluster with a BEACH Act station,non_beach,Estuary,NJDEP_BMWM,NJ,21NJBCH-MC1096
NJDEP_BMWM-1300A,beach,SOURCED: shares a 150 m site_cluster with a BEACH Act station,non_beach,Estuary,NJDEP_BMWM,NJ,21NJBCH-MC1096
NJDEP_BMWM-1301,shellfish,"INFERRED: not a BEACH Act station and reports fecal coliform, the NSSP growing-area indicator",non_beach,Estuary,NJDEP_BMWM,NJ,NJDEP_BMWM-1301
NJDEP_BMWM-1301A,shellfish,"INFERRED: not a BEACH Act station and reports fecal coliform, the NSSP growing-area indicator",non_beach,Estuary,NJDEP_BMWM,NJ,NJDEP_BMWM-1301A
NJDEP_BMWM-1301B,shellfish,"INFERRED: not a BEACH Act station and reports fecal coliform, the NSSP growing-area indicator",non_beach,Estuary,NJDEP_BMWM,NJ,NJDEP_BMWM-1301B
NJDEP_BMWM-1302,shellfish,"INFERRED: not a BEACH Act station and reports fecal coliform, the NSSP growing-area indicator",non_beach,Estuary,NJDEP_BMWM,NJ,NJDEP_BMWM-1302
NJDEP_BMWM-1302B,shellfish,"INFERRED: not a BEACH Act station and reports fecal coliform, the NSSP growing-area indicator",non_beach,Estuary,NJDEP_BMWM,NJ,NJDEP_BMWM-1302B
NJDEP_BMWM-1303,shellfish,"INFERRED: not a BEACH Act station and reports fecal coliform, the NSSP growing-area indicator",non_beach,Estuary,NJDEP_BMWM,NJ,NJDEP_BMWM-1303
NJDEP_BMWM-1303E,shellfish,"INFERRED: not a BEACH Act station and reports fecal coliform, the NSSP growing-area indicator",non_beach,Estuary,NJDEP_BMWM,NJ,NJDEP_BMWM-1303E
NJDEP_BMWM-1304,shellfish,"INFERRED: not a BEACH Act station and reports fecal coliform, the NSSP growing-area indicator",non_beach,Estuary,NJDEP_BMWM,NJ,NJDEP_BMWM-1304
NJDEP_BMWM-1304A,shellfish,"INFERRED: not a BEACH Act station and reports fecal coliform, the NSSP growing-area indicator",non_beach,Estuary,NJDEP_BMWM,NJ,NJDEP_BMWM-1304A
NJDEP_BMWM-1305,shellfish,"INFERRED: not a BEACH Act station and reports fecal coliform, the NSSP growing-area indicator",non_beach,Estuary,NJDEP_BMWM,NJ,NJDEP_BMWM-1305
NJDEP_BMWM-1305A,shellfish,"INFERRED: not a BEACH Act station and reports fecal coliform, the NSSP growing-area indicator",non_beach,Estuary,NJDEP_BMWM,NJ,NJDEP_BMWM-1305A
NJDEP_BMWM-1306,shellfish,"INFERRED: not a BEACH Act station and reports fecal coliform, the NSSP growing-area indicator",non_beach,Estuary,NJDEP_BMWM,NJ,NJDEP_BMWM-1306
NJDEP_BMWM-1306A,shellfish,"INFERRED: not a BEACH Act station and reports fecal coliform, the NSSP growing-area indicator",non_beach,Estuary,NJDEP_BMWM,NJ,NJDEP_BMWM-1306A
NJDEP_BMWM-1306B,shellfish,"INFERRED: not a BEACH Act station and reports fecal coliform, the NSSP growing-area indicator",non_beach,Estuary,NJDEP_BMWM,NJ,NJDEP_BMWM-1306B
NJDEP_BMWM-1307,shellfish,"INFERRED: not a BEACH Act station and reports fecal coliform, the NSSP growing-area indicator",non_beach,Estuary,NJDEP_BMWM,NJ,NJDEP_BMWM-1307
NJDEP_BMWM-1307A,shellfish,"INFERRED: not a BEACH Act station and reports fecal coliform, the NSSP growing-area indicator",non_beach,Estuary,NJDEP_BMWM,NJ,NJDEP_BMWM-1307A
NJDEP_BMWM-1307B,shellfish,"INFERRED: not a BEACH Act station and reports fecal coliform, the NSSP growing-area indicator",non_beach,Estuary,NJDEP_BMWM,NJ,NJDEP_BMWM-1307B
NJDEP_BMWM-1308,shellfish,"INFERRED: not a BEACH Act station and reports fecal coliform, the NSSP growing-area indicator",non_beach,Estuary,NJDEP_BMWM,NJ,NJDEP_BMWM-1308
NJDEP_BMWM-1308A,shellfish,"INFERRED: not a BEACH Act station and reports fecal coliform, the NSSP growing-area indicator",non_beach,Estuary,NJDEP_BMWM,NJ,NJDEP_BMWM-1308A
NJDEP_BMWM-1308C,unclassified,"neither: no BEACH Act type, no beach neighbour, no fittable fecal coliform",non_beach,Estuary,NJDEP_BMWM,NJ,NJDEP_BMWM-1308C
NJDEP_BMWM-1309,shellfish,"INFERRED: not a BEACH Act station and reports fecal coliform, the NSSP growing-area indicator",non_beach,Estuary,NJDEP_BMWM,NJ,NJDEP_BMWM-1309
NJDEP_BMWM-1309A,shellfish,"INFERRED: not a BEACH Act station and reports fecal coliform, the NSSP growing-area indicator",non_beach,Estuary,NJDEP_BMWM,NJ,NJDEP_BMWM-1309A
NJDEP_BMWM-1309B,shellfish,"INFERRED: not a BEACH Act station and reports fecal coliform, the NSSP growing-area indicator",non_beach,Estuary,NJDEP_BMWM,NJ,NJDEP_BMWM-1309B
NJDEP_BMWM-1310,shellfish,"INFERRED: not a BEACH Act station and reports fecal coliform, the NSSP growing-area indicator",non_beach,Estuary,NJDEP_BMWM,NJ,NJDEP_BMWM-1310
NJDEP_BMWM-1310A,shellfish,"INFERRED: not a BEACH Act station and reports fecal coliform, the NSSP growing-area indicator",non_beach,Estuary,NJDEP_BMWM,NJ,NJDEP_BMWM-1310A
NJDEP_BMWM-1311,shellfish,"INFERRED: not a BEACH Act station and reports fecal coliform, the NSSP growing-area indicator",non_beach,Estuary,NJDEP_BMWM,NJ,NJDEP_BMWM-1311
NJDEP_BMWM-1311A,shellfish,"INFERRED: not a BEACH Act station and reports fecal coliform, the NSSP growing-area indicator",non_beach,Estuary,NJDEP_BMWM,NJ,NJDEP_BMWM-1311A
NJDEP_BMWM-1312,shellfish,"INFERRED: not a BEACH Act station and reports fecal coliform, the NSSP growing-area indicator",non_beach,Estuary,NJDEP_BMWM,NJ,NJDEP_BMWM-1312
NJDEP_BMWM-1312B,shellfish,"INFERRED: not a BEACH Act station and reports fecal coliform, the NSSP growing-area indicator",non_beach,Estuary,NJDEP_BMWM,NJ,NJDEP_BMWM-1312B
NJDEP_BMWM-1312C,shellfish,"INFERRED: not a BEACH Act station and reports fecal coliform, the NSSP growing-area indicator",non_beach,Estuary,NJDEP_BMWM,NJ,NJDEP_BMWM-1312C
NJDEP_BMWM-1313A,shellfish,"INFERRED: not a BEACH Act station and reports fecal coliform, the NSSP growing-area indicator",non_beach,Estuary,NJDEP_BMWM,NJ,NJDEP_BMWM-1313A
NJDEP_BMWM-1313B,shellfish,"INFERRED: not a BEACH Act station and reports fecal coliform, the NSSP growing-area indicator",non_beach,Estuary,NJDEP_BMWM,NJ,NJDEP_BMWM-1313B
NJDEP_BMWM-1314A,shellfish,"INFERRED: not a BEACH Act station and reports fecal coliform, the NSSP growing-area indicator",non_beach,Estuary,NJDEP_BMWM,NJ,NJDEP_BMWM-1314A
NJDEP_BMWM-1400,shellfish,"INFERRED: not a BEACH Act station and reports fecal coliform, the NSSP growing-area indicator",non_beach,Estuary,NJDEP_BMWM,NJ,NJDEP_BMWM-1400
NJDEP_BMWM-1400C,shellfish,"INFERRED: not a BEACH Act station and reports fecal coliform, the NSSP growing-area indicator",non_beach,Estuary,NJDEP_BMWM,NJ,NJDEP_BMWM-1400C
NJDEP_BMWM-1401,shellfish,"INFERRED: not a BEACH Act station and reports fecal coliform, the NSSP growing-area indicator",non_beach,Estuary,NJDEP_BMWM,NJ,NJDEP_BMWM-1401
NJDEP_BMWM-1401A,shellfish,"INFERRED: not a BEACH Act station and reports fecal coliform, the NSSP growing-area indicator",non_beach,Estuary,NJDEP_BMWM,NJ,NJDEP_BMWM-1401A
NJDEP_BMWM-1401B,shellfish,"INFERRED: not a BEACH Act station and reports fecal coliform, the NSSP growing-area indicator",non_beach,Estuary,NJDEP_BMWM,NJ,NJDEP_BMWM-1401B
NJDEP_BMWM-1402,shellfish,"INFERRED: not a BEACH Act station and reports fecal coliform, the NSSP growing-area indicator",non_beach,Estuary,NJDEP_BMWM,NJ,NJDEP_BMWM-1402
NJDEP_BMWM-1402D,shellfish,"INFERRED: not a BEACH Act station and reports fecal coliform, the NSSP growing-area indicator",non_beach,Estuary,NJDEP_BMWM,NJ,NJDEP_BMWM-1402D
NJDEP_BMWM-1403,shellfish,"INFERRED: not a BEACH Act station and reports fecal coliform, the NSSP growing-area indicator",non_beach,Estuary,NJDEP_BMWM,NJ,NJDEP_BMWM-1403
NJDEP_BMWM-1403A,shellfish,"INFERRED: not a BEACH Act station and reports fecal coliform, the NSSP growing-area indicator",non_beach,Estuary,NJDEP_BMWM,NJ,NJDEP_BB-1403A
NJDEP_BMWM-1403B,shellfish,"INFERRED: not a BEACH Act station and reports fecal coliform, the NSSP growing-area indicator",non_beach,Estuary,NJDEP_BMWM,NJ,NJDEP_BMWM-1403B
NJDEP_BMWM-1500A,shellfish,"INFERRED: not a BEACH Act station and reports fecal coliform, the NSSP growing-area indicator",non_beach,Estuary,NJDEP_BMWM,NJ,NJDEP_BMWM-1500A
NJDEP_BMWM-1500B,shellfish,"INFERRED: not a BEACH Act station and reports fecal coliform, the NSSP growing-area indicator",non_beach,Estuary,NJDEP_BMWM,NJ,NJDEP_BMWM-1500B
NJDEP_BMWM-1500D,shellfish,"INFERRED: not a BEACH Act station and reports fecal coliform, the NSSP growing-area indicator",non_beach,Estuary,NJDEP_BMWM,NJ,NJDEP_BMWM-1500D
NJDEP_BMWM-1501,shellfish,"INFERRED: not a BEACH Act station and reports fecal coliform, the NSSP growing-area indicator",non_beach,Estuary,NJDEP_BMWM,NJ,NJDEP_BMWM-1501
NJDEP_BMWM-1501A,shellfish,"INFERRED: not a BEACH Act station and reports fecal coliform, the NSSP growing-area indicator",non_beach,Estuary,NJDEP_BMWM,NJ,NJDEP_BMWM-1501A
NJDEP_BMWM-1501B,shellfish,"INFERRED: not a BEACH Act station and reports fecal coliform, the NSSP growing-area indicator",non_beach,Estuary,NJDEP_BMWM,NJ,NJDEP_BMWM-1501B
NJDEP_BMWM-1501C,shellfish,"INFERRED: not a BEACH Act station and reports fecal coliform, the NSSP growing-area indicator",non_beach,Estuary,NJDEP_BMWM,NJ,NJDEP_BMWM-1501C
NJDEP_BMWM-1501D,shellfish,"INFERRED: not a BEACH Act station and reports fecal coliform, the NSSP growing-area indicator",non_beach,Estuary,NJDEP_BMWM,NJ,NJDEP_BMWM-1501D
NJDEP_BMWM-1502,shellfish,"INFERRED: not a BEACH Act station and reports fecal coliform, the NSSP growing-area indicator",non_beach,Estuary,NJDEP_BMWM,NJ,NJDEP_BMWM-1502
NJDEP_BMWM-1502A,shellfish,"INFERRED: not a BEACH Act station and reports fecal coliform, the NSSP growing-area indicator",non_beach,Estuary,NJDEP_BMWM,NJ,NJDEP_BB-BB04a
NJDEP_BMWM-1502B,shellfish,"INFERRED: not a BEACH Act station and reports fecal coliform, the NSSP growing-area indicator",non_beach,Estuary,NJDEP_BMWM,NJ,NJDEP_BMWM-1502B
NJDEP_BMWM-1502C,shellfish,"INFERRED: not a BEACH Act station and reports fecal coliform, the NSSP growing-area indicator",non_beach,Estuary,NJDEP_BMWM,NJ,NJDEP_BMWM-1502C
NJDEP_BMWM-1503,shellfish,"INFERRED: not a BEACH Act station and reports fecal coliform, the NSSP growing-area indicator",non_beach,Estuary,NJDEP_BMWM,NJ,NJDEP_BMWM-1503
NJDEP_BMWM-1503C,shellfish,"INFERRED: not a BEACH Act station and reports fecal coliform, the NSSP growing-area indicator",non_beach,Estuary,NJDEP_BMWM,NJ,NJDEP_BMWM-1503C
NJDEP_BMWM-1504,shellfish,"INFERRED: not a BEACH Act station and reports fecal coliform, the NSSP growing-area indicator",non_beach,Estuary,NJDEP_BMWM,NJ,NJDEP_BMWM-1504
NJDEP_BMWM-1504A,shellfish,"INFERRED: not a BEACH Act station and reports fecal coliform, the NSSP growing-area indicator",non_beach,Estuary,NJDEP_BMWM,NJ,NJDEP_BMWM-1504A
NJDEP_BMWM-1504B,shellfish,"INFERRED: not a BEACH Act station and reports fecal coliform, the NSSP growing-area indicator",non_beach,Estuary,NJDEP_BMWM,NJ,NJDEP_BMWM-1504A
NJDEP_BMWM-1505,shellfish,"INFERRED: not a BEACH Act station and reports fecal coliform, the NSSP growing-area indicator",non_beach,Estuary,NJDEP_BMWM,NJ,NJDEP_BMWM-1505
NJDEP_BMWM-1505A,shellfish,"INFERRED: not a BEACH Act station and reports fecal coliform, the NSSP growing-area indicator",non_beach,Estuary,NJDEP_BMWM,NJ,NJDEP_BMWM-1505A
NJDEP_BMWM-1505B,shellfish,"INFERRED: not a BEACH Act station and reports fecal coliform, the NSSP growing-area indicator",non_beach,Estuary,NJDEP_BMWM,NJ,NJDEP_BMWM-1505B
NJDEP_BMWM-1505C,shellfish,"INFERRED: not a BEACH Act station and reports fecal coliform, the NSSP growing-area indicator",non_beach,Estuary,NJDEP_BMWM,NJ,NJDEP_BMWM-1505C
NJDEP_BMWM-1506,shellfish,"INFERRED: not a BEACH Act station and reports fecal coliform, the NSSP growing-area indicator",non_beach,Estuary,NJDEP_BMWM,NJ,NJDEP_BMWM-1506
NJDEP_BMWM-1506A,shellfish,"INFERRED: not a BEACH Act station and reports fecal coliform, the NSSP growing-area indicator",non_beach,Estuary,NJDEP_BMWM,NJ,NJDEP_BMWM-1506A
NJDEP_BMWM-1506C,shellfish,"INFERRED: not a BEACH Act station and reports fecal coliform, the NSSP growing-area indicator",non_beach,Estuary,NJDEP_BMWM,NJ,NJDEP_BMWM-1506C
NJDEP_BMWM-1506D,shellfish,"INFERRED: not a BEACH Act station and reports fecal coliform, the NSSP growing-area indicator",non_beach,Estuary,NJDEP_BMWM,NJ,NJDEP_BMWM-1506D
NJDEP_BMWM-1600,shellfish,"INFERRED: not a BEACH Act station and reports fecal coliform, the NSSP growing-area indicator",non_beach,Estuary,NJDEP_BMWM,NJ,NJDEP_BMWM-1600
NJDEP_BMWM-1600C,shellfish,"INFERRED: not a BEACH Act station and reports fecal coliform, the NSSP growing-area indicator",non_beach,Estuary,NJDEP_BMWM,NJ,NJDEP_BMWM-1600C
NJDEP_BMWM-1600D,shellfish,"INFERRED: not a BEACH Act station and reports fecal coliform, the NSSP growing-area indicator",non_beach,Estuary,NJDEP_BMWM,NJ,NJDEP_BMWM-1600D
NJDEP_BMWM-1600E,shellfish,"INFERRED: not a BEACH Act station and reports fecal coliform, the NSSP growing-area indicator",non_beach,Estuary,NJDEP_BMWM,NJ,NJDEP_BMWM-1600E
NJDEP_BMWM-1600F,shellfish,"INFERRED: not a BEACH Act station and reports fecal coliform, the NSSP growing-area indicator",non_beach,Estuary,NJDEP_BMWM,NJ,NJDEP_BMWM-1600F
NJDEP_BMWM-1600G,shellfish,"INFERRED: not a BEACH Act station and reports fecal coliform, the NSSP growing-area indicator",non_beach,Estuary,NJDEP_BMWM,NJ,NJDEP_BMWM-1600G
NJDEP_BMWM-1601A,shellfish,"INFERRED: not a BEACH Act station and reports fecal coliform, the NSSP growing-area indicator",non_beach,Estuary,NJDEP_BMWM,NJ,NJDEP_BMWM-1601A
NJDEP_BMWM-1602,shellfish,"INFERRED: not a BEACH Act station and reports fecal coliform, the NSSP growing-area indicator",non_beach,Estuary,NJDEP_BMWM,NJ,NJDEP_BMWM-1602
NJDEP_BMWM-1602A,shellfish,"INFERRED: not a BEACH Act station and reports fecal coliform, the NSSP growing-area indicator",non_beach,Estuary,NJDEP_BMWM,NJ,NJDEP_BMWM-1602A
NJDEP_BMWM-1602B,shellfish,"INFERRED: not a BEACH Act station and reports fecal coliform, the NSSP growing-area indicator",non_beach,Estuary,NJDEP_BMWM,NJ,NJDEP_BMWM-1602B
NJDEP_BMWM-1602C,shellfish,"INFERRED: not a BEACH Act station and reports fecal coliform, the NSSP growing-area indicator",non_beach,Estuary,NJDEP_BMWM,NJ,NJDEP_BMWM-1602C
NJDEP_BMWM-1602F,shellfish,"INFERRED: not a BEACH Act station and reports fecal coliform, the NSSP growing-area indicator",non_beach,Estuary,NJDEP_BMWM,NJ,NJDEP_BMWM-1602F
NJDEP_BMWM-1602G,shellfish,"INFERRED: not a BEACH Act station and reports fecal coliform, the NSSP growing-area indicator",non_beach,Estuary,NJDEP_BMWM,NJ,NJDEP_BMWM-1602G
NJDEP_BMWM-1603,shellfish,"INFERRED: not a BEACH Act station and reports fecal coliform, the NSSP growing-area indicator",non_beach,Estuary,NJDEP_BMWM,NJ,NJDEP_BMWM-1603
NJDEP_BMWM-1603B,shellfish,"INFERRED: not a BEACH Act station and reports fecal coliform, the NSSP growing-area indicator",non_beach,Estuary,NJDEP_BMWM,NJ,NJDEP_BMWM-1603B
NJDEP_BMWM-1604,shellfish,"INFERRED: not a BEACH Act station and reports fecal coliform, the NSSP growing-area indicator",non_beach,Estuary,NJDEP_BMWM,NJ,NJDEP_BMWM-1604
NJDEP_BMWM-1605,shellfish,"INFERRED: not a BEACH Act station and reports fecal coliform, the NSSP growing-area indicator",non_beach,Estuary,NJDEP_BMWM,NJ,NJDEP_BMWM-1605
NJDEP_BMWM-1605B,shellfish,"INFERRED: not a BEACH Act station and reports fecal coliform, the NSSP growing-area indicator",non_beach,Estuary,NJDEP_BMWM,NJ,NJDEP_BB-BB01
NJDEP_BMWM-1606,shellfish,"INFERRED: not a BEACH Act station and reports fecal coliform, the NSSP growing-area indicator",non_beach,Estuary,NJDEP_BMWM,NJ,NJDEP_BMWM-1606
NJDEP_BMWM-1606B,shellfish,"INFERRED: not a BEACH Act station and reports fecal coliform, the NSSP growing-area indicator",non_beach,Estuary,NJDEP_BMWM,NJ,NJDEP_BMWM-1606B
NJDEP_BMWM-1606C,shellfish,"INFERRED: not a BEACH Act station and reports fecal coliform, the NSSP growing-area indicator",non_beach,Estuary,NJDEP_BMWM,NJ,NJDEP_BMWM-1606C
NJDEP_BMWM-1606D,shellfish,"INFERRED: not a BEACH Act station and reports fecal coliform, the NSSP growing-area indicator",non_beach,Estuary,NJDEP_BMWM,NJ,NJDEP_BMWM-1606D
NJDEP_BMWM-1606E,shellfish,"INFERRED: not a BEACH Act station and reports fecal coliform, the NSSP growing-area indicator",non_beach,Estuary,NJDEP_BMWM,NJ,NJDEP_BMWM-1606E
NJDEP_BMWM-1606F,shellfish,"INFERRED: not a BEACH Act station and reports fecal coliform, the NSSP growing-area indicator",non_beach,Estuary,NJDEP_BMWM,NJ,NJDEP_BMWM-1606F
NJDEP_BMWM-1606G,shellfish,"INFERRED: not a BEACH Act station and reports fecal coliform, the NSSP growing-area indicator",non_beach,Estuary,NJDEP_BMWM,NJ,NJDEP_BMWM-1606G
NJDEP_BMWM-1606H,shellfish,"INFERRED: not a BEACH Act station and reports fecal coliform, the NSSP growing-area indicator",non_beach,Estuary,NJDEP_BMWM,NJ,NJDEP_BMWM-1606H
NJDEP_BMWM-1606I,shellfish,"INFERRED: not a BEACH Act station and reports fecal coliform, the NSSP growing-area indicator",non_beach,Estuary,NJDEP_BMWM,NJ,NJDEP_BMWM-1606I
NJDEP_BMWM-1607,shellfish,"INFERRED: not a BEACH Act station and reports fecal coliform, the NSSP growing-area indicator",non_beach,Estuary,NJDEP_BMWM,NJ,NJDEP_BMWM-1607
NJDEP_BMWM-1607A,shellfish,"INFERRED: not a BEACH Act station and reports fecal coliform, the NSSP growing-area indicator",non_beach,Estuary,NJDEP_BMWM,NJ,NJDEP_BMWM-1607A
NJDEP_BMWM-1607D,shellfish,"INFERRED: not a BEACH Act station and reports fecal coliform, the NSSP growing-area indicator",non_beach,Estuary,NJDEP_BMWM,NJ,NJDEP_BMWM-1607D
NJDEP_BMWM-1607E,shellfish,"INFERRED: not a BEACH Act station and reports fecal coliform, the NSSP growing-area indicator",non_beach,Estuary,NJDEP_BMWM,NJ,NJDEP_BMWM-1607
NJDEP_BMWM-1608,shellfish,"INFERRED: not a BEACH Act station and reports fecal coliform, the NSSP growing-area indicator",non_beach,Estuary,NJDEP_BMWM,NJ,NJDEP_BMWM-1608
NJDEP_BMWM-1608A,shellfish,"INFERRED: not a BEACH Act station and reports fecal coliform, the NSSP growing-area indicator",non_beach,Estuary,NJDEP_BMWM,NJ,NJDEP_BMWM-1608A
NJDEP_BMWM-1608B,shellfish,"INFERRED: not a BEACH Act station and reports fecal coliform, the NSSP growing-area indicator",non_beach,Estuary,NJDEP_BMWM,NJ,NJDEP_BMWM-1608B
NJDEP_BMWM-1608F,shellfish,"INFERRED: not a BEACH Act station and reports fecal coliform, the NSSP growing-area indicator",non_beach,Estuary,NJDEP_BMWM,NJ,NJDEP_BMWM-1608F
NJDEP_BMWM-1608G,shellfish,"INFERRED: not a BEACH Act station and reports fecal coliform, the NSSP growing-area indicator",non_beach,Estuary,NJDEP_BMWM,NJ,NJDEP_BMWM-1608G
NJDEP_BMWM-1609B,shellfish,"INFERRED: not a BEACH Act station and reports fecal coliform, the NSSP growing-area indicator",non_beach,Estuary,NJDEP_BMWM,NJ,NJDEP_BMWM-1609B
NJDEP_BMWM-1609C,shellfish,"INFERRED: not a BEACH Act station and reports fecal coliform, the NSSP growing-area indicator",non_beach,Estuary,NJDEP_BMWM,NJ,NJDEP_BMWM-1609C
NJDEP_BMWM-1609D,shellfish,"INFERRED: not a BEACH Act station and reports fecal coliform, the NSSP growing-area indicator",non_beach,Estuary,NJDEP_BMWM,NJ,NJDEP_BMWM-1609D
NJDEP_BMWM-1610A,shellfish,"INFERRED: not a BEACH Act station and reports fecal coliform, the NSSP growing-area indicator",non_beach,Estuary,NJDEP_BMWM,NJ,NJDEP_BMWM-1610A
NJDEP_BMWM-1610C,shellfish,"INFERRED: not a BEACH Act station and reports fecal coliform, the NSSP growing-area indicator",non_beach,Estuary,NJDEP_BMWM,NJ,NJDEP_BMWM-1610C
NJDEP_BMWM-1610D,shellfish,"INFERRED: not a BEACH Act station and reports fecal coliform, the NSSP growing-area indicator",non_beach,Estuary,NJDEP_BMWM,NJ,NJDEP_BMWM-1610D
NJDEP_BMWM-1611A,shellfish,"INFERRED: not a BEACH Act station and reports fecal coliform, the NSSP growing-area indicator",non_beach,Estuary,NJDEP_BMWM,NJ,NJDEP_BMWM-1611A
NJDEP_BMWM-1611C,shellfish,"INFERRED: not a BEACH Act station and reports fecal coliform, the NSSP growing-area indicator",non_beach,Estuary,NJDEP_BMWM,NJ,NJDEP_BMWM-1611C
NJDEP_BMWM-1611D,shellfish,"INFERRED: not a BEACH Act station and reports fecal coliform, the NSSP growing-area indicator",non_beach,Estuary,NJDEP_BMWM,NJ,NJDEP_BMWM-1611D
NJDEP_BMWM-1612,shellfish,"INFERRED: not a BEACH Act station and reports fecal coliform, the NSSP growing-area indicator",non_beach,Estuary,NJDEP_BMWM,NJ,NJDEP_BMWM-1612
NJDEP_BMWM-1612B,shellfish,"INFERRED: not a BEACH Act station and reports fecal coliform, the NSSP growing-area indicator",non_beach,Estuary,NJDEP_BMWM,NJ,NJDEP_BMWM-1612B
NJDEP_BMWM-1612C,shellfish,"INFERRED: not a BEACH Act station and reports fecal coliform, the NSSP growing-area indicator",non_beach,Estuary,NJDEP_BMWM,NJ,NJDEP_BMWM-1612C
NJDEP_BMWM-1612F,shellfish,"INFERRED: not a BEACH Act station and reports fecal coliform, the NSSP growing-area indicator",non_beach,Estuary,NJDEP_BMWM,NJ,NJDEP_BMWM-1612F
NJDEP_BMWM-1613A,shellfish,"INFERRED: not a BEACH Act station and reports fecal coliform, the NSSP growing-area indicator",non_beach,Estuary,NJDEP_BMWM,NJ,NJDEP_BMWM-1613A
NJDEP_BMWM-1613C,shellfish,"INFERRED: not a BEACH Act station and reports fecal coliform, the NSSP growing-area indicator",non_beach,Estuary,NJDEP_BMWM,NJ,NJDEP_BMWM-1613C
NJDEP_BMWM-1614,shellfish,"INFERRED: not a BEACH Act station and reports fecal coliform, the NSSP growing-area indicator",non_beach,Estuary,NJDEP_BMWM,NJ,NJDEP_BMWM-1614
NJDEP_BMWM-1614B,shellfish,"INFERRED: not a BEACH Act station and reports fecal coliform, the NSSP growing-area indicator",non_beach,Estuary,NJDEP_BMWM,NJ,NJDEP_BMWM-1614B
NJDEP_BMWM-1614C,shellfish,"INFERRED: not a BEACH Act station and reports fecal coliform, the NSSP growing-area indicator",non_beach,Estuary,NJDEP_BMWM,NJ,NJDEP_BMWM-1614C
NJDEP_BMWM-1614E,shellfish,"INFERRED: not a BEACH Act station and reports fecal coliform, the NSSP growing-area indicator",non_beach,Estuary,NJDEP_BMWM,NJ,NJDEP_BMWM-1614E
NJDEP_BMWM-1614G,shellfish,"INFERRED: not a BEACH Act station and reports fecal coliform, the NSSP growing-area indicator",non_beach,Estuary,NJDEP_BMWM,NJ,NJDEP_BMWM-1614G
NJDEP_BMWM-1614J,shellfish,"INFERRED: not a BEACH Act station and reports fecal coliform, the NSSP growing-area indicator",non_beach,Estuary,NJDEP_BMWM,NJ,NJDEP_BMWM-1614J
NJDEP_BMWM-1615A,shellfish,"INFERRED: not a BEACH Act station and reports fecal coliform, the NSSP growing-area indicator",non_beach,Estuary,NJDEP_BMWM,NJ,NJDEP_BMWM-1615A
NJDEP_BMWM-1616,shellfish,"INFERRED: not a BEACH Act station and reports fecal coliform, the NSSP growing-area indicator",non_beach,Estuary,NJDEP_BMWM,NJ,NJDEP_BMWM-1616
NJDEP_BMWM-1616B,shellfish,"INFERRED: not a BEACH Act station and reports fecal coliform, the NSSP growing-area indicator",non_beach,Estuary,NJDEP_BMWM,NJ,NJDEP_BMWM-1616B
NJDEP_BMWM-1616C,shellfish,"INFERRED: not a BEACH Act station and reports fecal coliform, the NSSP growing-area indicator",non_beach,Estuary,NJDEP_BMWM,NJ,NJDEP_BMWM-1616C
NJDEP_BMWM-1617,shellfish,"INFERRED: not a BEACH Act station and reports fecal coliform, the NSSP growing-area indicator",non_beach,Estuary,NJDEP_BMWM,NJ,NJDEP_BMWM-1617
NJDEP_BMWM-1617A,shellfish,"INFERRED: not a BEACH Act station and reports fecal coliform, the NSSP growing-area indicator",non_beach,Estuary,NJDEP_BMWM,NJ,NJDEP_BMWM-1617A
NJDEP_BMWM-1617B,shellfish,"INFERRED: not a BEACH Act station and reports fecal coliform, the NSSP growing-area indicator",non_beach,Estuary,NJDEP_BMWM,NJ,NJDEP_BMWM-1617B
NJDEP_BMWM-1617D,shellfish,"INFERRED: not a BEACH Act station and reports fecal coliform, the NSSP growing-area indicator",non_beach,Estuary,NJDEP_BMWM,NJ,NJDEP_BMWM-1617D
NJDEP_BMWM-1617G,shellfish,"INFERRED: not a BEACH Act station and reports fecal coliform, the NSSP growing-area indicator",non_beach,Estuary,NJDEP_BMWM,NJ,NJDEP_BMWM-1617G
NJDEP_BMWM-1617H,shellfish,"INFERRED: not a BEACH Act station and reports fecal coliform, the NSSP growing-area indicator",non_beach,Estuary,NJDEP_BMWM,NJ,NJDEP_BMWM-1617H
NJDEP_BMWM-1617I,shellfish,"INFERRED: not a BEACH Act station and reports fecal coliform, the NSSP growing-area indicator",non_beach,Estuary,NJDEP_BMWM,NJ,NJDEP_BMWM-1617I
NJDEP_BMWM-1618A,shellfish,"INFERRED: not a BEACH Act station and reports fecal coliform, the NSSP growing-area indicator",non_beach,Estuary,NJDEP_BMWM,NJ,NJDEP_BMWM-1618A
NJDEP_BMWM-1619D,shellfish,"INFERRED: not a BEACH Act station and reports fecal coliform, the NSSP growing-area indicator",non_beach,Estuary,NJDEP_BMWM,NJ,NJDEP_BMWM-1619D
NJDEP_BMWM-1619H,shellfish,"INFERRED: not a BEACH Act station and reports fecal coliform, the NSSP growing-area indicator",non_beach,Estuary,NJDEP_BMWM,NJ,NJDEP_BMWM-1619H
NJDEP_BMWM-1620,shellfish,"INFERRED: not a BEACH Act station and reports fecal coliform, the NSSP growing-area indicator",non_beach,Estuary,NJDEP_BMWM,NJ,NJDEP_BMWM-1620
NJDEP_BMWM-1620C,shellfish,"INFERRED: not a BEACH Act station and reports fecal coliform, the NSSP growing-area indicator",non_beach,Estuary,NJDEP_BMWM,NJ,NJDEP_BMWM-1620C
NJDEP_BMWM-1620H,shellfish,"INFERRED: not a BEACH Act station and reports fecal coliform, the NSSP growing-area indicator",non_beach,Estuary,NJDEP_BMWM,NJ,NJDEP_BMWM-1620H
NJDEP_BMWM-1621B,shellfish,"INFERRED: not a BEACH Act station and reports fecal coliform, the NSSP growing-area indicator",non_beach,Estuary,NJDEP_BMWM,NJ,NJDEP_BMWM-1621B
NJDEP_BMWM-1622A,shellfish,"INFERRED: not a BEACH Act station and reports fecal coliform, the NSSP growing-area indicator",non_beach,Estuary,NJDEP_BMWM,NJ,NJDEP_BMWM-1622A
NJDEP_BMWM-1623A,shellfish,"INFERRED: not a BEACH Act station and reports fecal coliform, the NSSP growing-area indicator",non_beach,Estuary,NJDEP_BMWM,NJ,NJDEP_BMWM-1623A
NJDEP_BMWM-1624,shellfish,"INFERRED: not a BEACH Act station and reports fecal coliform, the NSSP growing-area indicator",non_beach,Estuary,NJDEP_BMWM,NJ,NJDEP_BMWM-1624
NJDEP_BMWM-1624C,shellfish,"INFERRED: not a BEACH Act station and reports fecal coliform, the NSSP growing-area indicator",non_beach,Estuary,NJDEP_BMWM,NJ,NJDEP_BMWM-1624C
NJDEP_BMWM-1625A,shellfish,"INFERRED: not a BEACH Act station and reports fecal coliform, the NSSP growing-area indicator",non_beach,Estuary,NJDEP_BMWM,NJ,NJDEP_BMWM-1625A
NJDEP_BMWM-1626D,shellfish,"INFERRED: not a BEACH Act station and reports fecal coliform, the NSSP growing-area indicator",non_beach,Estuary,NJDEP_BMWM,NJ,NJDEP_BMWM-1626D
NJDEP_BMWM-1627,shellfish,"INFERRED: not a BEACH Act station and reports fecal coliform, the NSSP growing-area indicator",non_beach,Estuary,NJDEP_BMWM,NJ,NJDEP_BMWM-1627
NJDEP_BMWM-1627B,shellfish,"INFERRED: not a BEACH Act station and reports fecal coliform, the NSSP growing-area indicator",non_beach,Estuary,NJDEP_BMWM,NJ,NJDEP_BMWM-1627B
NJDEP_BMWM-1628B,beach,SOURCED: shares a 150 m site_cluster with a BEACH Act station,non_beach,Estuary,NJDEP_BMWM,NJ,21NJBCH-OC0036
NJDEP_BMWM-1629,shellfish,"INFERRED: not a BEACH Act station and reports fecal coliform, the NSSP growing-area indicator",non_beach,Estuary,NJDEP_BMWM,NJ,NJDEP_BMWM-1629
NJDEP_BMWM-1629A,shellfish,"INFERRED: not a BEACH Act station and reports fecal coliform, the NSSP growing-area indicator",non_beach,Estuary,NJDEP_BMWM,NJ,NJDEP_BMWM-1629A
NJDEP_BMWM-1629B,shellfish,"INFERRED: not a BEACH Act station and reports fecal coliform, the NSSP growing-area indicator",non_beach,Estuary,NJDEP_BMWM,NJ,NJDEP_BB-BB03
NJDEP_BMWM-1629C,shellfish,"INFERRED: not a BEACH Act station and reports fecal coliform, the NSSP growing-area indicator",non_beach,Estuary,NJDEP_BMWM,NJ,NJDEP_BMWM-1629C
NJDEP_BMWM-1629D,shellfish,"INFERRED: not a BEACH Act station and reports fecal coliform, the NSSP growing-area indicator",non_beach,Estuary,NJDEP_BMWM,NJ,NJDEP_BMWM-1629D
NJDEP_BMWM-1631,shellfish,"INFERRED: not a BEACH Act station and reports fecal coliform, the NSSP growing-area indicator",non_beach,Estuary,NJDEP_BMWM,NJ,NJDEP_BMWM-1631
NJDEP_BMWM-1631A,shellfish,"INFERRED: not a BEACH Act station and reports fecal coliform, the NSSP growing-area indicator",non_beach,Estuary,NJDEP_BMWM,NJ,NJDEP_BMWM-1631A
NJDEP_BMWM-1631B,shellfish,"INFERRED: not a BEACH Act station and reports fecal coliform, the NSSP growing-area indicator",non_beach,Estuary,NJDEP_BMWM,NJ,NJDEP_BMWM-1631B
NJDEP_BMWM-1631C,shellfish,"INFERRED: not a BEACH Act station and reports fecal coliform, the NSSP growing-area indicator",non_beach,Estuary,NJDEP_BMWM,NJ,NJDEP_BMWM-1631C
NJDEP_BMWM-1631D,shellfish,"INFERRED: not a BEACH Act station and reports fecal coliform, the NSSP growing-area indicator",non_beach,Estuary,NJDEP_BMWM,NJ,NJDEP_BMWM-1631D
NJDEP_BMWM-1631E,shellfish,"INFERRED: not a BEACH Act station and reports fecal coliform, the NSSP growing-area indicator",non_beach,Estuary,NJDEP_BMWM,NJ,NJDEP_BMWM-1631E
NJDEP_BMWM-1631F,shellfish,"INFERRED: not a BEACH Act station and reports fecal coliform, the NSSP growing-area indicator",non_beach,Estuary,NJDEP_BMWM,NJ,NJDEP_BMWM-1631F
NJDEP_BMWM-1632,shellfish,"INFERRED: not a BEACH Act station and reports fecal coliform, the NSSP growing-area indicator",non_beach,Estuary,NJDEP_BMWM,NJ,NJDEP_BMWM-1632
NJDEP_BMWM-1632A,shellfish,"INFERRED: not a BEACH Act station and reports fecal coliform, the NSSP growing-area indicator",non_beach,Estuary,NJDEP_BMWM,NJ,NJDEP_BMWM-1632A
NJDEP_BMWM-1632B,shellfish,"INFERRED: not a BEACH Act station and reports fecal coliform, the NSSP growing-area indicator",non_beach,Estuary,NJDEP_BMWM,NJ,NJDEP_BB-BB04
NJDEP_BMWM-1632C,shellfish,"INFERRED: not a BEACH Act station and reports fecal coliform, the NSSP growing-area indicator",non_beach,Estuary,NJDEP_BMWM,NJ,NJDEP_BMWM-1632C
NJDEP_BMWM-1633,shellfish,"INFERRED: not a BEACH Act station and reports fecal coliform, the NSSP growing-area indicator",non_beach,Estuary,NJDEP_BMWM,NJ,NJDEP_BMWM-1633
NJDEP_BMWM-1633A,shellfish,"INFERRED: not a BEACH Act station and reports fecal coliform, the NSSP growing-area indicator",non_beach,Estuary,NJDEP_BMWM,NJ,NJDEP_BMWM-1633A
NJDEP_BMWM-1633B,shellfish,"INFERRED: not a BEACH Act station and reports fecal coliform, the NSSP growing-area indicator",non_beach,Estuary,NJDEP_BMWM,NJ,NJDEP_BMWM-1633B
NJDEP_BMWM-1633C,shellfish,"INFERRED: not a BEACH Act station and reports fecal coliform, the NSSP growing-area indicator",non_beach,Estuary,NJDEP_BMWM,NJ,NJDEP_BMWM-1633C
NJDEP_BMWM-1633D,shellfish,"INFERRED: not a BEACH Act station and reports fecal coliform, the NSSP growing-area indicator",non_beach,Estuary,NJDEP_BMWM,NJ,NJDEP_BMWM-1633D
NJDEP_BMWM-1634,shellfish,"INFERRED: not a BEACH Act station and reports fecal coliform, the NSSP growing-area indicator",non_beach,Estuary,NJDEP_BMWM,NJ,NJDEP_BMWM-1634
NJDEP_BMWM-1634B,shellfish,"INFERRED: not a BEACH Act station and reports fecal coliform, the NSSP growing-area indicator",non_beach,Estuary,NJDEP_BMWM,NJ,NJDEP_BMWM-1634B
NJDEP_BMWM-1634C,shellfish,"INFERRED: not a BEACH Act station and reports fecal coliform, the NSSP growing-area indicator",non_beach,Estuary,NJDEP_BMWM,NJ,NJDEP_BMWM-1634C
NJDEP_BMWM-1634D,shellfish,"INFERRED: not a BEACH Act station and reports fecal coliform, the NSSP growing-area indicator",non_beach,Estuary,NJDEP_BMWM,NJ,NJDEP_BMWM-1634D
NJDEP_BMWM-1634E,shellfish,"INFERRED: not a BEACH Act station and reports fecal coliform, the NSSP growing-area indicator",non_beach,Estuary,NJDEP_BMWM,NJ,NJDEP_BMWM-1634E
NJDEP_BMWM-1635,shellfish,"INFERRED: not a BEACH Act station and reports fecal coliform, the NSSP growing-area indicator",non_beach,Estuary,NJDEP_BMWM,NJ,NJDEP_BMWM-1635
NJDEP_BMWM-1635B,shellfish,"INFERRED: not a BEACH Act station and reports fecal coliform, the NSSP growing-area indicator",non_beach,Estuary,NJDEP_BMWM,NJ,NJDEP_BMWM-1635B
NJDEP_BMWM-1635F,shellfish,"INFERRED: not a BEACH Act station and reports fecal coliform, the NSSP growing-area indicator",non_beach,Estuary,NJDEP_BMWM,NJ,NJDEP_BMWM-1635F
NJDEP_BMWM-1637A,shellfish,"INFERRED: not a BEACH Act station and reports fecal coliform, the NSSP growing-area indicator",non_beach,Estuary,NJDEP_BMWM,NJ,NJDEP_BMWM-1637A
NJDEP_BMWM-1637B,shellfish,"INFERRED: not a BEACH Act station and reports fecal coliform, the NSSP growing-area indicator",non_beach,Estuary,NJDEP_BMWM,NJ,NJDEP_BMWM-1637B
NJDEP_BMWM-1637E,shellfish,"INFERRED: not a BEACH Act station and reports fecal coliform, the NSSP growing-area indicator",non_beach,Estuary,NJDEP_BMWM,NJ,NJDEP_BMWM-1637E
NJDEP_BMWM-1637F,shellfish,"INFERRED: not a BEACH Act station and reports fecal coliform, the NSSP growing-area indicator",non_beach,Estuary,NJDEP_BMWM,NJ,NJDEP_BMWM-1637F
NJDEP_BMWM-1637G,shellfish,"INFERRED: not a BEACH Act station and reports fecal coliform, the NSSP growing-area indicator",non_beach,Estuary,NJDEP_BMWM,NJ,NJDEP_BMWM-1637G
NJDEP_BMWM-1637H,shellfish,"INFERRED: not a BEACH Act station and reports fecal coliform, the NSSP growing-area indicator",non_beach,Estuary,NJDEP_BMWM,NJ,NJDEP_BMWM-1637H
NJDEP_BMWM-1637J,shellfish,"INFERRED: not a BEACH Act station and reports fecal coliform, the NSSP growing-area indicator",non_beach,Estuary,NJDEP_BMWM,NJ,NJDEP_BMWM-1637J
NJDEP_BMWM-1638,shellfish,"INFERRED: not a BEACH Act station and reports fecal coliform, the NSSP growing-area indicator",non_beach,Estuary,NJDEP_BMWM,NJ,NJDEP_BMWM-1638
NJDEP_BMWM-1639,shellfish,"INFERRED: not a BEACH Act station and reports fecal coliform, the NSSP growing-area indicator",non_beach,Estuary,NJDEP_BMWM,NJ,NJDEP_BMWM-1639
NJDEP_BMWM-1639A,shellfish,"INFERRED: not a BEACH Act station and reports fecal coliform, the NSSP growing-area indicator",non_beach,Estuary,NJDEP_BMWM,NJ,NJDEP_BMWM-1639A
NJDEP_BMWM-1639C,shellfish,"INFERRED: not a BEACH Act station and reports fecal coliform, the NSSP growing-area indicator",non_beach,Estuary,NJDEP_BMWM,NJ,NJDEP_BMWM-1639C
NJDEP_BMWM-1639D,shellfish,"INFERRED: not a BEACH Act station and reports fecal coliform, the NSSP growing-area indicator",non_beach,Estuary,NJDEP_BMWM,NJ,NJDEP_BMWM-1639D
NJDEP_BMWM-1639E,shellfish,"INFERRED: not a BEACH Act station and reports fecal coliform, the NSSP growing-area indicator",non_beach,Estuary,NJDEP_BMWM,NJ,NJDEP_BMWM-1639E
NJDEP_BMWM-1640,shellfish,"INFERRED: not a BEACH Act station and reports fecal coliform, the NSSP growing-area indicator",non_beach,Estuary,NJDEP_BMWM,NJ,NJDEP_BMWM-1640
NJDEP_BMWM-1640A,shellfish,"INFERRED: not a BEACH Act station and reports fecal coliform, the NSSP growing-area indicator",non_beach,Estuary,NJDEP_BMWM,NJ,NJDEP_BMWM-1640A
NJDEP_BMWM-1642A,shellfish,"INFERRED: not a BEACH Act station and reports fecal coliform, the NSSP growing-area indicator",non_beach,Estuary,NJDEP_BMWM,NJ,NJDEP_BMWM-1642A
NJDEP_BMWM-1642B,shellfish,"INFERRED: not a BEACH Act station and reports fecal coliform, the NSSP growing-area indicator",non_beach,Estuary,NJDEP_BMWM,NJ,NJDEP_BMWM-1642B
NJDEP_BMWM-1643,shellfish,"INFERRED: not a BEACH Act station and reports fecal coliform, the NSSP growing-area indicator",non_beach,Estuary,NJDEP_BMWM,NJ,NJDEP_BMWM-1643
NJDEP_BMWM-1643C,shellfish,"INFERRED: not a BEACH Act station and reports fecal coliform, the NSSP growing-area indicator",non_beach,Estuary,NJDEP_BMWM,NJ,NJDEP_BMWM-1643C
NJDEP_BMWM-1645A,shellfish,"INFERRED: not a BEACH Act station and reports fecal coliform, the NSSP growing-area indicator",non_beach,Estuary,NJDEP_BMWM,NJ,NJDEP_BMWM-1645A
NJDEP_BMWM-1645D,shellfish,"INFERRED: not a BEACH Act station and reports fecal coliform, the NSSP growing-area indicator",non_beach,Estuary,NJDEP_BMWM,NJ,NJDEP_BMWM-1645D
NJDEP_BMWM-1646,shellfish,"INFERRED: not a BEACH Act station and reports fecal coliform, the NSSP growing-area indicator",non_beach,Estuary,NJDEP_BMWM,NJ,NJDEP_BMWM-1646
NJDEP_BMWM-1646B,shellfish,"INFERRED: not a BEACH Act station and reports fecal coliform, the NSSP growing-area indicator",non_beach,Estuary,NJDEP_BMWM,NJ,NJDEP_BMWM-1646B
NJDEP_BMWM-1646E,shellfish,"INFERRED: not a BEACH Act station and reports fecal coliform, the NSSP growing-area indicator",non_beach,Estuary,NJDEP_BMWM,NJ,NJDEP_BMWM-1646E
NJDEP_BMWM-1647A,shellfish,"INFERRED: not a BEACH Act station and reports fecal coliform, the NSSP growing-area indicator",non_beach,Estuary,NJDEP_BMWM,NJ,NJDEP_BMWM-1647A
NJDEP_BMWM-1647B,shellfish,"INFERRED: not a BEACH Act station and reports fecal coliform, the NSSP growing-area indicator",non_beach,Estuary,NJDEP_BMWM,NJ,NJDEP_BMWM-1647B
NJDEP_BMWM-1648,shellfish,"INFERRED: not a BEACH Act station and reports fecal coliform, the NSSP growing-area indicator",non_beach,Estuary,NJDEP_BMWM,NJ,NJDEP_BMWM-1648
NJDEP_BMWM-1648B,shellfish,"INFERRED: not a BEACH Act station and reports fecal coliform, the NSSP growing-area indicator",non_beach,Estuary,NJDEP_BMWM,NJ,NJDEP_BMWM-1648B
NJDEP_BMWM-1649B,shellfish,"INFERRED: not a BEACH Act station and reports fecal coliform, the NSSP growing-area indicator",non_beach,Estuary,NJDEP_BMWM,NJ,NJDEP_BMWM-1649B
NJDEP_BMWM-1649C,shellfish,"INFERRED: not a BEACH Act station and reports fecal coliform, the NSSP growing-area indicator",non_beach,Estuary,NJDEP_BMWM,NJ,NJDEP_BMWM-1649C
NJDEP_BMWM-1649D,shellfish,"INFERRED: not a BEACH Act station and reports fecal coliform, the NSSP growing-area indicator",non_beach,Estuary,NJDEP_BMWM,NJ,NJDEP_BMWM-1649D
NJDEP_BMWM-1650B,shellfish,"INFERRED: not a BEACH Act station and reports fecal coliform, the NSSP growing-area indicator",non_beach,Estuary,NJDEP_BMWM,NJ,NJDEP_BMWM-1650B
NJDEP_BMWM-1650D,shellfish,"INFERRED: not a BEACH Act station and reports fecal coliform, the NSSP growing-area indicator",non_beach,Estuary,NJDEP_BMWM,NJ,NJDEP_BMWM-1650D
NJDEP_BMWM-1651,shellfish,"INFERRED: not a BEACH Act station and reports fecal coliform, the NSSP growing-area indicator",non_beach,Estuary,NJDEP_BMWM,NJ,NJDEP_BMWM-1651
NJDEP_BMWM-1651A,shellfish,"INFERRED: not a BEACH Act station and reports fecal coliform, the NSSP growing-area indicator",non_beach,Estuary,NJDEP_BMWM,NJ,NJDEP_BMWM-1651A
NJDEP_BMWM-1651B,shellfish,"INFERRED: not a BEACH Act station and reports fecal coliform, the NSSP growing-area indicator",non_beach,Estuary,NJDEP_BMWM,NJ,NJDEP_BMWM-1651B
NJDEP_BMWM-1651C,shellfish,"INFERRED: not a BEACH Act station and reports fecal coliform, the NSSP growing-area indicator",non_beach,Estuary,NJDEP_BMWM,NJ,NJDEP_BMWM-1651C
NJDEP_BMWM-1651D,shellfish,"INFERRED: not a BEACH Act station and reports fecal coliform, the NSSP growing-area indicator",non_beach,Estuary,NJDEP_BMWM,NJ,NJDEP_BB-BB06
NJDEP_BMWM-1652,shellfish,"INFERRED: not a BEACH Act station and reports fecal coliform, the NSSP growing-area indicator",non_beach,Estuary,NJDEP_BMWM,NJ,NJDEP_BMWM-1652
NJDEP_BMWM-1652A,shellfish,"INFERRED: not a BEACH Act station and reports fecal coliform, the NSSP growing-area indicator",non_beach,Estuary,NJDEP_BMWM,NJ,NJDEP_BMWM-1652A
NJDEP_BMWM-1652C,shellfish,"INFERRED: not a BEACH Act station and reports fecal coliform, the NSSP growing-area indicator",non_beach,Estuary,NJDEP_BMWM,NJ,NJDEP_BMWM-1652C
NJDEP_BMWM-1652F,shellfish,"INFERRED: not a BEACH Act station and reports fecal coliform, the NSSP growing-area indicator",non_beach,Estuary,NJDEP_BMWM,NJ,NJDEP_BMWM-1652F
NJDEP_BMWM-1653,shellfish,"INFERRED: not a BEACH Act station and reports fecal coliform, the NSSP growing-area indicator",non_beach,Estuary,NJDEP_BMWM,NJ,NJDEP_BMWM-1653
NJDEP_BMWM-1653A,shellfish,"INFERRED: not a BEACH Act station and reports fecal coliform, the NSSP growing-area indicator",non_beach,Estuary,NJDEP_BMWM,NJ,NJDEP_BMWM-1653A
NJDEP_BMWM-1653C,shellfish,"INFERRED: not a BEACH Act station and reports fecal coliform, the NSSP growing-area indicator",non_beach,Estuary,NJDEP_BMWM,NJ,NJDEP_BMWM-1653C
NJDEP_BMWM-1653D,shellfish,"INFERRED: not a BEACH Act station and reports fecal coliform, the NSSP growing-area indicator",non_beach,Estuary,NJDEP_BMWM,NJ,NJDEP_BMWM-1653D
NJDEP_BMWM-1654,shellfish,"INFERRED: not a BEACH Act station and reports fecal coliform, the NSSP growing-area indicator",non_beach,Estuary,NJDEP_BMWM,NJ,NJDEP_BMWM-1654
NJDEP_BMWM-1654B,shellfish,"INFERRED: not a BEACH Act station and reports fecal coliform, the NSSP growing-area indicator",non_beach,Estuary,NJDEP_BMWM,NJ,NJDEP_BMWM-1654B
NJDEP_BMWM-1654D,shellfish,"INFERRED: not a BEACH Act station and reports fecal coliform, the NSSP growing-area indicator",non_beach,Estuary,NJDEP_BMWM,NJ,NJDEP_BMWM-1654D
NJDEP_BMWM-1661,shellfish,"INFERRED: not a BEACH Act station and reports fecal coliform, the NSSP growing-area indicator",non_beach,Estuary,NJDEP_BMWM,NJ,NJDEP_BMWM-1661
NJDEP_BMWM-1661A,shellfish,"INFERRED: not a BEACH Act station and reports fecal coliform, the NSSP growing-area indicator",non_beach,Estuary,NJDEP_BMWM,NJ,NJDEP_BB-1661A
NJDEP_BMWM-1661B,shellfish,"INFERRED: not a BEACH Act station and reports fecal coliform, the NSSP growing-area indicator",non_beach,Estuary,NJDEP_BMWM,NJ,NJDEP_BMWM-1661B
NJDEP_BMWM-1661C,shellfish,"INFERRED: not a BEACH Act station and reports fecal coliform, the NSSP growing-area indicator",non_beach,Estuary,NJDEP_BMWM,NJ,NJDEP_BMWM-1661C
NJDEP_BMWM-1661D,shellfish,"INFERRED: not a BEACH Act station and reports fecal coliform, the NSSP growing-area indicator",non_beach,Estuary,NJDEP_BMWM,NJ,NJDEP_BMWM-1661D
NJDEP_BMWM-1661E,shellfish,"INFERRED: not a BEACH Act station and reports fecal coliform, the NSSP growing-area indicator",non_beach,Estuary,NJDEP_BMWM,NJ,NJDEP_BMWM-1661E
NJDEP_BMWM-1661G,shellfish,"INFERRED: not a BEACH Act station and reports fecal coliform, the NSSP growing-area indicator",non_beach,Estuary,NJDEP_BMWM,NJ,NJDEP_BMWM-1661G
NJDEP_BMWM-1662,shellfish,"INFERRED: not a BEACH Act station and reports fecal coliform, the NSSP growing-area indicator",non_beach,Estuary,NJDEP_BMWM,NJ,NJDEP_BMWM-1662
NJDEP_BMWM-1662A,shellfish,"INFERRED: not a BEACH Act station and reports fecal coliform, the NSSP growing-area indicator",non_beach,Estuary,NJDEP_BMWM,NJ,NJDEP_BMWM-1662A
NJDEP_BMWM-1662B,shellfish,"INFERRED: not a BEACH Act station and reports fecal coliform, the NSSP growing-area indicator",non_beach,Estuary,NJDEP_BMWM,NJ,NJDEP_BMWM-1662B
NJDEP_BMWM-1663,shellfish,"INFERRED: not a BEACH Act station and reports fecal coliform, the NSSP growing-area indicator",non_beach,Estuary,NJDEP_BMWM,NJ,NJDEP_BMWM-1663
NJDEP_BMWM-1663A,shellfish,"INFERRED: not a BEACH Act station and reports fecal coliform, the NSSP growing-area indicator",non_beach,Estuary,NJDEP_BMWM,NJ,NJDEP_BB-1663A
NJDEP_BMWM-1663B,shellfish,"INFERRED: not a BEACH Act station and reports fecal coliform, the NSSP growing-area indicator",non_beach,Estuary,NJDEP_BMWM,NJ,NJDEP_BMWM-1663B
NJDEP_BMWM-1663C,shellfish,"INFERRED: not a BEACH Act station and reports fecal coliform, the NSSP growing-area indicator",non_beach,Estuary,NJDEP_BMWM,NJ,NJDEP_BMWM-1663C
NJDEP_BMWM-1663D,shellfish,"INFERRED: not a BEACH Act station and reports fecal coliform, the NSSP growing-area indicator",non_beach,Estuary,NJDEP_BMWM,NJ,NJDEP_BMWM-1663D
NJDEP_BMWM-1664,shellfish,"INFERRED: not a BEACH Act station and reports fecal coliform, the NSSP growing-area indicator",non_beach,Estuary,NJDEP_BMWM,NJ,NJDEP_BMWM-1664
NJDEP_BMWM-1664A,shellfish,"INFERRED: not a BEACH Act station and reports fecal coliform, the NSSP growing-area indicator",non_beach,Estuary,NJDEP_BMWM,NJ,NJDEP_BMWM-1664A
NJDEP_BMWM-1664B,shellfish,"INFERRED: not a BEACH Act station and reports fecal coliform, the NSSP growing-area indicator",non_beach,Estuary,NJDEP_BMWM,NJ,NJDEP_BMWM-1664B
NJDEP_BMWM-1665,shellfish,"INFERRED: not a BEACH Act station and reports fecal coliform, the NSSP growing-area indicator",non_beach,Estuary,NJDEP_BMWM,NJ,NJDEP_BMWM-1665
NJDEP_BMWM-1665A,shellfish,"INFERRED: not a BEACH Act station and reports fecal coliform, the NSSP growing-area indicator",non_beach,Estuary,NJDEP_BMWM,NJ,NJDEP_BMWM-1665A
NJDEP_BMWM-1665B,shellfish,"INFERRED: not a BEACH Act station and reports fecal coliform, the NSSP growing-area indicator",non_beach,Estuary,NJDEP_BMWM,NJ,NJDEP_BMWM-1665B
NJDEP_BMWM-1666,shellfish,"INFERRED: not a BEACH Act station and reports fecal coliform, the NSSP growing-area indicator",non_beach,Estuary,NJDEP_BMWM,NJ,NJDEP_BMWM-1666
NJDEP_BMWM-1666A,shellfish,"INFERRED: not a BEACH Act station and reports fecal coliform, the NSSP growing-area indicator",non_beach,Estuary,NJDEP_BMWM,NJ,NJDEP_BMWM-1666A
NJDEP_BMWM-1666B,shellfish,"INFERRED: not a BEACH Act station and reports fecal coliform, the NSSP growing-area indicator",non_beach,Estuary,NJDEP_BMWM,NJ,NJDEP_BMWM-1666B
NJDEP_BMWM-1667,shellfish,"INFERRED: not a BEACH Act station and reports fecal coliform, the NSSP growing-area indicator",non_beach,Estuary,NJDEP_BMWM,NJ,NJDEP_BMWM-1667
NJDEP_BMWM-1667A,shellfish,"INFERRED: not a BEACH Act station and reports fecal coliform, the NSSP growing-area indicator",non_beach,Estuary,NJDEP_BMWM,NJ,NJDEP_BMWM-1667A
NJDEP_BMWM-1667B,shellfish,"INFERRED: not a BEACH Act station and reports fecal coliform, the NSSP growing-area indicator",non_beach,Estuary,NJDEP_BMWM,NJ,NJDEP_BMWM-1667B
NJDEP_BMWM-1668,shellfish,"INFERRED: not a BEACH Act station and reports fecal coliform, the NSSP growing-area indicator",non_beach,Estuary,NJDEP_BMWM,NJ,NJDEP_BMWM-1668
NJDEP_BMWM-1668A,shellfish,"INFERRED: not a BEACH Act station and reports fecal coliform, the NSSP growing-area indicator",non_beach,Estuary,NJDEP_BMWM,NJ,NJDEP_BMWM-1668A
NJDEP_BMWM-1668B,shellfish,"INFERRED: not a BEACH Act station and reports fecal coliform, the NSSP growing-area indicator",non_beach,Estuary,NJDEP_BMWM,NJ,NJDEP_BMWM-1668B
NJDEP_BMWM-1669,shellfish,"INFERRED: not a BEACH Act station and reports fecal coliform, the NSSP growing-area indicator",non_beach,Estuary,NJDEP_BMWM,NJ,NJDEP_BMWM-1669
NJDEP_BMWM-1669A,shellfish,"INFERRED: not a BEACH Act station and reports fecal coliform, the NSSP growing-area indicator",non_beach,Estuary,NJDEP_BMWM,NJ,NJDEP_BMWM-1669A
NJDEP_BMWM-1669B,shellfish,"INFERRED: not a BEACH Act station and reports fecal coliform, the NSSP growing-area indicator",non_beach,Estuary,NJDEP_BMWM,NJ,NJDEP_BMWM-1669B
NJDEP_BMWM-1670,shellfish,"INFERRED: not a BEACH Act station and reports fecal coliform, the NSSP growing-area indicator",non_beach,Estuary,NJDEP_BMWM,NJ,NJDEP_BMWM-1670
NJDEP_BMWM-1670A,shellfish,"INFERRED: not a BEACH Act station and reports fecal coliform, the NSSP growing-area indicator",non_beach,Estuary,NJDEP_BMWM,NJ,NJDEP_BMWM-1670A
NJDEP_BMWM-1670B,shellfish,"INFERRED: not a BEACH Act station and reports fecal coliform, the NSSP growing-area indicator",non_beach,Estuary,NJDEP_BMWM,NJ,NJDEP_BMWM-1670B
NJDEP_BMWM-1670C,shellfish,"INFERRED: not a BEACH Act station and reports fecal coliform, the NSSP growing-area indicator",non_beach,Estuary,NJDEP_BMWM,NJ,NJDEP_BMWM-1670C
NJDEP_BMWM-1671,shellfish,"INFERRED: not a BEACH Act station and reports fecal coliform, the NSSP growing-area indicator",non_beach,Estuary,NJDEP_BMWM,NJ,NJDEP_BMWM-1671
NJDEP_BMWM-1671A,shellfish,"INFERRED: not a BEACH Act station and reports fecal coliform, the NSSP growing-area indicator",non_beach,Estuary,NJDEP_BMWM,NJ,NJDEP_BMWM-1671A
NJDEP_BMWM-1671B,shellfish,"INFERRED: not a BEACH Act station and reports fecal coliform, the NSSP growing-area indicator",non_beach,Estuary,NJDEP_BMWM,NJ,NJDEP_BMWM-1671B
NJDEP_BMWM-1672,shellfish,"INFERRED: not a BEACH Act station and reports fecal coliform, the NSSP growing-area indicator",non_beach,Estuary,NJDEP_BMWM,NJ,NJDEP_BMWM-1672
NJDEP_BMWM-1672A,shellfish,"INFERRED: not a BEACH Act station and reports fecal coliform, the NSSP growing-area indicator",non_beach,Estuary,NJDEP_BMWM,NJ,NJDEP_BMWM-1672A
NJDEP_BMWM-1672B,shellfish,"INFERRED: not a BEACH Act station and reports fecal coliform, the NSSP growing-area indicator",non_beach,Estuary,NJDEP_BMWM,NJ,NJDEP_BMWM-1672B
NJDEP_BMWM-1672C,shellfish,"INFERRED: not a BEACH Act station and reports fecal coliform, the NSSP growing-area indicator",non_beach,Estuary,NJDEP_BMWM,NJ,NJDEP_BMWM-1672C
NJDEP_BMWM-1673A,shellfish,"INFERRED: not a BEACH Act station and reports fecal coliform, the NSSP growing-area indicator",non_beach,Estuary,NJDEP_BMWM,NJ,NJDEP_BMWM-1673A
NJDEP_BMWM-1675A,shellfish,"INFERRED: not a BEACH Act station and reports fecal coliform, the NSSP growing-area indicator",non_beach,Estuary,NJDEP_BMWM,NJ,NJDEP_BMWM-1675A
NJDEP_BMWM-1675B,shellfish,"INFERRED: not a BEACH Act station and reports fecal coliform, the NSSP growing-area indicator",non_beach,Estuary,NJDEP_BMWM,NJ,NJDEP_BMWM-1675B
NJDEP_BMWM-1675C,shellfish,"INFERRED: not a BEACH Act station and reports fecal coliform, the NSSP growing-area indicator",non_beach,Estuary,NJDEP_BMWM,NJ,NJDEP_BMWM-1675C
NJDEP_BMWM-1676A,shellfish,"INFERRED: not a BEACH Act station and reports fecal coliform, the NSSP growing-area indicator",non_beach,Estuary,NJDEP_BMWM,NJ,NJDEP_BMWM-1676A
NJDEP_BMWM-1676B,shellfish,"INFERRED: not a BEACH Act station and reports fecal coliform, the NSSP growing-area indicator",non_beach,Estuary,NJDEP_BMWM,NJ,NJDEP_BMWM-1676B
NJDEP_BMWM-1677,shellfish,"INFERRED: not a BEACH Act station and reports fecal coliform, the NSSP growing-area indicator",non_beach,Estuary,NJDEP_BMWM,NJ,NJDEP_BMWM-1677
NJDEP_BMWM-1677C,shellfish,"INFERRED: not a BEACH Act station and reports fecal coliform, the NSSP growing-area indicator",non_beach,Estuary,NJDEP_BMWM,NJ,NJDEP_BMWM-1677C
NJDEP_BMWM-1677D,shellfish,"INFERRED: not a BEACH Act station and reports fecal coliform, the NSSP growing-area indicator",non_beach,Estuary,NJDEP_BMWM,NJ,NJDEP_BMWM-1677D
NJDEP_BMWM-1678,shellfish,"INFERRED: not a BEACH Act station and reports fecal coliform, the NSSP growing-area indicator",non_beach,Estuary,NJDEP_BMWM,NJ,NJDEP_BMWM-1678
NJDEP_BMWM-1678A,shellfish,"INFERRED: not a BEACH Act station and reports fecal coliform, the NSSP growing-area indicator",non_beach,Estuary,NJDEP_BMWM,NJ,NJDEP_BMWM-1678A
NJDEP_BMWM-1679,shellfish,"INFERRED: not a BEACH Act station and reports fecal coliform, the NSSP growing-area indicator",non_beach,Estuary,NJDEP_BMWM,NJ,NJDEP_BMWM-1679
NJDEP_BMWM-1679A,shellfish,"INFERRED: not a BEACH Act station and reports fecal coliform, the NSSP growing-area indicator",non_beach,Estuary,NJDEP_BMWM,NJ,NJDEP_BMWM-1679A
NJDEP_BMWM-1679D,shellfish,"INFERRED: not a BEACH Act station and reports fecal coliform, the NSSP growing-area indicator",non_beach,Estuary,NJDEP_BMWM,NJ,NJDEP_BMWM-1679D
NJDEP_BMWM-1680A,shellfish,"INFERRED: not a BEACH Act station and reports fecal coliform, the NSSP growing-area indicator",non_beach,Estuary,NJDEP_BMWM,NJ,NJDEP_BMWM-1680A
NJDEP_BMWM-1680B,shellfish,"INFERRED: not a BEACH Act station and reports fecal coliform, the NSSP growing-area indicator",non_beach,Estuary,NJDEP_BMWM,NJ,NJDEP_BMWM-1680B
NJDEP_BMWM-1681,shellfish,"INFERRED: not a BEACH Act station and reports fecal coliform, the NSSP growing-area indicator",non_beach,Estuary,NJDEP_BMWM,NJ,NJDEP_BMWM-1681
NJDEP_BMWM-1681B,shellfish,"INFERRED: not a BEACH Act station and reports fecal coliform, the NSSP growing-area indicator",non_beach,Estuary,NJDEP_BMWM,NJ,NJDEP_BMWM-1681B
NJDEP_BMWM-1682,shellfish,"INFERRED: not a BEACH Act station and reports fecal coliform, the NSSP growing-area indicator",non_beach,Estuary,NJDEP_BMWM,NJ,NJDEP_BMWM-1682
NJDEP_BMWM-1682A,shellfish,"INFERRED: not a BEACH Act station and reports fecal coliform, the NSSP growing-area indicator",non_beach,Estuary,NJDEP_BMWM,NJ,NJDEP_BMWM-1682A
NJDEP_BMWM-1683,shellfish,"INFERRED: not a BEACH Act station and reports fecal coliform, the NSSP growing-area indicator",non_beach,Estuary,NJDEP_BMWM,NJ,NJDEP_BMWM-1683
NJDEP_BMWM-1683B,shellfish,"INFERRED: not a BEACH Act station and reports fecal coliform, the NSSP growing-area indicator",non_beach,Estuary,NJDEP_BMWM,NJ,NJDEP_BMWM-1683B
NJDEP_BMWM-1684A,shellfish,"INFERRED: not a BEACH Act station and reports fecal coliform, the NSSP growing-area indicator",non_beach,Estuary,NJDEP_BMWM,NJ,NJDEP_BMWM-1684A
NJDEP_BMWM-1684B,shellfish,"INFERRED: not a BEACH Act station and reports fecal coliform, the NSSP growing-area indicator",non_beach,Estuary,NJDEP_BMWM,NJ,NJDEP_BMWM-1684B
NJDEP_BMWM-1685,shellfish,"INFERRED: not a BEACH Act station and reports fecal coliform, the NSSP growing-area indicator",non_beach,Estuary,NJDEP_BMWM,NJ,NJDEP_BMWM-1685
NJDEP_BMWM-1686,shellfish,"INFERRED: not a BEACH Act station and reports fecal coliform, the NSSP growing-area indicator",non_beach,Estuary,NJDEP_BMWM,NJ,NJDEP_BMWM-1686
NJDEP_BMWM-1686B,shellfish,"INFERRED: not a BEACH Act station and reports fecal coliform, the NSSP growing-area indicator",non_beach,Estuary,NJDEP_BMWM,NJ,NJDEP_BMWM-1686B
NJDEP_BMWM-1686D,shellfish,"INFERRED: not a BEACH Act station and reports fecal coliform, the NSSP growing-area indicator",non_beach,Estuary,NJDEP_BMWM,NJ,NJDEP_BMWM-1686D
NJDEP_BMWM-1687,shellfish,"INFERRED: not a BEACH Act station and reports fecal coliform, the NSSP growing-area indicator",non_beach,Estuary,NJDEP_BMWM,NJ,NJDEP_BMWM-1687
NJDEP_BMWM-1687A,shellfish,"INFERRED: not a BEACH Act station and reports fecal coliform, the NSSP growing-area indicator",non_beach,Estuary,NJDEP_BMWM,NJ,NJDEP_BMWM-1687A
NJDEP_BMWM-1688A,shellfish,"INFERRED: not a BEACH Act station and reports fecal coliform, the NSSP growing-area indicator",non_beach,Estuary,NJDEP_BMWM,NJ,NJDEP_BMWM-1688A
NJDEP_BMWM-1688C,shellfish,"INFERRED: not a BEACH Act station and reports fecal coliform, the NSSP growing-area indicator",non_beach,Estuary,NJDEP_BMWM,NJ,NJDEP_BMWM-1688C
NJDEP_BMWM-1689A,shellfish,"INFERRED: not a BEACH Act station and reports fecal coliform, the NSSP growing-area indicator",non_beach,Estuary,NJDEP_BMWM,NJ,NJDEP_BMWM-1689A
NJDEP_BMWM-1690B,shellfish,"INFERRED: not a BEACH Act station and reports fecal coliform, the NSSP growing-area indicator",non_beach,Estuary,NJDEP_BMWM,NJ,NJDEP_BMWM-1690B
NJDEP_BMWM-1691A,shellfish,"INFERRED: not a BEACH Act station and reports fecal coliform, the NSSP growing-area indicator",non_beach,Estuary,NJDEP_BMWM,NJ,NJDEP_BMWM-1691A
NJDEP_BMWM-1691B,shellfish,"INFERRED: not a BEACH Act station and reports fecal coliform, the NSSP growing-area indicator",non_beach,Estuary,NJDEP_BMWM,NJ,NJDEP_BMWM-1691B
NJDEP_BMWM-1691D,shellfish,"INFERRED: not a BEACH Act station and reports fecal coliform, the NSSP growing-area indicator",non_beach,Estuary,NJDEP_BMWM,NJ,NJDEP_BMWM-1691D
NJDEP_BMWM-1691F,shellfish,"INFERRED: not a BEACH Act station and reports fecal coliform, the NSSP growing-area indicator",non_beach,Estuary,NJDEP_BMWM,NJ,NJDEP_BMWM-1691F
NJDEP_BMWM-1700,shellfish,"INFERRED: not a BEACH Act station and reports fecal coliform, the NSSP growing-area indicator",non_beach,Estuary,NJDEP_BMWM,NJ,NJDEP_BMWM-1700
NJDEP_BMWM-1700B,shellfish,"INFERRED: not a BEACH Act station and reports fecal coliform, the NSSP growing-area indicator",non_beach,Estuary,NJDEP_BMWM,NJ,NJDEP_BMWM-1700B
NJDEP_BMWM-1700D,shellfish,"INFERRED: not a BEACH Act station and reports fecal coliform, the NSSP growing-area indicator",non_beach,Estuary,NJDEP_BMWM,NJ,NJDEP_BMWM-1700D
NJDEP_BMWM-1701,shellfish,"INFERRED: not a BEACH Act station and reports fecal coliform, the NSSP growing-area indicator",non_beach,Estuary,NJDEP_BMWM,NJ,NJDEP_BMWM-1701
NJDEP_BMWM-1701B,shellfish,"INFERRED: not a BEACH Act station and reports fecal coliform, the NSSP growing-area indicator",non_beach,Estuary,NJDEP_BMWM,NJ,NJDEP_BMWM-1701B
NJDEP_BMWM-1701C,shellfish,"INFERRED: not a BEACH Act station and reports fecal coliform, the NSSP growing-area indicator",non_beach,Estuary,NJDEP_BMWM,NJ,NJDEP_BMWM-1701C
NJDEP_BMWM-1702,shellfish,"INFERRED: not a BEACH Act station and reports fecal coliform, the NSSP growing-area indicator",non_beach,Estuary,NJDEP_BMWM,NJ,NJDEP_BMWM-1702
NJDEP_BMWM-1702A,shellfish,"INFERRED: not a BEACH Act station and reports fecal coliform, the NSSP growing-area indicator",non_beach,Estuary,NJDEP_BMWM,NJ,NJDEP_BMWM-1702A
NJDEP_BMWM-1702D,shellfish,"INFERRED: not a BEACH Act station and reports fecal coliform, the NSSP growing-area indicator",non_beach,Estuary,NJDEP_BMWM,NJ,NJDEP_BMWM-1702D
NJDEP_BMWM-1703,shellfish,"INFERRED: not a BEACH Act station and reports fecal coliform, the NSSP growing-area indicator",non_beach,Estuary,NJDEP_BMWM,NJ,NJDEP_BMWM-1703
NJDEP_BMWM-1703A,shellfish,"INFERRED: not a BEACH Act station and reports fecal coliform, the NSSP growing-area indicator",non_beach,Estuary,NJDEP_BMWM,NJ,NJDEP_BMWM-1703A
NJDEP_BMWM-1703C,shellfish,"INFERRED: not a BEACH Act station and reports fecal coliform, the NSSP growing-area indicator",non_beach,Estuary,NJDEP_BMWM,NJ,NJDEP_BB-BB10
NJDEP_BMWM-1703E,shellfish,"INFERRED: not a BEACH Act station and reports fecal coliform, the NSSP growing-area indicator",non_beach,Estuary,NJDEP_BMWM,NJ,NJDEP_BMWM-1703E
NJDEP_BMWM-1703F,shellfish,"INFERRED: not a BEACH Act station and reports fecal coliform, the NSSP growing-area indicator",non_beach,Estuary,NJDEP_BMWM,NJ,NJDEP_BMWM-1703F
NJDEP_BMWM-1704,shellfish,"INFERRED: not a BEACH Act station and reports fecal coliform, the NSSP growing-area indicator",non_beach,Estuary,NJDEP_BMWM,NJ,NJDEP_BMWM-1704
NJDEP_BMWM-1704A,shellfish,"INFERRED: not a BEACH Act station and reports fecal coliform, the NSSP growing-area indicator",non_beach,Estuary,NJDEP_BMWM,NJ,NJDEP_BMWM-1704A
NJDEP_BMWM-1704B,shellfish,"INFERRED: not a BEACH Act station and reports fecal coliform, the NSSP growing-area indicator",non_beach,Estuary,NJDEP_BMWM,NJ,NJDEP_BMWM-1704B
NJDEP_BMWM-1704D,shellfish,"INFERRED: not a BEACH Act station and reports fecal coliform, the NSSP growing-area indicator",non_beach,Estuary,NJDEP_BMWM,NJ,NJDEP_BMWM-1704D
NJDEP_BMWM-1704E,shellfish,"INFERRED: not a BEACH Act station and reports fecal coliform, the NSSP growing-area indicator",non_beach,Estuary,NJDEP_BMWM,NJ,NJDEP_BMWM-1704E
NJDEP_BMWM-1705,shellfish,"INFERRED: not a BEACH Act station and reports fecal coliform, the NSSP growing-area indicator",non_beach,Estuary,NJDEP_BMWM,NJ,NJDEP_BMWM-1705
NJDEP_BMWM-1705B,shellfish,"INFERRED: not a BEACH Act station and reports fecal coliform, the NSSP growing-area indicator",non_beach,Estuary,NJDEP_BMWM,NJ,NJDEP_BMWM-1705B
NJDEP_BMWM-1705C,shellfish,"INFERRED: not a BEACH Act station and reports fecal coliform, the NSSP growing-area indicator",non_beach,Estuary,NJDEP_BMWM,NJ,NJDEP_BMWM-1705C
NJDEP_BMWM-1705D,shellfish,"INFERRED: not a BEACH Act station and reports fecal coliform, the NSSP growing-area indicator",non_beach,Estuary,NJDEP_BMWM,NJ,NJDEP_BMWM-1705D
NJDEP_BMWM-1705E,shellfish,"INFERRED: not a BEACH Act station and reports fecal coliform, the NSSP growing-area indicator",non_beach,Estuary,NJDEP_BMWM,NJ,NJDEP_BMWM-1705E
NJDEP_BMWM-1705F,shellfish,"INFERRED: not a BEACH Act station and reports fecal coliform, the NSSP growing-area indicator",non_beach,Estuary,NJDEP_BMWM,NJ,NJDEP_BMWM-1705F
NJDEP_BMWM-1706,shellfish,"INFERRED: not a BEACH Act station and reports fecal coliform, the NSSP growing-area indicator",non_beach,Estuary,NJDEP_BMWM,NJ,NJDEP_BB-1706
NJDEP_BMWM-1707,shellfish,"INFERRED: not a BEACH Act station and reports fecal coliform, the NSSP growing-area indicator",non_beach,Estuary,NJDEP_BMWM,NJ,NJDEP_BMWM-1707
NJDEP_BMWM-1707A,shellfish,"INFERRED: not a BEACH Act station and reports fecal coliform, the NSSP growing-area indicator",non_beach,Estuary,NJDEP_BMWM,NJ,NJDEP_BMWM-1707A
NJDEP_BMWM-1707C,shellfish,"INFERRED: not a BEACH Act station and reports fecal coliform, the NSSP growing-area indicator",non_beach,Estuary,NJDEP_BMWM,NJ,NJDEP_BMWM-1707C
NJDEP_BMWM-1707D,shellfish,"INFERRED: not a BEACH Act station and reports fecal coliform, the NSSP growing-area indicator",non_beach,Estuary,NJDEP_BMWM,NJ,NJDEP_BMWM-1707D
NJDEP_BMWM-1708,shellfish,"INFERRED: not a BEACH Act station and reports fecal coliform, the NSSP growing-area indicator",non_beach,Estuary,NJDEP_BMWM,NJ,NJDEP_BMWM-1708
NJDEP_BMWM-1708A,shellfish,"INFERRED: not a BEACH Act station and reports fecal coliform, the NSSP growing-area indicator",non_beach,Estuary,NJDEP_BMWM,NJ,NJDEP_BMWM-1708A
NJDEP_BMWM-1708C,shellfish,"INFERRED: not a BEACH Act station and reports fecal coliform, the NSSP growing-area indicator",non_beach,Estuary,NJDEP_BMWM,NJ,NJDEP_BMWM-1708C
NJDEP_BMWM-1709,shellfish,"INFERRED: not a BEACH Act station and reports fecal coliform, the NSSP growing-area indicator",non_beach,Estuary,NJDEP_BMWM,NJ,NJDEP_BMWM-1709
NJDEP_BMWM-1710,shellfish,"INFERRED: not a BEACH Act station and reports fecal coliform, the NSSP growing-area indicator",non_beach,Estuary,NJDEP_BMWM,NJ,NJDEP_BMWM-1710
NJDEP_BMWM-1710A,shellfish,"INFERRED: not a BEACH Act station and reports fecal coliform, the NSSP growing-area indicator",non_beach,Estuary,NJDEP_BMWM,NJ,NJDEP_BMWM-1710
NJDEP_BMWM-1710B,shellfish,"INFERRED: not a BEACH Act station and reports fecal coliform, the NSSP growing-area indicator",non_beach,Estuary,NJDEP_BMWM,NJ,NJDEP_BMWM-1710B
NJDEP_BMWM-1711,shellfish,"INFERRED: not a BEACH Act station and reports fecal coliform, the NSSP growing-area indicator",non_beach,Estuary,NJDEP_BMWM,NJ,NJDEP_BMWM-1711
NJDEP_BMWM-1711B,shellfish,"INFERRED: not a BEACH Act station and reports fecal coliform, the NSSP growing-area indicator",non_beach,Estuary,NJDEP_BMWM,NJ,NJDEP_BMWM-1711B
NJDEP_BMWM-1711C,shellfish,"INFERRED: not a BEACH Act station and reports fecal coliform, the NSSP growing-area indicator",non_beach,Estuary,NJDEP_BMWM,NJ,NJDEP_BMWM-1711C
NJDEP_BMWM-1711D,shellfish,"INFERRED: not a BEACH Act station and reports fecal coliform, the NSSP growing-area indicator",non_beach,Estuary,NJDEP_BMWM,NJ,NJDEP_BMWM-1711D
NJDEP_BMWM-1711E,shellfish,"INFERRED: not a BEACH Act station and reports fecal coliform, the NSSP growing-area indicator",non_beach,Estuary,NJDEP_BMWM,NJ,NJDEP_BMWM-1711E
NJDEP_BMWM-1712,shellfish,"INFERRED: not a BEACH Act station and reports fecal coliform, the NSSP growing-area indicator",non_beach,Estuary,NJDEP_BMWM,NJ,NJDEP_BMWM-1712
NJDEP_BMWM-1713,shellfish,"INFERRED: not a BEACH Act station and reports fecal coliform, the NSSP growing-area indicator",non_beach,Estuary,NJDEP_BMWM,NJ,NJDEP_BMWM-1713
NJDEP_BMWM-1713A,shellfish,"INFERRED: not a BEACH Act station and reports fecal coliform, the NSSP growing-area indicator",non_beach,Estuary,NJDEP_BMWM,NJ,NJDEP_BMWM-1713A
NJDEP_BMWM-1713B,shellfish,"INFERRED: not a BEACH Act station and reports fecal coliform, the NSSP growing-area indicator",non_beach,Estuary,NJDEP_BMWM,NJ,NJDEP_BMWM-1713B
NJDEP_BMWM-1714,shellfish,"INFERRED: not a BEACH Act station and reports fecal coliform, the NSSP growing-area indicator",non_beach,Estuary,NJDEP_BMWM,NJ,NJDEP_BMWM-1714
NJDEP_BMWM-1714A,shellfish,"INFERRED: not a BEACH Act station and reports fecal coliform, the NSSP growing-area indicator",non_beach,Estuary,NJDEP_BMWM,NJ,NJDEP_BMWM-1714A
NJDEP_BMWM-1715,shellfish,"INFERRED: not a BEACH Act station and reports fecal coliform, the NSSP growing-area indicator",non_beach,Estuary,NJDEP_BMWM,NJ,NJDEP_BMWM-1715
NJDEP_BMWM-1715A,shellfish,"INFERRED: not a BEACH Act station and reports fecal coliform, the NSSP growing-area indicator",non_beach,Estuary,NJDEP_BMWM,NJ,NJDEP_BMWM-1715A
NJDEP_BMWM-1715B,shellfish,"INFERRED: not a BEACH Act station and reports fecal coliform, the NSSP growing-area indicator",non_beach,Estuary,NJDEP_BMWM,NJ,NJDEP_BMWM-1715B
NJDEP_BMWM-1715C,shellfish,"INFERRED: not a BEACH Act station and reports fecal coliform, the NSSP growing-area indicator",non_beach,Estuary,NJDEP_BMWM,NJ,NJDEP_BMWM-1715C
NJDEP_BMWM-1716,shellfish,"INFERRED: not a BEACH Act station and reports fecal coliform, the NSSP growing-area indicator",non_beach,Estuary,NJDEP_BMWM,NJ,NJDEP_BMWM-1716
NJDEP_BMWM-1716A,shellfish,"INFERRED: not a BEACH Act station and reports fecal coliform, the NSSP growing-area indicator",non_beach,Estuary,NJDEP_BMWM,NJ,NJDEP_BMWM-1716A
NJDEP_BMWM-1717A,shellfish,"INFERRED: not a BEACH Act station and reports fecal coliform, the NSSP growing-area indicator",non_beach,Estuary,NJDEP_BMWM,NJ,NJDEP_BMWM-1717A
NJDEP_BMWM-1717B,shellfish,"INFERRED: not a BEACH Act station and reports fecal coliform, the NSSP growing-area indicator",non_beach,Estuary,NJDEP_BMWM,NJ,NJDEP_BMWM-1717B
NJDEP_BMWM-1717F,shellfish,"INFERRED: not a BEACH Act station and reports fecal coliform, the NSSP growing-area indicator",non_beach,Estuary,NJDEP_BMWM,NJ,NJDEP_BMWM-1717F
NJDEP_BMWM-1718,shellfish,"INFERRED: not a BEACH Act station and reports fecal coliform, the NSSP growing-area indicator",non_beach,Estuary,NJDEP_BMWM,NJ,NJDEP_BMWM-1718
NJDEP_BMWM-1719,shellfish,"INFERRED: not a BEACH Act station and reports fecal coliform, the NSSP growing-area indicator",non_beach,Estuary,NJDEP_BMWM,NJ,NJDEP_BMWM-1719
NJDEP_BMWM-1719F,shellfish,"INFERRED: not a BEACH Act station and reports fecal coliform, the NSSP growing-area indicator",non_beach,Estuary,NJDEP_BMWM,NJ,NJDEP_BMWM-1719F
NJDEP_BMWM-1720,shellfish,"INFERRED: not a BEACH Act station and reports fecal coliform, the NSSP growing-area indicator",non_beach,Estuary,NJDEP_BMWM,NJ,NJDEP_BMWM-1720
NJDEP_BMWM-1721A,shellfish,"INFERRED: not a BEACH Act station and reports fecal coliform, the NSSP growing-area indicator",non_beach,Estuary,NJDEP_BMWM,NJ,NJDEP_BMWM-1721A
NJDEP_BMWM-1721D,shellfish,"INFERRED: not a BEACH Act station and reports fecal coliform, the NSSP growing-area indicator",non_beach,Estuary,NJDEP_BMWM,NJ,NJDEP_BMWM-1721D
NJDEP_BMWM-1722,shellfish,"INFERRED: not a BEACH Act station and reports fecal coliform, the NSSP growing-area indicator",non_beach,Estuary,NJDEP_BMWM,NJ,NJDEP_BMWM-1722
NJDEP_BMWM-1722C,shellfish,"INFERRED: not a BEACH Act station and reports fecal coliform, the NSSP growing-area indicator",non_beach,Estuary,NJDEP_BMWM,NJ,NJDEP_BMWM-1722C
NJDEP_BMWM-1723,shellfish,"INFERRED: not a BEACH Act station and reports fecal coliform, the NSSP growing-area indicator",non_beach,Estuary,NJDEP_BMWM,NJ,NJDEP_BMWM-1723
NJDEP_BMWM-1724,shellfish,"INFERRED: not a BEACH Act station and reports fecal coliform, the NSSP growing-area indicator",non_beach,Estuary,NJDEP_BMWM,NJ,NJDEP_BMWM-1724
NJDEP_BMWM-1725,shellfish,"INFERRED: not a BEACH Act station and reports fecal coliform, the NSSP growing-area indicator",non_beach,Estuary,NJDEP_BMWM,NJ,NJDEP_BMWM-1725
NJDEP_BMWM-1725B,shellfish,"INFERRED: not a BEACH Act station and reports fecal coliform, the NSSP growing-area indicator",non_beach,Estuary,NJDEP_BMWM,NJ,NJDEP_BMWM-1725B
NJDEP_BMWM-1726,shellfish,"INFERRED: not a BEACH Act station and reports fecal coliform, the NSSP growing-area indicator",non_beach,Estuary,NJDEP_BMWM,NJ,NJDEP_BMWM-1726
NJDEP_BMWM-1726A,shellfish,"INFERRED: not a BEACH Act station and reports fecal coliform, the NSSP growing-area indicator",non_beach,Estuary,NJDEP_BMWM,NJ,NJDEP_BMWM-1726A
NJDEP_BMWM-1727,shellfish,"INFERRED: not a BEACH Act station and reports fecal coliform, the NSSP growing-area indicator",non_beach,Estuary,NJDEP_BMWM,NJ,NJDEP_BMWM-1727
NJDEP_BMWM-1727B,shellfish,"INFERRED: not a BEACH Act station and reports fecal coliform, the NSSP growing-area indicator",non_beach,Estuary,NJDEP_BMWM,NJ,NJDEP_BMWM-1727B
NJDEP_BMWM-18,shellfish,"INFERRED: not a BEACH Act station and reports fecal coliform, the NSSP growing-area indicator",non_beach,Estuary,NJDEP_BMWM,NJ,NJDEP_BMWM-18
NJDEP_BMWM-1800,shellfish,"INFERRED: not a BEACH Act station and reports fecal coliform, the NSSP growing-area indicator",non_beach,Estuary,NJDEP_BMWM,NJ,NJDEP_BMWM-1800
NJDEP_BMWM-1800B,shellfish,"INFERRED: not a BEACH Act station and reports fecal coliform, the NSSP growing-area indicator",non_beach,Estuary,NJDEP_BMWM,NJ,NJDEP_BB-1800B
NJDEP_BMWM-1800D,shellfish,"INFERRED: not a BEACH Act station and reports fecal coliform, the NSSP growing-area indicator",non_beach,Estuary,NJDEP_BMWM,NJ,NJDEP_BMWM-1800D
NJDEP_BMWM-1800E,shellfish,"INFERRED: not a BEACH Act station and reports fecal coliform, the NSSP growing-area indicator",non_beach,Estuary,NJDEP_BMWM,NJ,NJDEP_BMWM-1800E
NJDEP_BMWM-1800F,shellfish,"INFERRED: not a BEACH Act station and reports fecal coliform, the NSSP growing-area indicator",non_beach,Estuary,NJDEP_BMWM,NJ,NJDEP_BMWM-1800F
NJDEP_BMWM-1801,shellfish,"INFERRED: not a BEACH Act station and reports fecal coliform, the NSSP growing-area indicator",non_beach,Estuary,NJDEP_BMWM,NJ,NJDEP_BMWM-1801
NJDEP_BMWM-1801D,shellfish,"INFERRED: not a BEACH Act station and reports fecal coliform, the NSSP growing-area indicator",non_beach,Estuary,NJDEP_BMWM,NJ,NJDEP_BMWM-1801D
NJDEP_BMWM-1802,shellfish,"INFERRED: not a BEACH Act station and reports fecal coliform, the NSSP growing-area indicator",non_beach,Estuary,NJDEP_BMWM,NJ,NJDEP_BMWM-1802
NJDEP_BMWM-1803,shellfish,"INFERRED: not a BEACH Act station and reports fecal coliform, the NSSP growing-area indicator",non_beach,Estuary,NJDEP_BMWM,NJ,NJDEP_BMWM-1803
NJDEP_BMWM-1804A,shellfish,"INFERRED: not a BEACH Act station and reports fecal coliform, the NSSP growing-area indicator",non_beach,Estuary,NJDEP_BMWM,NJ,NJDEP_BMWM-1804A
NJDEP_BMWM-1804C,shellfish,"INFERRED: not a BEACH Act station and reports fecal coliform, the NSSP growing-area indicator",non_beach,Estuary,NJDEP_BMWM,NJ,NJDEP_BMWM-1804C
NJDEP_BMWM-1805,shellfish,"INFERRED: not a BEACH Act station and reports fecal coliform, the NSSP growing-area indicator",non_beach,Estuary,NJDEP_BMWM,NJ,NJDEP_BMWM-1805
NJDEP_BMWM-1806,shellfish,"INFERRED: not a BEACH Act station and reports fecal coliform, the NSSP growing-area indicator",non_beach,Estuary,NJDEP_BMWM,NJ,NJDEP_BMWM-1806
NJDEP_BMWM-1806B,shellfish,"INFERRED: not a BEACH Act station and reports fecal coliform, the NSSP growing-area indicator",non_beach,Estuary,NJDEP_BMWM,NJ,NJDEP_BMWM-1806B
NJDEP_BMWM-1806C,shellfish,"INFERRED: not a BEACH Act station and reports fecal coliform, the NSSP growing-area indicator",non_beach,Estuary,NJDEP_BMWM,NJ,NJDEP_BMWM-1806C
NJDEP_BMWM-1806D,shellfish,"INFERRED: not a BEACH Act station and reports fecal coliform, the NSSP growing-area indicator",non_beach,Estuary,NJDEP_BMWM,NJ,NJDEP_BMWM-1806D
NJDEP_BMWM-1807,shellfish,"INFERRED: not a BEACH Act station and reports fecal coliform, the NSSP growing-area indicator",non_beach,Estuary,NJDEP_BMWM,NJ,NJDEP_BMWM-1807
NJDEP_BMWM-1807C,shellfish,"INFERRED: not a BEACH Act station and reports fecal coliform, the NSSP growing-area indicator",non_beach,Estuary,NJDEP_BMWM,NJ,NJDEP_BMWM-1807C
NJDEP_BMWM-1808,shellfish,"INFERRED: not a BEACH Act station and reports fecal coliform, the NSSP growing-area indicator",non_beach,Estuary,NJDEP_BMWM,NJ,NJDEP_BMWM-1808
NJDEP_BMWM-1809,shellfish,"INFERRED: not a BEACH Act station and reports fecal coliform, the NSSP growing-area indicator",non_beach,Estuary,NJDEP_BMWM,NJ,NJDEP_BMWM-1809
NJDEP_BMWM-1809A,shellfish,"INFERRED: not a BEACH Act station and reports fecal coliform, the NSSP growing-area indicator",non_beach,Estuary,NJDEP_BMWM,NJ,NJDEP_BMWM-1809A
NJDEP_BMWM-1811A,shellfish,"INFERRED: not a BEACH Act station and reports fecal coliform, the NSSP growing-area indicator",non_beach,Estuary,NJDEP_BMWM,NJ,NJDEP_BMWM-1811A
NJDEP_BMWM-1813,shellfish,"INFERRED: not a BEACH Act station and reports fecal coliform, the NSSP growing-area indicator",non_beach,Estuary,NJDEP_BMWM,NJ,NJDEP_BMWM-1813
NJDEP_BMWM-1814,shellfish,"INFERRED: not a BEACH Act station and reports fecal coliform, the NSSP growing-area indicator",non_beach,Estuary,NJDEP_BMWM,NJ,NJDEP_BMWM-1814
NJDEP_BMWM-1815,shellfish,"INFERRED: not a BEACH Act station and reports fecal coliform, the NSSP growing-area indicator",non_beach,Estuary,NJDEP_BMWM,NJ,NJDEP_BMWM-1815
NJDEP_BMWM-1815A,shellfish,"INFERRED: not a BEACH Act station and reports fecal coliform, the NSSP growing-area indicator",non_beach,Estuary,NJDEP_BMWM,NJ,NJDEP_BMWM-1815A
NJDEP_BMWM-1815B,shellfish,"INFERRED: not a BEACH Act station and reports fecal coliform, the NSSP growing-area indicator",non_beach,Estuary,NJDEP_BMWM,NJ,NJDEP_BMWM-1815B
NJDEP_BMWM-1816,shellfish,"INFERRED: not a BEACH Act station and reports fecal coliform, the NSSP growing-area indicator",non_beach,Estuary,NJDEP_BMWM,NJ,NJDEP_BMWM-1816
NJDEP_BMWM-1816A,shellfish,"INFERRED: not a BEACH Act station and reports fecal coliform, the NSSP growing-area indicator",non_beach,Estuary,NJDEP_BMWM,NJ,NJDEP_BMWM-1816A
NJDEP_BMWM-1816C,shellfish,"INFERRED: not a BEACH Act station and reports fecal coliform, the NSSP growing-area indicator",non_beach,Estuary,NJDEP_BMWM,NJ,NJDEP_BMWM-1816C
NJDEP_BMWM-1816D,shellfish,"INFERRED: not a BEACH Act station and reports fecal coliform, the NSSP growing-area indicator",non_beach,Estuary,NJDEP_BMWM,NJ,NJDEP_BMWM-1816
NJDEP_BMWM-1817,shellfish,"INFERRED: not a BEACH Act station and reports fecal coliform, the NSSP growing-area indicator",non_beach,Estuary,NJDEP_BMWM,NJ,NJDEP_BMWM-1817
NJDEP_BMWM-1817B,shellfish,"INFERRED: not a BEACH Act station and reports fecal coliform, the NSSP growing-area indicator",non_beach,Estuary,NJDEP_BMWM,NJ,NJDEP_BMWM-1817B
NJDEP_BMWM-1818,shellfish,"INFERRED: not a BEACH Act station and reports fecal coliform, the NSSP growing-area indicator",non_beach,Estuary,NJDEP_BMWM,NJ,NJDEP_BMWM-1818
NJDEP_BMWM-1818A,shellfish,"INFERRED: not a BEACH Act station and reports fecal coliform, the NSSP growing-area indicator",non_beach,Estuary,NJDEP_BMWM,NJ,NJDEP_BMWM-1818A
NJDEP_BMWM-1818B,shellfish,"INFERRED: not a BEACH Act station and reports fecal coliform, the NSSP growing-area indicator",non_beach,Estuary,NJDEP_BMWM,NJ,NJDEP_BMWM-1818B
NJDEP_BMWM-1818D,shellfish,"INFERRED: not a BEACH Act station and reports fecal coliform, the NSSP growing-area indicator",non_beach,Estuary,NJDEP_BMWM,NJ,NJDEP_BB-BB13
NJDEP_BMWM-1818E,shellfish,"INFERRED: not a BEACH Act station and reports fecal coliform, the NSSP growing-area indicator",non_beach,Estuary,NJDEP_BMWM,NJ,NJDEP_BMWM-1818E
NJDEP_BMWM-1818F,shellfish,"INFERRED: not a BEACH Act station and reports fecal coliform, the NSSP growing-area indicator",non_beach,Estuary,NJDEP_BMWM,NJ,NJDEP_BMWM-1818F
NJDEP_BMWM-1819,shellfish,"INFERRED: not a BEACH Act station and reports fecal coliform, the NSSP growing-area indicator",non_beach,Estuary,NJDEP_BMWM,NJ,NJDEP_BMWM-1819
NJDEP_BMWM-1819B,shellfish,"INFERRED: not a BEACH Act station and reports fecal coliform, the NSSP growing-area indicator",non_beach,Estuary,NJDEP_BMWM,NJ,NJDEP_BMWM-1819B
NJDEP_BMWM-1820B,shellfish,"INFERRED: not a BEACH Act station and reports fecal coliform, the NSSP growing-area indicator",non_beach,Estuary,NJDEP_BMWM,NJ,NJDEP_BMWM-1820B
NJDEP_BMWM-1821A,shellfish,"INFERRED: not a BEACH Act station and reports fecal coliform, the NSSP growing-area indicator",non_beach,Estuary,NJDEP_BMWM,NJ,NJDEP_BMWM-1821A
NJDEP_BMWM-1821C,shellfish,"INFERRED: not a BEACH Act station and reports fecal coliform, the NSSP growing-area indicator",non_beach,Estuary,NJDEP_BMWM,NJ,NJDEP_BMWM-1821C
NJDEP_BMWM-1822,shellfish,"INFERRED: not a BEACH Act station and reports fecal coliform, the NSSP growing-area indicator",non_beach,Estuary,NJDEP_BMWM,NJ,NJDEP_BMWM-1822
NJDEP_BMWM-1822A,shellfish,"INFERRED: not a BEACH Act station and reports fecal coliform, the NSSP growing-area indicator",non_beach,Estuary,NJDEP_BMWM,NJ,NJDEP_BMWM-1822A
NJDEP_BMWM-1822B,shellfish,"INFERRED: not a BEACH Act station and reports fecal coliform, the NSSP growing-area indicator",non_beach,Estuary,NJDEP_BMWM,NJ,NJDEP_BMWM-1822B
NJDEP_BMWM-1823,shellfish,"INFERRED: not a BEACH Act station and reports fecal coliform, the NSSP growing-area indicator",non_beach,Estuary,NJDEP_BMWM,NJ,NJDEP_BMWM-1823
NJDEP_BMWM-1824,shellfish,"INFERRED: not a BEACH Act station and reports fecal coliform, the NSSP growing-area indicator",non_beach,Estuary,NJDEP_BMWM,NJ,NJDEP_BMWM-1824
NJDEP_BMWM-1824C,shellfish,"INFERRED: not a BEACH Act station and reports fecal coliform, the NSSP growing-area indicator",non_beach,Estuary,NJDEP_BMWM,NJ,NJDEP_BMWM-1824C
NJDEP_BMWM-1825,shellfish,"INFERRED: not a BEACH Act station and reports fecal coliform, the NSSP growing-area indicator",non_beach,Estuary,NJDEP_BMWM,NJ,NJDEP_BMWM-1825
NJDEP_BMWM-1825B,shellfish,"INFERRED: not a BEACH Act station and reports fecal coliform, the NSSP growing-area indicator",non_beach,Estuary,NJDEP_BMWM,NJ,NJDEP_BMWM-1825B
NJDEP_BMWM-1825D,shellfish,"INFERRED: not a BEACH Act station and reports fecal coliform, the NSSP growing-area indicator",non_beach,Estuary,NJDEP_BMWM,NJ,NJDEP_BMWM-1825D
NJDEP_BMWM-1826,shellfish,"INFERRED: not a BEACH Act station and reports fecal coliform, the NSSP growing-area indicator",non_beach,Estuary,NJDEP_BMWM,NJ,NJDEP_BMWM-1826
NJDEP_BMWM-1826B,shellfish,"INFERRED: not a BEACH Act station and reports fecal coliform, the NSSP growing-area indicator",non_beach,Estuary,NJDEP_BMWM,NJ,NJDEP_BMWM-1826B
NJDEP_BMWM-1826D,shellfish,"INFERRED: not a BEACH Act station and reports fecal coliform, the NSSP growing-area indicator",non_beach,Estuary,NJDEP_BMWM,NJ,NJDEP_BMWM-1826D
NJDEP_BMWM-1827,shellfish,"INFERRED: not a BEACH Act station and reports fecal coliform, the NSSP growing-area indicator",non_beach,Estuary,NJDEP_BMWM,NJ,NJDEP_BMWM-1827
NJDEP_BMWM-1827B,shellfish,"INFERRED: not a BEACH Act station and reports fecal coliform, the NSSP growing-area indicator",non_beach,Estuary,NJDEP_BMWM,NJ,NJDEP_BMWM-1827B
NJDEP_BMWM-1827D,shellfish,"INFERRED: not a BEACH Act station and reports fecal coliform, the NSSP growing-area indicator",non_beach,Estuary,NJDEP_BMWM,NJ,NJDEP_BMWM-1827D
NJDEP_BMWM-1828,shellfish,"INFERRED: not a BEACH Act station and reports fecal coliform, the NSSP growing-area indicator",non_beach,Estuary,NJDEP_BMWM,NJ,NJDEP_BMWM-1828
NJDEP_BMWM-1828A,shellfish,"INFERRED: not a BEACH Act station and reports fecal coliform, the NSSP growing-area indicator",non_beach,Estuary,NJDEP_BMWM,NJ,NJDEP_BMWM-1828A
NJDEP_BMWM-1828B,shellfish,"INFERRED: not a BEACH Act station and reports fecal coliform, the NSSP growing-area indicator",non_beach,Estuary,NJDEP_BMWM,NJ,NJDEP_BMWM-1828B
NJDEP_BMWM-1829,shellfish,"INFERRED: not a BEACH Act station and reports fecal coliform, the NSSP growing-area indicator",non_beach,Estuary,NJDEP_BMWM,NJ,NJDEP_BMWM-1829
NJDEP_BMWM-1829A,shellfish,"INFERRED: not a BEACH Act station and reports fecal coliform, the NSSP growing-area indicator",non_beach,Estuary,NJDEP_BMWM,NJ,NJDEP_BMWM-1829A
NJDEP_BMWM-1830,shellfish,"INFERRED: not a BEACH Act station and reports fecal coliform, the NSSP growing-area indicator",non_beach,Estuary,NJDEP_BMWM,NJ,NJDEP_BMWM-1830
NJDEP_BMWM-1830C,shellfish,"INFERRED: not a BEACH Act station and reports fecal coliform, the NSSP growing-area indicator",non_beach,Estuary,NJDEP_BMWM,NJ,NJDEP_BMWM-1830C
NJDEP_BMWM-1831,shellfish,"INFERRED: not a BEACH Act station and reports fecal coliform, the NSSP growing-area indicator",non_beach,Estuary,NJDEP_BMWM,NJ,NJDEP_BMWM-1831
NJDEP_BMWM-1832,shellfish,"INFERRED: not a BEACH Act station and reports fecal coliform, the NSSP growing-area indicator",non_beach,Estuary,NJDEP_BMWM,NJ,NJDEP_BMWM-1832
NJDEP_BMWM-1832A,shellfish,"INFERRED: not a BEACH Act station and reports fecal coliform, the NSSP growing-area indicator",non_beach,Estuary,NJDEP_BMWM,NJ,NJDEP_BMWM-1832A
NJDEP_BMWM-1832D,shellfish,"INFERRED: not a BEACH Act station and reports fecal coliform, the NSSP growing-area indicator",non_beach,Estuary,NJDEP_BMWM,NJ,NJDEP_BMWM-1832D
NJDEP_BMWM-1833,shellfish,"INFERRED: not a BEACH Act station and reports fecal coliform, the NSSP growing-area indicator",non_beach,Estuary,NJDEP_BMWM,NJ,NJDEP_BMWM-1833
NJDEP_BMWM-1833A,shellfish,"INFERRED: not a BEACH Act station and reports fecal coliform, the NSSP growing-area indicator",non_beach,Estuary,NJDEP_BMWM,NJ,NJDEP_BMWM-1833A
NJDEP_BMWM-1833C,shellfish,"INFERRED: not a BEACH Act station and reports fecal coliform, the NSSP growing-area indicator",non_beach,Estuary,NJDEP_BMWM,NJ,NJDEP_BMWM-1833C
NJDEP_BMWM-1834,shellfish,"INFERRED: not a BEACH Act station and reports fecal coliform, the NSSP growing-area indicator",non_beach,Estuary,NJDEP_BMWM,NJ,NJDEP_BMWM-1834
NJDEP_BMWM-1834A,shellfish,"INFERRED: not a BEACH Act station and reports fecal coliform, the NSSP growing-area indicator",non_beach,Estuary,NJDEP_BMWM,NJ,NJDEP_BB-BB12
NJDEP_BMWM-1900,shellfish,"INFERRED: not a BEACH Act station and reports fecal coliform, the NSSP growing-area indicator",non_beach,Estuary,NJDEP_BMWM,NJ,NJDEP_BMWM-1900
NJDEP_BMWM-1900D,shellfish,"INFERRED: not a BEACH Act station and reports fecal coliform, the NSSP growing-area indicator",non_beach,Estuary,NJDEP_BMWM,NJ,NJDEP_BMWM-1900D
NJDEP_BMWM-1901,shellfish,"INFERRED: not a BEACH Act station and reports fecal coliform, the NSSP growing-area indicator",non_beach,Estuary,NJDEP_BMWM,NJ,NJDEP_BMWM-1901
NJDEP_BMWM-1902,shellfish,"INFERRED: not a BEACH Act station and reports fecal coliform, the NSSP growing-area indicator",non_beach,Estuary,NJDEP_BMWM,NJ,NJDEP_BMWM-1902
NJDEP_BMWM-1902B,shellfish,"INFERRED: not a BEACH Act station and reports fecal coliform, the NSSP growing-area indicator",non_beach,Estuary,NJDEP_BMWM,NJ,NJDEP_BMWM-1902B
NJDEP_BMWM-1902J,shellfish,"INFERRED: not a BEACH Act station and reports fecal coliform, the NSSP growing-area indicator",non_beach,Estuary,NJDEP_BMWM,NJ,NJDEP_BMWM-1902J
NJDEP_BMWM-1903A,shellfish,"INFERRED: not a BEACH Act station and reports fecal coliform, the NSSP growing-area indicator",non_beach,Estuary,NJDEP_BMWM,NJ,NJDEP_BMWM-1903A
NJDEP_BMWM-1903E,shellfish,"INFERRED: not a BEACH Act station and reports fecal coliform, the NSSP growing-area indicator",non_beach,Estuary,NJDEP_BMWM,NJ,NJDEP_BMWM-1903E
NJDEP_BMWM-1903K,shellfish,"INFERRED: not a BEACH Act station and reports fecal coliform, the NSSP growing-area indicator",non_beach,Estuary,NJDEP_BMWM,NJ,NJDEP_BMWM-1903K
NJDEP_BMWM-1904,shellfish,"INFERRED: not a BEACH Act station and reports fecal coliform, the NSSP growing-area indicator",non_beach,Estuary,NJDEP_BMWM,NJ,NJDEP_BMWM-1904
NJDEP_BMWM-1904A,shellfish,"INFERRED: not a BEACH Act station and reports fecal coliform, the NSSP growing-area indicator",non_beach,Estuary,NJDEP_BMWM,NJ,NJDEP_BMWM-1904A
NJDEP_BMWM-1905A,shellfish,"INFERRED: not a BEACH Act station and reports fecal coliform, the NSSP growing-area indicator",non_beach,Estuary,NJDEP_BMWM,NJ,NJDEP_BMWM-1905A
NJDEP_BMWM-1905E,shellfish,"INFERRED: not a BEACH Act station and reports fecal coliform, the NSSP growing-area indicator",non_beach,Estuary,NJDEP_BMWM,NJ,NJDEP_BMWM-1905E
NJDEP_BMWM-1906,shellfish,"INFERRED: not a BEACH Act station and reports fecal coliform, the NSSP growing-area indicator",non_beach,Estuary,NJDEP_BMWM,NJ,NJDEP_BMWM-1906
NJDEP_BMWM-1906D,shellfish,"INFERRED: not a BEACH Act station and reports fecal coliform, the NSSP growing-area indicator",non_beach,Estuary,NJDEP_BMWM,NJ,NJDEP_BMWM-1906D
NJDEP_BMWM-1906G,shellfish,"INFERRED: not a BEACH Act station and reports fecal coliform, the NSSP growing-area indicator",non_beach,Estuary,NJDEP_BMWM,NJ,NJDEP_BMWM-1906G
NJDEP_BMWM-1907,shellfish,"INFERRED: not a BEACH Act station and reports fecal coliform, the NSSP growing-area indicator",non_beach,Estuary,NJDEP_BMWM,NJ,NJDEP_BMWM-1907
NJDEP_BMWM-1908,shellfish,"INFERRED: not a BEACH Act station and reports fecal coliform, the NSSP growing-area indicator",non_beach,Estuary,NJDEP_BMWM,NJ,NJDEP_BMWM-1908
NJDEP_BMWM-1908B,shellfish,"INFERRED: not a BEACH Act station and reports fecal coliform, the NSSP growing-area indicator",non_beach,Estuary,NJDEP_BMWM,NJ,NJDEP_BMWM-1908B
NJDEP_BMWM-1908G,shellfish,"INFERRED: not a BEACH Act station and reports fecal coliform, the NSSP growing-area indicator",non_beach,Estuary,NJDEP_BMWM,NJ,NJDEP_BMWM-1908G
NJDEP_BMWM-1909,shellfish,"INFERRED: not a BEACH Act station and reports fecal coliform, the NSSP growing-area indicator",non_beach,Estuary,NJDEP_BMWM,NJ,NJDEP_BMWM-1909
NJDEP_BMWM-1910,shellfish,"INFERRED: not a BEACH Act station and reports fecal coliform, the NSSP growing-area indicator",non_beach,Estuary,NJDEP_BMWM,NJ,NJDEP_BMWM-1910
NJDEP_BMWM-1910B,shellfish,"INFERRED: not a BEACH Act station and reports fecal coliform, the NSSP growing-area indicator",non_beach,Estuary,NJDEP_BMWM,NJ,NJDEP_BMWM-1910B
NJDEP_BMWM-1911,shellfish,"INFERRED: not a BEACH Act station and reports fecal coliform, the NSSP growing-area indicator",non_beach,Estuary,NJDEP_BMWM,NJ,NJDEP_BMWM-1911
NJDEP_BMWM-1911A,shellfish,"INFERRED: not a BEACH Act station and reports fecal coliform, the NSSP growing-area indicator",non_beach,Estuary,NJDEP_BMWM,NJ,NJDEP_BMWM-1911A
NJDEP_BMWM-1911C,shellfish,"INFERRED: not a BEACH Act station and reports fecal coliform, the NSSP growing-area indicator",non_beach,Estuary,NJDEP_BMWM,NJ,NJDEP_BMWM-1911C
NJDEP_BMWM-1912B,shellfish,"INFERRED: not a BEACH Act station and reports fecal coliform, the NSSP growing-area indicator",non_beach,Estuary,NJDEP_BMWM,NJ,NJDEP_BMWM-1912B
NJDEP_BMWM-1914A,shellfish,"INFERRED: not a BEACH Act station and reports fecal coliform, the NSSP growing-area indicator",non_beach,Estuary,NJDEP_BMWM,NJ,NJDEP_BMWM-1914A
NJDEP_BMWM-1915,shellfish,"INFERRED: not a BEACH Act station and reports fecal coliform, the NSSP growing-area indicator",non_beach,Estuary,NJDEP_BMWM,NJ,NJDEP_BMWM-1915
NJDEP_BMWM-1916A,shellfish,"INFERRED: not a BEACH Act station and reports fecal coliform, the NSSP growing-area indicator",non_beach,Estuary,NJDEP_BMWM,NJ,NJDEP_BMWM-1916A
NJDEP_BMWM-1916B,shellfish,"INFERRED: not a BEACH Act station and reports fecal coliform, the NSSP growing-area indicator",non_beach,Estuary,NJDEP_BMWM,NJ,NJDEP_BMWM-1916B
NJDEP_BMWM-1916C,shellfish,"INFERRED: not a BEACH Act station and reports fecal coliform, the NSSP growing-area indicator",non_beach,Estuary,NJDEP_BMWM,NJ,NJDEP_BMWM-1916C
NJDEP_BMWM-1917A,shellfish,"INFERRED: not a BEACH Act station and reports fecal coliform, the NSSP growing-area indicator",non_beach,Estuary,NJDEP_BMWM,NJ,NJDEP_BMWM-1917A
NJDEP_BMWM-1919,shellfish,"INFERRED: not a BEACH Act station and reports fecal coliform, the NSSP growing-area indicator",non_beach,Estuary,NJDEP_BMWM,NJ,NJDEP_BMWM-1919
NJDEP_BMWM-1919B,shellfish,"INFERRED: not a BEACH Act station and reports fecal coliform, the NSSP growing-area indicator",non_beach,Estuary,NJDEP_BMWM,NJ,NJDEP_BMWM-1919B
NJDEP_BMWM-1921F,shellfish,"INFERRED: not a BEACH Act station and reports fecal coliform, the NSSP growing-area indicator",non_beach,Estuary,NJDEP_BMWM,NJ,NJDEP_BMWM-1921F
NJDEP_BMWM-1922B,shellfish,"INFERRED: not a BEACH Act station and reports fecal coliform, the NSSP growing-area indicator",non_beach,Estuary,NJDEP_BMWM,NJ,NJDEP_BMWM-1922B
NJDEP_BMWM-1923,shellfish,"INFERRED: not a BEACH Act station and reports fecal coliform, the NSSP growing-area indicator",non_beach,Estuary,NJDEP_BMWM,NJ,NJDEP_BMWM-1923
NJDEP_BMWM-1924,shellfish,"INFERRED: not a BEACH Act station and reports fecal coliform, the NSSP growing-area indicator",non_beach,Estuary,NJDEP_BMWM,NJ,NJDEP_BMWM-1924
NJDEP_BMWM-1924B,shellfish,"INFERRED: not a BEACH Act station and reports fecal coliform, the NSSP growing-area indicator",non_beach,Estuary,NJDEP_BMWM,NJ,NJDEP_BMWM-1924B
NJDEP_BMWM-1927A,shellfish,"INFERRED: not a BEACH Act station and reports fecal coliform, the NSSP growing-area indicator",non_beach,Estuary,NJDEP_BMWM,NJ,NJDEP_BMWM-1927A
NJDEP_BMWM-20,shellfish,"INFERRED: not a BEACH Act station and reports fecal coliform, the NSSP growing-area indicator",non_beach,Estuary,NJDEP_BMWM,NJ,NJDEP_BMWM-20
NJDEP_BMWM-2000,shellfish,"INFERRED: not a BEACH Act station and reports fecal coliform, the NSSP growing-area indicator",non_beach,Estuary,NJDEP_BMWM,NJ,NJDEP_BMWM-2000
NJDEP_BMWM-2000C,shellfish,"INFERRED: not a BEACH Act station and reports fecal coliform, the NSSP growing-area indicator",non_beach,Estuary,NJDEP_BMWM,NJ,NJDEP_BMWM-2000C
NJDEP_BMWM-2001C,shellfish,"INFERRED: not a BEACH Act station and reports fecal coliform, the NSSP growing-area indicator",non_beach,Estuary,NJDEP_BMWM,NJ,NJDEP_BMWM-2001C
NJDEP_BMWM-2001D,shellfish,"INFERRED: not a BEACH Act station and reports fecal coliform, the NSSP growing-area indicator",non_beach,Estuary,NJDEP_BMWM,NJ,NJDEP_BMWM-2001D
NJDEP_BMWM-2001F,shellfish,"INFERRED: not a BEACH Act station and reports fecal coliform, the NSSP growing-area indicator",non_beach,Estuary,NJDEP_BMWM,NJ,NJDEP_BMWM-2001F
NJDEP_BMWM-2002A,shellfish,"INFERRED: not a BEACH Act station and reports fecal coliform, the NSSP growing-area indicator",non_beach,Estuary,NJDEP_BMWM,NJ,NJDEP_BMWM-2002A
NJDEP_BMWM-2003B,shellfish,"INFERRED: not a BEACH Act station and reports fecal coliform, the NSSP growing-area indicator",non_beach,Estuary,NJDEP_BMWM,NJ,NJDEP_BMWM-2003B
NJDEP_BMWM-2003F,shellfish,"INFERRED: not a BEACH Act station and reports fecal coliform, the NSSP growing-area indicator",non_beach,Estuary,NJDEP_BMWM,NJ,NJDEP_BMWM-2003F
NJDEP_BMWM-2003I,shellfish,"INFERRED: not a BEACH Act station and reports fecal coliform, the NSSP growing-area indicator",non_beach,Estuary,NJDEP_BMWM,NJ,NJDEP_BMWM-2003I
NJDEP_BMWM-2004A,shellfish,"INFERRED: not a BEACH Act station and reports fecal coliform, the NSSP growing-area indicator",non_beach,Estuary,NJDEP_BMWM,NJ,NJDEP_BMWM-2004A
NJDEP_BMWM-2005D,shellfish,"INFERRED: not a BEACH Act station and reports fecal coliform, the NSSP growing-area indicator",non_beach,Estuary,NJDEP_BMWM,NJ,NJDEP_BMWM-2005D
NJDEP_BMWM-2005E,shellfish,"INFERRED: not a BEACH Act station and reports fecal coliform, the NSSP growing-area indicator",non_beach,Estuary,NJDEP_BMWM,NJ,NJDEP_BMWM-2005E
NJDEP_BMWM-2006A,shellfish,"INFERRED: not a BEACH Act station and reports fecal coliform, the NSSP growing-area indicator",non_beach,Estuary,NJDEP_BMWM,NJ,NJDEP_BMWM-2006A
NJDEP_BMWM-2007B,shellfish,"INFERRED: not a BEACH Act station and reports fecal coliform, the NSSP growing-area indicator",non_beach,Estuary,NJDEP_BMWM,NJ,NJDEP_BMWM-2007B
NJDEP_BMWM-2007D,shellfish,"INFERRED: not a BEACH Act station and reports fecal coliform, the NSSP growing-area indicator",non_beach,Estuary,NJDEP_BMWM,NJ,NJDEP_BMWM-2007D
NJDEP_BMWM-2008A,shellfish,"INFERRED: not a BEACH Act station and reports fecal coliform, the NSSP growing-area indicator",non_beach,Estuary,NJDEP_BMWM,NJ,NJDEP_BMWM-2008A
NJDEP_BMWM-2009A,unclassified,"neither: no BEACH Act type, no beach neighbour, no fittable fecal coliform",non_beach,Estuary,NJDEP_BMWM,NJ,NJDEP_BMWM-2009A
NJDEP_BMWM-2010C,shellfish,"INFERRED: not a BEACH Act station and reports fecal coliform, the NSSP growing-area indicator",non_beach,Estuary,NJDEP_BMWM,NJ,NJDEP_BMWM-2010C
NJDEP_BMWM-2011C,shellfish,"INFERRED: not a BEACH Act station and reports fecal coliform, the NSSP growing-area indicator",non_beach,Estuary,NJDEP_BMWM,NJ,NJDEP_BMWM-2011C
NJDEP_BMWM-2017A,shellfish,"INFERRED: not a BEACH Act station and reports fecal coliform, the NSSP growing-area indicator",non_beach,Estuary,NJDEP_BMWM,NJ,NJDEP_BMWM-2017A
NJDEP_BMWM-20A,shellfish,"INFERRED: not a BEACH Act station and reports fecal coliform, the NSSP growing-area indicator",non_beach,Estuary,NJDEP_BMWM,NJ,NJDEP_BMWM-20A
NJDEP_BMWM-21,shellfish,"INFERRED: not a BEACH Act station and reports fecal coliform, the NSSP growing-area indicator",non_beach,Estuary,NJDEP_BMWM,NJ,NJDEP_BMWM-21
NJDEP_BMWM-2100B,shellfish,"INFERRED: not a BEACH Act station and reports fecal coliform, the NSSP growing-area indicator",non_beach,Estuary,NJDEP_BMWM,NJ,NJDEP_BMWM-2100B
NJDEP_BMWM-2101A,shellfish,"INFERRED: not a BEACH Act station and reports fecal coliform, the NSSP growing-area indicator",non_beach,Estuary,NJDEP_BMWM,NJ,NJDEP_BMWM-2101A
NJDEP_BMWM-2102,shellfish,"INFERRED: not a BEACH Act station and reports fecal coliform, the NSSP growing-area indicator",non_beach,Estuary,NJDEP_BMWM,NJ,NJDEP_BMWM-2102
NJDEP_BMWM-2102A,shellfish,"INFERRED: not a BEACH Act station and reports fecal coliform, the NSSP growing-area indicator",non_beach,Estuary,NJDEP_BMWM,NJ,NJDEP_BMWM-2102A
NJDEP_BMWM-2102C,shellfish,"INFERRED: not a BEACH Act station and reports fecal coliform, the NSSP growing-area indicator",non_beach,Estuary,NJDEP_BMWM,NJ,NJDEP_BMWM-2102C
NJDEP_BMWM-2103A,shellfish,"INFERRED: not a BEACH Act station and reports fecal coliform, the NSSP growing-area indicator",non_beach,Estuary,NJDEP_BMWM,NJ,NJDEP_BMWM-2103A
NJDEP_BMWM-2103E,shellfish,"INFERRED: not a BEACH Act station and reports fecal coliform, the NSSP growing-area indicator",non_beach,Estuary,NJDEP_BMWM,NJ,NJDEP_BMWM-2103E
NJDEP_BMWM-2104,shellfish,"INFERRED: not a BEACH Act station and reports fecal coliform, the NSSP growing-area indicator",non_beach,Estuary,NJDEP_BMWM,NJ,NJDEP_BMWM-2104
NJDEP_BMWM-2104B,shellfish,"INFERRED: not a BEACH Act station and reports fecal coliform, the NSSP growing-area indicator",non_beach,Estuary,NJDEP_BMWM,NJ,NJDEP_BMWM-2104B
NJDEP_BMWM-2104E,shellfish,"INFERRED: not a BEACH Act station and reports fecal coliform, the NSSP growing-area indicator",non_beach,Estuary,NJDEP_BMWM,NJ,NJDEP_BMWM-2104E
NJDEP_BMWM-2106A,shellfish,"INFERRED: not a BEACH Act station and reports fecal coliform, the NSSP growing-area indicator",non_beach,Estuary,NJDEP_BMWM,NJ,NJDEP_BMWM-2106A
NJDEP_BMWM-2200A,shellfish,"INFERRED: not a BEACH Act station and reports fecal coliform, the NSSP growing-area indicator",non_beach,Estuary,NJDEP_BMWM,NJ,NJDEP_BMWM-2200A
NJDEP_BMWM-2202B,shellfish,"INFERRED: not a BEACH Act station and reports fecal coliform, the NSSP growing-area indicator",non_beach,Estuary,NJDEP_BMWM,NJ,NJDEP_BMWM-2202B
NJDEP_BMWM-2203A,shellfish,"INFERRED: not a BEACH Act station and reports fecal coliform, the NSSP growing-area indicator",non_beach,Estuary,NJDEP_BMWM,NJ,NJDEP_BMWM-2203A
NJDEP_BMWM-2204B,shellfish,"INFERRED: not a BEACH Act station and reports fecal coliform, the NSSP growing-area indicator",non_beach,Estuary,NJDEP_BMWM,NJ,NJDEP_BMWM-2204B
NJDEP_BMWM-2205A,shellfish,"INFERRED: not a BEACH Act station and reports fecal coliform, the NSSP growing-area indicator",non_beach,Estuary,NJDEP_BMWM,NJ,NJDEP_BMWM-2205A
NJDEP_BMWM-2206,shellfish,"INFERRED: not a BEACH Act station and reports fecal coliform, the NSSP growing-area indicator",non_beach,Estuary,NJDEP_BMWM,NJ,NJDEP_BMWM-2206
NJDEP_BMWM-2207A,shellfish,"INFERRED: not a BEACH Act station and reports fecal coliform, the NSSP growing-area indicator",non_beach,Estuary,NJDEP_BMWM,NJ,NJDEP_BMWM-2207A
NJDEP_BMWM-2208D,shellfish,"INFERRED: not a BEACH Act station and reports fecal coliform, the NSSP growing-area indicator",non_beach,Estuary,NJDEP_BMWM,NJ,NJDEP_BMWM-2208D
NJDEP_BMWM-2209,shellfish,"INFERRED: not a BEACH Act station and reports fecal coliform, the NSSP growing-area indicator",non_beach,Estuary,NJDEP_BMWM,NJ,NJDEP_BMWM-2209
NJDEP_BMWM-2209D,shellfish,"INFERRED: not a BEACH Act station and reports fecal coliform, the NSSP growing-area indicator",non_beach,Estuary,NJDEP_BMWM,NJ,NJDEP_BMWM-2209D
NJDEP_BMWM-2209G,shellfish,"INFERRED: not a BEACH Act station and reports fecal coliform, the NSSP growing-area indicator",non_beach,Estuary,NJDEP_BMWM,NJ,NJDEP_BMWM-2209G
NJDEP_BMWM-2210C,shellfish,"INFERRED: not a BEACH Act station and reports fecal coliform, the NSSP growing-area indicator",non_beach,Estuary,NJDEP_BMWM,NJ,NJDEP_BMWM-2210C
NJDEP_BMWM-2210F,shellfish,"INFERRED: not a BEACH Act station and reports fecal coliform, the NSSP growing-area indicator",non_beach,Estuary,NJDEP_BMWM,NJ,NJDEP_BMWM-2210F
NJDEP_BMWM-2211,shellfish,"INFERRED: not a BEACH Act station and reports fecal coliform, the NSSP growing-area indicator",non_beach,Estuary,NJDEP_BMWM,NJ,NJDEP_BMWM-2211
NJDEP_BMWM-2212,shellfish,"INFERRED: not a BEACH Act station and reports fecal coliform, the NSSP growing-area indicator",non_beach,Estuary,NJDEP_BMWM,NJ,NJDEP_BMWM-2212
NJDEP_BMWM-2214,shellfish,"INFERRED: not a BEACH Act station and reports fecal coliform, the NSSP growing-area indicator",non_beach,Estuary,NJDEP_BMWM,NJ,NJDEP_BMWM-2214
NJDEP_BMWM-2215A,shellfish,"INFERRED: not a BEACH Act station and reports fecal coliform, the NSSP growing-area indicator",non_beach,Estuary,NJDEP_BMWM,NJ,NJDEP_BMWM-2215A
NJDEP_BMWM-2218,shellfish,"INFERRED: not a BEACH Act station and reports fecal coliform, the NSSP growing-area indicator",non_beach,Estuary,NJDEP_BMWM,NJ,NJDEP_BMWM-2218
NJDEP_BMWM-2218A,shellfish,"INFERRED: not a BEACH Act station and reports fecal coliform, the NSSP growing-area indicator",non_beach,Estuary,NJDEP_BMWM,NJ,NJDEP_BMWM-2218A
NJDEP_BMWM-2218B,shellfish,"INFERRED: not a BEACH Act station and reports fecal coliform, the NSSP growing-area indicator",non_beach,Estuary,NJDEP_BMWM,NJ,NJDEP_BMWM-2218B
NJDEP_BMWM-2219A,shellfish,"INFERRED: not a BEACH Act station and reports fecal coliform, the NSSP growing-area indicator",non_beach,Estuary,NJDEP_BMWM,NJ,NJDEP_BMWM-2219A
NJDEP_BMWM-2220,shellfish,"INFERRED: not a BEACH Act station and reports fecal coliform, the NSSP growing-area indicator",non_beach,Estuary,NJDEP_BMWM,NJ,NJDEP_BMWM-2220
NJDEP_BMWM-2220B,shellfish,"INFERRED: not a BEACH Act station and reports fecal coliform, the NSSP growing-area indicator",non_beach,Estuary,NJDEP_BMWM,NJ,NJDEP_BMWM-2220B
NJDEP_BMWM-2221A,shellfish,"INFERRED: not a BEACH Act station and reports fecal coliform, the NSSP growing-area indicator",non_beach,Estuary,NJDEP_BMWM,NJ,NJDEP_BMWM-2221A
NJDEP_BMWM-2222,shellfish,"INFERRED: not a BEACH Act station and reports fecal coliform, the NSSP growing-area indicator",non_beach,Estuary,NJDEP_BMWM,NJ,NJDEP_BMWM-2222
NJDEP_BMWM-2223B,shellfish,"INFERRED: not a BEACH Act station and reports fecal coliform, the NSSP growing-area indicator",non_beach,Estuary,NJDEP_BMWM,NJ,NJDEP_BMWM-2223B
NJDEP_BMWM-2224A,shellfish,"INFERRED: not a BEACH Act station and reports fecal coliform, the NSSP growing-area indicator",non_beach,Estuary,NJDEP_BMWM,NJ,NJDEP_BMWM-2224A
NJDEP_BMWM-2226A,shellfish,"INFERRED: not a BEACH Act station and reports fecal coliform, the NSSP growing-area indicator",non_beach,Estuary,NJDEP_BMWM,NJ,NJDEP_BMWM-2226A
NJDEP_BMWM-2227,shellfish,"INFERRED: not a BEACH Act station and reports fecal coliform, the NSSP growing-area indicator",non_beach,Estuary,NJDEP_BMWM,NJ,NJDEP_BMWM-2227
NJDEP_BMWM-2227B,shellfish,"INFERRED: not a BEACH Act station and reports fecal coliform, the NSSP growing-area indicator",non_beach,Estuary,NJDEP_BMWM,NJ,NJDEP_BMWM-2227B
NJDEP_BMWM-2229A,shellfish,"INFERRED: not a BEACH Act station and reports fecal coliform, the NSSP growing-area indicator",non_beach,Estuary,NJDEP_BMWM,NJ,NJDEP_BMWM-2229A
NJDEP_BMWM-2230,shellfish,"INFERRED: not a BEACH Act station and reports fecal coliform, the NSSP growing-area indicator",non_beach,Estuary,NJDEP_BMWM,NJ,NJDEP_BMWM-2230
NJDEP_BMWM-23,shellfish,"INFERRED: not a BEACH Act station and reports fecal coliform, the NSSP growing-area indicator",non_beach,Estuary,NJDEP_BMWM,NJ,NJDEP_BMWM-23
NJDEP_BMWM-2300,shellfish,"INFERRED: not a BEACH Act station and reports fecal coliform, the NSSP growing-area indicator",non_beach,Estuary,NJDEP_BMWM,NJ,NJDEP_BMWM-2300
NJDEP_BMWM-2300B,shellfish,"INFERRED: not a BEACH Act station and reports fecal coliform, the NSSP growing-area indicator",non_beach,Estuary,NJDEP_BMWM,NJ,NJDEP_BMWM-2300B
NJDEP_BMWM-2300C,shellfish,"INFERRED: not a BEACH Act station and reports fecal coliform, the NSSP growing-area indicator",non_beach,Estuary,NJDEP_BMWM,NJ,NJDEP_BMWM-2300C
NJDEP_BMWM-2300D,shellfish,"INFERRED: not a BEACH Act station and reports fecal coliform, the NSSP growing-area indicator",non_beach,Estuary,NJDEP_BMWM,NJ,NJDEP_BMWM-2300D
NJDEP_BMWM-2300E,shellfish,"INFERRED: not a BEACH Act station and reports fecal coliform, the NSSP growing-area indicator",non_beach,Estuary,NJDEP_BMWM,NJ,NJDEP_BMWM-2300E
NJDEP_BMWM-2301,shellfish,"INFERRED: not a BEACH Act station and reports fecal coliform, the NSSP growing-area indicator",non_beach,Estuary,NJDEP_BMWM,NJ,NJDEP_BMWM-2301
NJDEP_BMWM-2301B,shellfish,"INFERRED: not a BEACH Act station and reports fecal coliform, the NSSP growing-area indicator",non_beach,Estuary,NJDEP_BMWM,NJ,NJDEP_BMWM-2301B
NJDEP_BMWM-2302,shellfish,"INFERRED: not a BEACH Act station and reports fecal coliform, the NSSP growing-area indicator",non_beach,Estuary,NJDEP_BMWM,NJ,NJDEP_BMWM-2302
NJDEP_BMWM-2303B,shellfish,"INFERRED: not a BEACH Act station and reports fecal coliform, the NSSP growing-area indicator",non_beach,Estuary,NJDEP_BMWM,NJ,NJDEP_BMWM-2303B
NJDEP_BMWM-2303C,shellfish,"INFERRED: not a BEACH Act station and reports fecal coliform, the NSSP growing-area indicator",non_beach,Estuary,NJDEP_BMWM,NJ,NJDEP_BMWM-2303C
NJDEP_BMWM-2304,shellfish,"INFERRED: not a BEACH Act station and reports fecal coliform, the NSSP growing-area indicator",non_beach,Estuary,NJDEP_BMWM,NJ,NJDEP_BMWM-2304
NJDEP_BMWM-2304C,shellfish,"INFERRED: not a BEACH Act station and reports fecal coliform, the NSSP growing-area indicator",non_beach,Estuary,NJDEP_BMWM,NJ,NJDEP_BMWM-2304C
NJDEP_BMWM-2305C,shellfish,"INFERRED: not a BEACH Act station and reports fecal coliform, the NSSP growing-area indicator",non_beach,Estuary,NJDEP_BMWM,NJ,NJDEP_BMWM-2305C
NJDEP_BMWM-2306,shellfish,"INFERRED: not a BEACH Act station and reports fecal coliform, the NSSP growing-area indicator",non_beach,Estuary,NJDEP_BMWM,NJ,NJDEP_BMWM-2306
NJDEP_BMWM-2306C,shellfish,"INFERRED: not a BEACH Act station and reports fecal coliform, the NSSP growing-area indicator",non_beach,Estuary,NJDEP_BMWM,NJ,NJDEP_BMWM-2306C
NJDEP_BMWM-2307,shellfish,"INFERRED: not a BEACH Act station and reports fecal coliform, the NSSP growing-area indicator",non_beach,Estuary,NJDEP_BMWM,NJ,NJDEP_BMWM-2307
NJDEP_BMWM-2307B,shellfish,"INFERRED: not a BEACH Act station and reports fecal coliform, the NSSP growing-area indicator",non_beach,Estuary,NJDEP_BMWM,NJ,NJDEP_BMWM-2307B
NJDEP_BMWM-2308,shellfish,"INFERRED: not a BEACH Act station and reports fecal coliform, the NSSP growing-area indicator",non_beach,Estuary,NJDEP_BMWM,NJ,NJDEP_BMWM-2308
NJDEP_BMWM-2308A,shellfish,"INFERRED: not a BEACH Act station and reports fecal coliform, the NSSP growing-area indicator",non_beach,Estuary,NJDEP_BMWM,NJ,NJDEP_BMWM-2308A
NJDEP_BMWM-2308B,shellfish,"INFERRED: not a BEACH Act station and reports fecal coliform, the NSSP growing-area indicator",non_beach,Estuary,NJDEP_BMWM,NJ,NJDEP_BMWM-2308B
NJDEP_BMWM-2308C,shellfish,"INFERRED: not a BEACH Act station and reports fecal coliform, the NSSP growing-area indicator",non_beach,Estuary,NJDEP_BMWM,NJ,NJDEP_BMWM-2308C
NJDEP_BMWM-2309A,shellfish,"INFERRED: not a BEACH Act station and reports fecal coliform, the NSSP growing-area indicator",non_beach,Estuary,NJDEP_BMWM,NJ,NJDEP_BMWM-2309A
NJDEP_BMWM-2309C,shellfish,"INFERRED: not a BEACH Act station and reports fecal coliform, the NSSP growing-area indicator",non_beach,Estuary,NJDEP_BMWM,NJ,NJDEP_BMWM-2309C
NJDEP_BMWM-2309D,shellfish,"INFERRED: not a BEACH Act station and reports fecal coliform, the NSSP growing-area indicator",non_beach,Estuary,NJDEP_BMWM,NJ,NJDEP_BMWM-2309D
NJDEP_BMWM-2310B,shellfish,"INFERRED: not a BEACH Act station and reports fecal coliform, the NSSP growing-area indicator",non_beach,Estuary,NJDEP_BMWM,NJ,NJDEP_BMWM-2310B
NJDEP_BMWM-2311B,shellfish,"INFERRED: not a BEACH Act station and reports fecal coliform, the NSSP growing-area indicator",non_beach,Estuary,NJDEP_BMWM,NJ,NJDEP_BMWM-2311B
NJDEP_BMWM-2311D,shellfish,"INFERRED: not a BEACH Act station and reports fecal coliform, the NSSP growing-area indicator",non_beach,Estuary,NJDEP_BMWM,NJ,NJDEP_BMWM-2311D
NJDEP_BMWM-2400,shellfish,"INFERRED: not a BEACH Act station and reports fecal coliform, the NSSP growing-area indicator",non_beach,Estuary,NJDEP_BMWM,NJ,NJDEP_BMWM-2400
NJDEP_BMWM-2400A,shellfish,"INFERRED: not a BEACH Act station and reports fecal coliform, the NSSP growing-area indicator",non_beach,Estuary,NJDEP_BMWM,NJ,NJDEP_BMWM-2400A
NJDEP_BMWM-2400B,shellfish,"INFERRED: not a BEACH Act station and reports fecal coliform, the NSSP growing-area indicator",non_beach,Estuary,NJDEP_BMWM,NJ,NJDEP_BMWM-2400B
NJDEP_BMWM-2401,shellfish,"INFERRED: not a BEACH Act station and reports fecal coliform, the NSSP growing-area indicator",non_beach,Estuary,NJDEP_BMWM,NJ,NJDEP_BMWM-2401
NJDEP_BMWM-2401A,shellfish,"INFERRED: not a BEACH Act station and reports fecal coliform, the NSSP growing-area indicator",non_beach,Estuary,NJDEP_BMWM,NJ,NJDEP_BMWM-2401A
NJDEP_BMWM-2401C,shellfish,"INFERRED: not a BEACH Act station and reports fecal coliform, the NSSP growing-area indicator",non_beach,Estuary,NJDEP_BMWM,NJ,NJDEP_BMWM-2401C
NJDEP_BMWM-2401E,shellfish,"INFERRED: not a BEACH Act station and reports fecal coliform, the NSSP growing-area indicator",non_beach,Estuary,NJDEP_BMWM,NJ,NJDEP_BMWM-2401E
NJDEP_BMWM-2401F,shellfish,"INFERRED: not a BEACH Act station and reports fecal coliform, the NSSP growing-area indicator",non_beach,Estuary,NJDEP_BMWM,NJ,NJDEP_BMWM-2401F
NJDEP_BMWM-2402,shellfish,"INFERRED: not a BEACH Act station and reports fecal coliform, the NSSP growing-area indicator",non_beach,Estuary,NJDEP_BMWM,NJ,NJDEP_BMWM-2402
NJDEP_BMWM-2402A,shellfish,"INFERRED: not a BEACH Act station and reports fecal coliform, the NSSP growing-area indicator",non_beach,Estuary,NJDEP_BMWM,NJ,NJDEP_BMWM-2402A
NJDEP_BMWM-2403,shellfish,"INFERRED: not a BEACH Act station and reports fecal coliform, the NSSP growing-area indicator",non_beach,Estuary,NJDEP_BMWM,NJ,NJDEP_BMWM-2403
NJDEP_BMWM-2403B,shellfish,"INFERRED: not a BEACH Act station and reports fecal coliform, the NSSP growing-area indicator",non_beach,Estuary,NJDEP_BMWM,NJ,NJDEP_BMWM-2403B
NJDEP_BMWM-2404C,shellfish,"INFERRED: not a BEACH Act station and reports fecal coliform, the NSSP growing-area indicator",non_beach,Estuary,NJDEP_BMWM,NJ,NJDEP_BMWM-2404C
NJDEP_BMWM-2405,shellfish,"INFERRED: not a BEACH Act station and reports fecal coliform, the NSSP growing-area indicator",non_beach,Estuary,NJDEP_BMWM,NJ,NJDEP_BMWM-2405
NJDEP_BMWM-2405C,shellfish,"INFERRED: not a BEACH Act station and reports fecal coliform, the NSSP growing-area indicator",non_beach,Estuary,NJDEP_BMWM,NJ,NJDEP_BMWM-2405C
NJDEP_BMWM-2406,shellfish,"INFERRED: not a BEACH Act station and reports fecal coliform, the NSSP growing-area indicator",non_beach,Estuary,NJDEP_BMWM,NJ,NJDEP_BMWM-2406
NJDEP_BMWM-2406A,shellfish,"INFERRED: not a BEACH Act station and reports fecal coliform, the NSSP growing-area indicator",non_beach,Estuary,NJDEP_BMWM,NJ,NJDEP_BMWM-2406A
NJDEP_BMWM-2406B,shellfish,"INFERRED: not a BEACH Act station and reports fecal coliform, the NSSP growing-area indicator",non_beach,Estuary,NJDEP_BMWM,NJ,NJDEP_BMWM-2406B
NJDEP_BMWM-2407,shellfish,"INFERRED: not a BEACH Act station and reports fecal coliform, the NSSP growing-area indicator",non_beach,Estuary,NJDEP_BMWM,NJ,NJDEP_BMWM-2407
NJDEP_BMWM-2407B,shellfish,"INFERRED: not a BEACH Act station and reports fecal coliform, the NSSP growing-area indicator",non_beach,Estuary,NJDEP_BMWM,NJ,NJDEP_BMWM-2407B
NJDEP_BMWM-2409A,shellfish,"INFERRED: not a BEACH Act station and reports fecal coliform, the NSSP growing-area indicator",non_beach,Estuary,NJDEP_BMWM,NJ,NJDEP_BMWM-2409A
NJDEP_BMWM-2411A,shellfish,"INFERRED: not a BEACH Act station and reports fecal coliform, the NSSP growing-area indicator",non_beach,Estuary,NJDEP_BMWM,NJ,NJDEP_BMWM-2411A
NJDEP_BMWM-2412B,shellfish,"INFERRED: not a BEACH Act station and reports fecal coliform, the NSSP growing-area indicator",non_beach,Estuary,NJDEP_BMWM,NJ,NJDEP_BMWM-2412B
NJDEP_BMWM-2412E,shellfish,"INFERRED: not a BEACH Act station and reports fecal coliform, the NSSP growing-area indicator",non_beach,Estuary,NJDEP_BMWM,NJ,NJDEP_BMWM-2412E
NJDEP_BMWM-2412H,shellfish,"INFERRED: not a BEACH Act station and reports fecal coliform, the NSSP growing-area indicator",non_beach,Estuary,NJDEP_BMWM,NJ,NJDEP_BMWM-2412H
NJDEP_BMWM-2413,shellfish,"INFERRED: not a BEACH Act station and reports fecal coliform, the NSSP growing-area indicator",non_beach,Estuary,NJDEP_BMWM,NJ,NJDEP_BMWM-2413
NJDEP_BMWM-2414,shellfish,"INFERRED: not a BEACH Act station and reports fecal coliform, the NSSP growing-area indicator",non_beach,Estuary,NJDEP_BMWM,NJ,NJDEP_BMWM-2414
NJDEP_BMWM-2415,shellfish,"INFERRED: not a BEACH Act station and reports fecal coliform, the NSSP growing-area indicator",non_beach,Estuary,NJDEP_BMWM,NJ,NJDEP_BMWM-2415
NJDEP_BMWM-2416,shellfish,"INFERRED: not a BEACH Act station and reports fecal coliform, the NSSP growing-area indicator",non_beach,Estuary,NJDEP_BMWM,NJ,NJDEP_BMWM-2416
NJDEP_BMWM-2416L,shellfish,"INFERRED: not a BEACH Act station and reports fecal coliform, the NSSP growing-area indicator",non_beach,Estuary,NJDEP_BMWM,NJ,NJDEP_BMWM-2416L
NJDEP_BMWM-2416P,shellfish,"INFERRED: not a BEACH Act station and reports fecal coliform, the NSSP growing-area indicator",non_beach,Estuary,NJDEP_BMWM,NJ,NJDEP_BMWM-2416P
NJDEP_BMWM-2416S,shellfish,"INFERRED: not a BEACH Act station and reports fecal coliform, the NSSP growing-area indicator",non_beach,Estuary,NJDEP_BMWM,NJ,NJDEP_BMWM-2416S
NJDEP_BMWM-2417A,shellfish,"INFERRED: not a BEACH Act station and reports fecal coliform, the NSSP growing-area indicator",non_beach,Estuary,NJDEP_BMWM,NJ,NJDEP_BMWM-2417A
NJDEP_BMWM-2417C,shellfish,"INFERRED: not a BEACH Act station and reports fecal coliform, the NSSP growing-area indicator",non_beach,Estuary,NJDEP_BMWM,NJ,NJDEP_BMWM-2417C
NJDEP_BMWM-2417D,shellfish,"INFERRED: not a BEACH Act station and reports fecal coliform, the NSSP growing-area indicator",non_beach,Estuary,NJDEP_BMWM,NJ,NJDEP_BMWM-2417D
NJDEP_BMWM-2417E,shellfish,"INFERRED: not a BEACH Act station and reports fecal coliform, the NSSP growing-area indicator",non_beach,Estuary,NJDEP_BMWM,NJ,NJDEP_BMWM-2417E
NJDEP_BMWM-2417F,shellfish,"INFERRED: not a BEACH Act station and reports fecal coliform, the NSSP growing-area indicator",non_beach,Estuary,NJDEP_BMWM,NJ,NJDEP_BMWM-2417F
NJDEP_BMWM-2417G,shellfish,"INFERRED: not a BEACH Act station and reports fecal coliform, the NSSP growing-area indicator",non_beach,Estuary,NJDEP_BMWM,NJ,NJDEP_BMWM-2417G
NJDEP_BMWM-2418,shellfish,"INFERRED: not a BEACH Act station and reports fecal coliform, the NSSP growing-area indicator",non_beach,Estuary,NJDEP_BMWM,NJ,NJDEP_BMWM-2418
NJDEP_BMWM-2418A,shellfish,"INFERRED: not a BEACH Act station and reports fecal coliform, the NSSP growing-area indicator",non_beach,Estuary,NJDEP_BMWM,NJ,NJDEP_BMWM-2418A
NJDEP_BMWM-2418C,shellfish,"INFERRED: not a BEACH Act station and reports fecal coliform, the NSSP growing-area indicator",non_beach,Estuary,NJDEP_BMWM,NJ,NJDEP_BMWM-2418C
NJDEP_BMWM-2418E,shellfish,"INFERRED: not a BEACH Act station and reports fecal coliform, the NSSP growing-area indicator",non_beach,Estuary,NJDEP_BMWM,NJ,NJDEP_BMWM-2418E
NJDEP_BMWM-2419A,shellfish,"INFERRED: not a BEACH Act station and reports fecal coliform, the NSSP growing-area indicator",non_beach,Estuary,NJDEP_BMWM,NJ,NJDEP_BMWM-2419A
NJDEP_BMWM-2420,shellfish,"INFERRED: not a BEACH Act station and reports fecal coliform, the NSSP growing-area indicator",non_beach,Estuary,NJDEP_BMWM,NJ,NJDEP_BMWM-2420
NJDEP_BMWM-24A,shellfish,"INFERRED: not a BEACH Act station and reports fecal coliform, the NSSP growing-area indicator",non_beach,Estuary,NJDEP_BMWM,NJ,NJDEP_BMWM-24A
NJDEP_BMWM-2500,shellfish,"INFERRED: not a BEACH Act station and reports fecal coliform, the NSSP growing-area indicator",non_beach,Estuary,NJDEP_BMWM,NJ,NJDEP_BMWM-2500
NJDEP_BMWM-2502,shellfish,"INFERRED: not a BEACH Act station and reports fecal coliform, the NSSP growing-area indicator",non_beach,Estuary,NJDEP_BMWM,NJ,NJDEP_BMWM-2502
NJDEP_BMWM-2502B,shellfish,"INFERRED: not a BEACH Act station and reports fecal coliform, the NSSP growing-area indicator",non_beach,Estuary,NJDEP_BMWM,NJ,NJDEP_BMWM-2502B
NJDEP_BMWM-2503,shellfish,"INFERRED: not a BEACH Act station and reports fecal coliform, the NSSP growing-area indicator",non_beach,Estuary,NJDEP_BMWM,NJ,NJDEP_BMWM-2503
NJDEP_BMWM-2504,shellfish,"INFERRED: not a BEACH Act station and reports fecal coliform, the NSSP growing-area indicator",non_beach,Estuary,NJDEP_BMWM,NJ,NJDEP_BMWM-2504
NJDEP_BMWM-2505,shellfish,"INFERRED: not a BEACH Act station and reports fecal coliform, the NSSP growing-area indicator",non_beach,Estuary,NJDEP_BMWM,NJ,NJDEP_BMWM-2505
NJDEP_BMWM-2506,shellfish,"INFERRED: not a BEACH Act station and reports fecal coliform, the NSSP growing-area indicator",non_beach,Estuary,NJDEP_BMWM,NJ,NJDEP_BMWM-2506
NJDEP_BMWM-2506A,shellfish,"INFERRED: not a BEACH Act station and reports fecal coliform, the NSSP growing-area indicator",non_beach,Estuary,NJDEP_BMWM,NJ,NJDEP_BMWM-2506A
NJDEP_BMWM-2506B,shellfish,"INFERRED: not a BEACH Act station and reports fecal coliform, the NSSP growing-area indicator",non_beach,Estuary,NJDEP_BMWM,NJ,NJDEP_BMWM-2506B
NJDEP_BMWM-2507,shellfish,"INFERRED: not a BEACH Act station and reports fecal coliform, the NSSP growing-area indicator",non_beach,Estuary,NJDEP_BMWM,NJ,NJDEP_BMWM-2507
NJDEP_BMWM-2507A,shellfish,"INFERRED: not a BEACH Act station and reports fecal coliform, the NSSP growing-area indicator",non_beach,Estuary,NJDEP_BMWM,NJ,NJDEP_BMWM-2507A
NJDEP_BMWM-2507B,shellfish,"INFERRED: not a BEACH Act station and reports fecal coliform, the NSSP growing-area indicator",non_beach,Estuary,NJDEP_BMWM,NJ,NJDEP_BMWM-2507B
NJDEP_BMWM-2507D,shellfish,"INFERRED: not a BEACH Act station and reports fecal coliform, the NSSP growing-area indicator",non_beach,Estuary,NJDEP_BMWM,NJ,NJDEP_BMWM-2507D
NJDEP_BMWM-2508,shellfish,"INFERRED: not a BEACH Act station and reports fecal coliform, the NSSP growing-area indicator",non_beach,Estuary,NJDEP_BMWM,NJ,NJDEP_BMWM-2508
NJDEP_BMWM-2508A,shellfish,"INFERRED: not a BEACH Act station and reports fecal coliform, the NSSP growing-area indicator",non_beach,Estuary,NJDEP_BMWM,NJ,NJDEP_BMWM-2508A
NJDEP_BMWM-2508B,shellfish,"INFERRED: not a BEACH Act station and reports fecal coliform, the NSSP growing-area indicator",non_beach,Estuary,NJDEP_BMWM,NJ,NJDEP_BMWM-2508B
NJDEP_BMWM-2508D,shellfish,"INFERRED: not a BEACH Act station and reports fecal coliform, the NSSP growing-area indicator",non_beach,Estuary,NJDEP_BMWM,NJ,NJDEP_BMWM-2508D
NJDEP_BMWM-2508E,shellfish,"INFERRED: not a BEACH Act station and reports fecal coliform, the NSSP growing-area indicator",non_beach,Estuary,NJDEP_BMWM,NJ,NJDEP_BMWM-2508E
NJDEP_BMWM-2509,shellfish,"INFERRED: not a BEACH Act station and reports fecal coliform, the NSSP growing-area indicator",non_beach,Estuary,NJDEP_BMWM,NJ,NJDEP_BMWM-2509
NJDEP_BMWM-2510,shellfish,"INFERRED: not a BEACH Act station and reports fecal coliform, the NSSP growing-area indicator",non_beach,Estuary,NJDEP_BMWM,NJ,NJDEP_BMWM-2510
NJDEP_BMWM-2510A,shellfish,"INFERRED: not a BEACH Act station and reports fecal coliform, the NSSP growing-area indicator",non_beach,Estuary,NJDEP_BMWM,NJ,NJDEP_BMWM-2510A
NJDEP_BMWM-2510B,shellfish,"INFERRED: not a BEACH Act station and reports fecal coliform, the NSSP growing-area indicator",non_beach,Estuary,NJDEP_BMWM,NJ,NJDEP_BMWM-2510B
NJDEP_BMWM-2510C,shellfish,"INFERRED: not a BEACH Act station and reports fecal coliform, the NSSP growing-area indicator",non_beach,Estuary,NJDEP_BMWM,NJ,NJDEP_BMWM-2510C
NJDEP_BMWM-2510D,shellfish,"INFERRED: not a BEACH Act station and reports fecal coliform, the NSSP growing-area indicator",non_beach,Estuary,NJDEP_BMWM,NJ,NJDEP_BMWM-2510D
NJDEP_BMWM-2511,shellfish,"INFERRED: not a BEACH Act station and reports fecal coliform, the NSSP growing-area indicator",non_beach,Estuary,NJDEP_BMWM,NJ,NJDEP_BMWM-2511
NJDEP_BMWM-2511A,shellfish,"INFERRED: not a BEACH Act station and reports fecal coliform, the NSSP growing-area indicator",non_beach,Estuary,NJDEP_BMWM,NJ,NJDEP_BMWM-2511A
NJDEP_BMWM-2511B,shellfish,"INFERRED: not a BEACH Act station and reports fecal coliform, the NSSP growing-area indicator",non_beach,Estuary,NJDEP_BMWM,NJ,NJDEP_BMWM-2511B
NJDEP_BMWM-2512A,shellfish,"INFERRED: not a BEACH Act station and reports fecal coliform, the NSSP growing-area indicator",non_beach,Estuary,NJDEP_BMWM,NJ,NJDEP_BMWM-2512A
NJDEP_BMWM-2513,shellfish,"INFERRED: not a BEACH Act station and reports fecal coliform, the NSSP growing-area indicator",non_beach,Estuary,NJDEP_BMWM,NJ,NJDEP_BMWM-2513
NJDEP_BMWM-2513C,shellfish,"INFERRED: not a BEACH Act station and reports fecal coliform, the NSSP growing-area indicator",non_beach,Estuary,NJDEP_BMWM,NJ,NJDEP_BMWM-2513C
NJDEP_BMWM-2514,shellfish,"INFERRED: not a BEACH Act station and reports fecal coliform, the NSSP growing-area indicator",non_beach,Estuary,NJDEP_BMWM,NJ,NJDEP_BMWM-2514
NJDEP_BMWM-2516,shellfish,"INFERRED: not a BEACH Act station and reports fecal coliform, the NSSP growing-area indicator",non_beach,Estuary,NJDEP_BMWM,NJ,NJDEP_BMWM-2516
NJDEP_BMWM-2517,shellfish,"INFERRED: not a BEACH Act station and reports fecal coliform, the NSSP growing-area indicator",non_beach,Estuary,NJDEP_BMWM,NJ,NJDEP_BMWM-2517
NJDEP_BMWM-2517A,shellfish,"INFERRED: not a BEACH Act station and reports fecal coliform, the NSSP growing-area indicator",non_beach,Estuary,NJDEP_BMWM,NJ,NJDEP_BMWM-2517A
NJDEP_BMWM-2519,shellfish,"INFERRED: not a BEACH Act station and reports fecal coliform, the NSSP growing-area indicator",non_beach,Estuary,NJDEP_BMWM,NJ,NJDEP_BMWM-2519
NJDEP_BMWM-2520,shellfish,"INFERRED: not a BEACH Act station and reports fecal coliform, the NSSP growing-area indicator",non_beach,Estuary,NJDEP_BMWM,NJ,NJDEP_BMWM-2520
NJDEP_BMWM-2521,shellfish,"INFERRED: not a BEACH Act station and reports fecal coliform, the NSSP growing-area indicator",non_beach,Estuary,NJDEP_BMWM,NJ,NJDEP_BMWM-2521
NJDEP_BMWM-2522A,shellfish,"INFERRED: not a BEACH Act station and reports fecal coliform, the NSSP growing-area indicator",non_beach,Estuary,NJDEP_BMWM,NJ,NJDEP_BMWM-2522A
NJDEP_BMWM-2523A,shellfish,"INFERRED: not a BEACH Act station and reports fecal coliform, the NSSP growing-area indicator",non_beach,Estuary,NJDEP_BMWM,NJ,NJDEP_BMWM-2523A
NJDEP_BMWM-2524,shellfish,"INFERRED: not a BEACH Act station and reports fecal coliform, the NSSP growing-area indicator",non_beach,Estuary,NJDEP_BMWM,NJ,NJDEP_BMWM-2524
NJDEP_BMWM-2527,shellfish,"INFERRED: not a BEACH Act station and reports fecal coliform, the NSSP growing-area indicator",non_beach,Estuary,NJDEP_BMWM,NJ,NJDEP_BMWM-2527
NJDEP_BMWM-2528,shellfish,"INFERRED: not a BEACH Act station and reports fecal coliform, the NSSP growing-area indicator",non_beach,Estuary,NJDEP_BMWM,NJ,NJDEP_BMWM-2528
NJDEP_BMWM-2529,shellfish,"INFERRED: not a BEACH Act station and reports fecal coliform, the NSSP growing-area indicator",non_beach,Estuary,NJDEP_BMWM,NJ,NJDEP_BMWM-2529
NJDEP_BMWM-2530,shellfish,"INFERRED: not a BEACH Act station and reports fecal coliform, the NSSP growing-area indicator",non_beach,Estuary,NJDEP_BMWM,NJ,NJDEP_BMWM-2530
NJDEP_BMWM-2531,shellfish,"INFERRED: not a BEACH Act station and reports fecal coliform, the NSSP growing-area indicator",non_beach,Estuary,NJDEP_BMWM,NJ,NJDEP_BMWM-2531
NJDEP_BMWM-2532,shellfish,"INFERRED: not a BEACH Act station and reports fecal coliform, the NSSP growing-area indicator",non_beach,Estuary,NJDEP_BMWM,NJ,NJDEP_BMWM-2532
NJDEP_BMWM-2533,shellfish,"INFERRED: not a BEACH Act station and reports fecal coliform, the NSSP growing-area indicator",non_beach,Estuary,NJDEP_BMWM,NJ,NJDEP_BMWM-2533
NJDEP_BMWM-2536,shellfish,"INFERRED: not a BEACH Act station and reports fecal coliform, the NSSP growing-area indicator",non_beach,Estuary,NJDEP_BMWM,NJ,NJDEP_BMWM-2536
NJDEP_BMWM-2600A,shellfish,"INFERRED: not a BEACH Act station and reports fecal coliform, the NSSP growing-area indicator",non_beach,Estuary,NJDEP_BMWM,NJ,NJDEP_BMWM-2600A
NJDEP_BMWM-2601,shellfish,"INFERRED: not a BEACH Act station and reports fecal coliform, the NSSP growing-area indicator",non_beach,Estuary,NJDEP_BMWM,NJ,NJDEP_BMWM-2601
NJDEP_BMWM-2601B,shellfish,"INFERRED: not a BEACH Act station and reports fecal coliform, the NSSP growing-area indicator",non_beach,Estuary,NJDEP_BMWM,NJ,NJDEP_BMWM-2601B
NJDEP_BMWM-2602,shellfish,"INFERRED: not a BEACH Act station and reports fecal coliform, the NSSP growing-area indicator",non_beach,Estuary,NJDEP_BMWM,NJ,NJDEP_BMWM-2602
NJDEP_BMWM-2602A,shellfish,"INFERRED: not a BEACH Act station and reports fecal coliform, the NSSP growing-area indicator",non_beach,Estuary,NJDEP_BMWM,NJ,NJDEP_BMWM-2602A
NJDEP_BMWM-2603,shellfish,"INFERRED: not a BEACH Act station and reports fecal coliform, the NSSP growing-area indicator",non_beach,Estuary,NJDEP_BMWM,NJ,NJDEP_BMWM-2603
NJDEP_BMWM-2604,shellfish,"INFERRED: not a BEACH Act station and reports fecal coliform, the NSSP growing-area indicator",non_beach,Estuary,NJDEP_BMWM,NJ,NJDEP_BMWM-2604
NJDEP_BMWM-2604B,shellfish,"INFERRED: not a BEACH Act station and reports fecal coliform, the NSSP growing-area indicator",non_beach,Estuary,NJDEP_BMWM,NJ,NJDEP_BMWM-2604B
NJDEP_BMWM-2605,shellfish,"INFERRED: not a BEACH Act station and reports fecal coliform, the NSSP growing-area indicator",non_beach,Estuary,NJDEP_BMWM,NJ,NJDEP_BMWM-2605
NJDEP_BMWM-2606,shellfish,"INFERRED: not a BEACH Act station and reports fecal coliform, the NSSP growing-area indicator",non_beach,Estuary,NJDEP_BMWM,NJ,NJDEP_BMWM-2606
NJDEP_BMWM-2607,shellfish,"INFERRED: not a BEACH Act station and reports fecal coliform, the NSSP growing-area indicator",non_beach,Estuary,NJDEP_BMWM,NJ,NJDEP_BMWM-2607
NJDEP_BMWM-2607A,shellfish,"INFERRED: not a BEACH Act station and reports fecal coliform, the NSSP growing-area indicator",non_beach,Estuary,NJDEP_BMWM,NJ,NJDEP_BMWM-2607A
NJDEP_BMWM-2608,shellfish,"INFERRED: not a BEACH Act station and reports fecal coliform, the NSSP growing-area indicator",non_beach,Estuary,NJDEP_BMWM,NJ,NJDEP_BMWM-2608
NJDEP_BMWM-2609,shellfish,"INFERRED: not a BEACH Act station and reports fecal coliform, the NSSP growing-area indicator",non_beach,Estuary,NJDEP_BMWM,NJ,NJDEP_BMWM-2609
NJDEP_BMWM-26A,shellfish,"INFERRED: not a BEACH Act station and reports fecal coliform, the NSSP growing-area indicator",non_beach,Estuary,NJDEP_BMWM,NJ,NJDEP_BMWM-26A
NJDEP_BMWM-2700F,shellfish,"INFERRED: not a BEACH Act station and reports fecal coliform, the NSSP growing-area indicator",non_beach,Estuary,NJDEP_BMWM,NJ,NJDEP_BMWM-2700F
NJDEP_BMWM-2700G,shellfish,"INFERRED: not a BEACH Act station and reports fecal coliform, the NSSP growing-area indicator",non_beach,Estuary,NJDEP_BMWM,NJ,NJDEP_BMWM-2700G
NJDEP_BMWM-2700H,shellfish,"INFERRED: not a BEACH Act station and reports fecal coliform, the NSSP growing-area indicator",non_beach,Estuary,NJDEP_BMWM,NJ,NJDEP_BMWM-2700H
NJDEP_BMWM-2701,shellfish,"INFERRED: not a BEACH Act station and reports fecal coliform, the NSSP growing-area indicator",non_beach,Estuary,NJDEP_BMWM,NJ,NJDEP_BMWM-2701
NJDEP_BMWM-2701A,shellfish,"INFERRED: not a BEACH Act station and reports fecal coliform, the NSSP growing-area indicator",non_beach,Estuary,NJDEP_BMWM,NJ,NJDEP_BMWM-2701A
NJDEP_BMWM-2701B,shellfish,"INFERRED: not a BEACH Act station and reports fecal coliform, the NSSP growing-area indicator",non_beach,Estuary,NJDEP_BMWM,NJ,NJDEP_BMWM-2701B
NJDEP_BMWM-2701C,shellfish,"INFERRED: not a BEACH Act station and reports fecal coliform, the NSSP growing-area indicator",non_beach,Estuary,NJDEP_BMWM,NJ,NJDEP_BMWM-2701B
NJDEP_BMWM-2702,shellfish,"INFERRED: not a BEACH Act station and reports fecal coliform, the NSSP growing-area indicator",non_beach,Estuary,NJDEP_BMWM,NJ,NJDEP_BMWM-2702
NJDEP_BMWM-2702A,shellfish,"INFERRED: not a BEACH Act station and reports fecal coliform, the NSSP growing-area indicator",non_beach,Estuary,NJDEP_BMWM,NJ,NJDEP_BMWM-2702A
NJDEP_BMWM-2702B,shellfish,"INFERRED: not a BEACH Act station and reports fecal coliform, the NSSP growing-area indicator",non_beach,Estuary,NJDEP_BMWM,NJ,NJDEP_BMWM-2702B
NJDEP_BMWM-2703,shellfish,"INFERRED: not a BEACH Act station and reports fecal coliform, the NSSP growing-area indicator",non_beach,Estuary,NJDEP_BMWM,NJ,NJDEP_BMWM-2703
NJDEP_BMWM-2703B,shellfish,"INFERRED: not a BEACH Act station and reports fecal coliform, the NSSP growing-area indicator",non_beach,Estuary,NJDEP_BMWM,NJ,NJDEP_BMWM-2703B
NJDEP_BMWM-2703C,shellfish,"INFERRED: not a BEACH Act station and reports fecal coliform, the NSSP growing-area indicator",non_beach,Estuary,NJDEP_BMWM,NJ,NJDEP_BMWM-2703C
NJDEP_BMWM-2704,shellfish,"INFERRED: not a BEACH Act station and reports fecal coliform, the NSSP growing-area indicator",non_beach,Estuary,NJDEP_BMWM,NJ,NJDEP_BMWM-2704
NJDEP_BMWM-2704A,shellfish,"INFERRED: not a BEACH Act station and reports fecal coliform, the NSSP growing-area indicator",non_beach,Estuary,NJDEP_BMWM,NJ,NJDEP_BMWM-2704A
NJDEP_BMWM-2704B,shellfish,"INFERRED: not a BEACH Act station and reports fecal coliform, the NSSP growing-area indicator",non_beach,Estuary,NJDEP_BMWM,NJ,NJDEP_BMWM-2704B
NJDEP_BMWM-2705A,shellfish,"INFERRED: not a BEACH Act station and reports fecal coliform, the NSSP growing-area indicator",non_beach,Estuary,NJDEP_BMWM,NJ,NJDEP_BMWM-2705A
NJDEP_BMWM-2706,shellfish,"INFERRED: not a BEACH Act station and reports fecal coliform, the NSSP growing-area indicator",non_beach,Estuary,NJDEP_BMWM,NJ,NJDEP_BMWM-2706
NJDEP_BMWM-2706A,shellfish,"INFERRED: not a BEACH Act station and reports fecal coliform, the NSSP growing-area indicator",non_beach,Estuary,NJDEP_BMWM,NJ,NJDEP_BMWM-2706A
NJDEP_BMWM-2706B,shellfish,"INFERRED: not a BEACH Act station and reports fecal coliform, the NSSP growing-area indicator",non_beach,Estuary,NJDEP_BMWM,NJ,NJDEP_BMWM-2706B
NJDEP_BMWM-2706D,shellfish,"INFERRED: not a BEACH Act station and reports fecal coliform, the NSSP growing-area indicator",non_beach,Estuary,NJDEP_BMWM,NJ,NJDEP_BMWM-2706D
NJDEP_BMWM-2707,shellfish,"INFERRED: not a BEACH Act station and reports fecal coliform, the NSSP growing-area indicator",non_beach,Estuary,NJDEP_BMWM,NJ,NJDEP_BMWM-2707
NJDEP_BMWM-2708,shellfish,"INFERRED: not a BEACH Act station and reports fecal coliform, the NSSP growing-area indicator",non_beach,Estuary,NJDEP_BMWM,NJ,NJDEP_BMWM-2708
NJDEP_BMWM-2708A,shellfish,"INFERRED: not a BEACH Act station and reports fecal coliform, the NSSP growing-area indicator",non_beach,Estuary,NJDEP_BMWM,NJ,NJDEP_BMWM-2708A
NJDEP_BMWM-2709,beach,SOURCED: shares a 150 m site_cluster with a BEACH Act station,non_beach,Estuary,NJDEP_BMWM,NJ,21NJBCH-AC0050
NJDEP_BMWM-2709A,beach,SOURCED: shares a 150 m site_cluster with a BEACH Act station,non_beach,Estuary,NJDEP_BMWM,NJ,21NJBCH-AC0050
NJDEP_BMWM-2709B,beach,SOURCED: shares a 150 m site_cluster with a BEACH Act station,non_beach,Estuary,NJDEP_BMWM,NJ,21NJBCH-AC0050
NJDEP_BMWM-2710,shellfish,"INFERRED: not a BEACH Act station and reports fecal coliform, the NSSP growing-area indicator",non_beach,Estuary,NJDEP_BMWM,NJ,NJDEP_BMWM-2710
NJDEP_BMWM-2710A,shellfish,"INFERRED: not a BEACH Act station and reports fecal coliform, the NSSP growing-area indicator",non_beach,Estuary,NJDEP_BMWM,NJ,NJDEP_BMWM-2710A
NJDEP_BMWM-2710D,shellfish,"INFERRED: not a BEACH Act station and reports fecal coliform, the NSSP growing-area indicator",non_beach,Estuary,NJDEP_BMWM,NJ,NJDEP_BMWM-2710D
NJDEP_BMWM-2710F,shellfish,"INFERRED: not a BEACH Act station and reports fecal coliform, the NSSP growing-area indicator",non_beach,Estuary,NJDEP_BMWM,NJ,NJDEP_BMWM-2710F
NJDEP_BMWM-2711,shellfish,"INFERRED: not a BEACH Act station and reports fecal coliform, the NSSP growing-area indicator",non_beach,Estuary,NJDEP_BMWM,NJ,NJDEP_BMWM-2711
NJDEP_BMWM-2711A,shellfish,"INFERRED: not a BEACH Act station and reports fecal coliform, the NSSP growing-area indicator",non_beach,Estuary,NJDEP_BMWM,NJ,NJDEP_BMWM-2711A
NJDEP_BMWM-2711B,shellfish,"INFERRED: not a BEACH Act station and reports fecal coliform, the NSSP growing-area indicator",non_beach,Estuary,NJDEP_BMWM,NJ,NJDEP_BMWM-2711B
NJDEP_BMWM-2712,unclassified,"neither: no BEACH Act type, no beach neighbour, no fittable fecal coliform",non_beach,Estuary,NJDEP_BMWM,NJ,NJDEP_BMWM-2712
NJDEP_BMWM-2712B,shellfish,"INFERRED: not a BEACH Act station and reports fecal coliform, the NSSP growing-area indicator",non_beach,Estuary,NJDEP_BMWM,NJ,NJDEP_BMWM-2712B
NJDEP_BMWM-2712D,shellfish,"INFERRED: not a BEACH Act station and reports fecal coliform, the NSSP growing-area indicator",non_beach,Estuary,NJDEP_BMWM,NJ,NJDEP_BMWM-2712D
NJDEP_BMWM-2713,shellfish,"INFERRED: not a BEACH Act station and reports fecal coliform, the NSSP growing-area indicator",non_beach,Estuary,NJDEP_BMWM,NJ,NJDEP_BMWM-2713
NJDEP_BMWM-2713A,shellfish,"INFERRED: not a BEACH Act station and reports fecal coliform, the NSSP growing-area indicator",non_beach,Estuary,NJDEP_BMWM,NJ,NJDEP_BMWM-2713A
NJDEP_BMWM-2713C,shellfish,"INFERRED: not a BEACH Act station and reports fecal coliform, the NSSP growing-area indicator",non_beach,Estuary,NJDEP_BMWM,NJ,NJDEP_BMWM-2713C
NJDEP_BMWM-2714,shellfish,"INFERRED: not a BEACH Act station and reports fecal coliform, the NSSP growing-area indicator",non_beach,Estuary,NJDEP_BMWM,NJ,NJDEP_BMWM-2714
NJDEP_BMWM-2714B,shellfish,"INFERRED: not a BEACH Act station and reports fecal coliform, the NSSP growing-area indicator",non_beach,Estuary,NJDEP_BMWM,NJ,NJDEP_BMWM-2714B
NJDEP_BMWM-2715,shellfish,"INFERRED: not a BEACH Act station and reports fecal coliform, the NSSP growing-area indicator",non_beach,Estuary,NJDEP_BMWM,NJ,NJDEP_BMWM-2715
NJDEP_BMWM-2715A,shellfish,"INFERRED: not a BEACH Act station and reports fecal coliform, the NSSP growing-area indicator",non_beach,Estuary,NJDEP_BMWM,NJ,NJDEP_BMWM-2715
NJDEP_BMWM-2716A,shellfish,"INFERRED: not a BEACH Act station and reports fecal coliform, the NSSP growing-area indicator",non_beach,Estuary,NJDEP_BMWM,NJ,NJDEP_BMWM-2716A
NJDEP_BMWM-2717,shellfish,"INFERRED: not a BEACH Act station and reports fecal coliform, the NSSP growing-area indicator",non_beach,Estuary,NJDEP_BMWM,NJ,NJDEP_BMWM-2717
NJDEP_BMWM-2717A,shellfish,"INFERRED: not a BEACH Act station and reports fecal coliform, the NSSP growing-area indicator",non_beach,Estuary,NJDEP_BMWM,NJ,NJDEP_BMWM-2717A
NJDEP_BMWM-2718,shellfish,"INFERRED: not a BEACH Act station and reports fecal coliform, the NSSP growing-area indicator",non_beach,Estuary,NJDEP_BMWM,NJ,NJDEP_BMWM-2718
NJDEP_BMWM-2718C,shellfish,"INFERRED: not a BEACH Act station and reports fecal coliform, the NSSP growing-area indicator",non_beach,Estuary,NJDEP_BMWM,NJ,NJDEP_BMWM-2718C
NJDEP_BMWM-2718E,shellfish,"INFERRED: not a BEACH Act station and reports fecal coliform, the NSSP growing-area indicator",non_beach,Estuary,NJDEP_BMWM,NJ,NJDEP_BMWM-2718E
NJDEP_BMWM-2719,shellfish,"INFERRED: not a BEACH Act station and reports fecal coliform, the NSSP growing-area indicator",non_beach,Estuary,NJDEP_BMWM,NJ,NJDEP_BMWM-2719
NJDEP_BMWM-2719A,shellfish,"INFERRED: not a BEACH Act station and reports fecal coliform, the NSSP growing-area indicator",non_beach,Estuary,NJDEP_BMWM,NJ,NJDEP_BMWM-2719A
NJDEP_BMWM-2719C,shellfish,"INFERRED: not a BEACH Act station and reports fecal coliform, the NSSP growing-area indicator",non_beach,Estuary,NJDEP_BMWM,NJ,NJDEP_BMWM-2719C
NJDEP_BMWM-2719D,shellfish,"INFERRED: not a BEACH Act station and reports fecal coliform, the NSSP growing-area indicator",non_beach,Estuary,NJDEP_BMWM,NJ,NJDEP_BMWM-2719D
NJDEP_BMWM-2719E,shellfish,"INFERRED: not a BEACH Act station and reports fecal coliform, the NSSP growing-area indicator",non_beach,Estuary,NJDEP_BMWM,NJ,NJDEP_BMWM-2719E
NJDEP_BMWM-2720A,shellfish,"INFERRED: not a BEACH Act station and reports fecal coliform, the NSSP growing-area indicator",non_beach,Estuary,NJDEP_BMWM,NJ,NJDEP_BMWM-2720A
NJDEP_BMWM-2720B,shellfish,"INFERRED: not a BEACH Act station and reports fecal coliform, the NSSP growing-area indicator",non_beach,Estuary,NJDEP_BMWM,NJ,NJDEP_BMWM-2720B
NJDEP_BMWM-2720C,shellfish,"INFERRED: not a BEACH Act station and reports fecal coliform, the NSSP growing-area indicator",non_beach,Estuary,NJDEP_BMWM,NJ,NJDEP_BMWM-2720C
NJDEP_BMWM-2721,shellfish,"INFERRED: not a BEACH Act station and reports fecal coliform, the NSSP growing-area indicator",non_beach,Estuary,NJDEP_BMWM,NJ,NJDEP_BMWM-2721
NJDEP_BMWM-2721A,shellfish,"INFERRED: not a BEACH Act station and reports fecal coliform, the NSSP growing-area indicator",non_beach,Estuary,NJDEP_BMWM,NJ,NJDEP_BMWM-2721A
NJDEP_BMWM-2721B,shellfish,"INFERRED: not a BEACH Act station and reports fecal coliform, the NSSP growing-area indicator",non_beach,Estuary,NJDEP_BMWM,NJ,NJDEP_BMWM-2721B
NJDEP_BMWM-2722,shellfish,"INFERRED: not a BEACH Act station and reports fecal coliform, the NSSP growing-area indicator",non_beach,Estuary,NJDEP_BMWM,NJ,NJDEP_BMWM-2722
NJDEP_BMWM-2722A,shellfish,"INFERRED: not a BEACH Act station and reports fecal coliform, the NSSP growing-area indicator",non_beach,Estuary,NJDEP_BMWM,NJ,NJDEP_BMWM-2722A
NJDEP_BMWM-2722B,shellfish,"INFERRED: not a BEACH Act station and reports fecal coliform, the NSSP growing-area indicator",non_beach,Estuary,NJDEP_BMWM,NJ,NJDEP_BMWM-2722B
NJDEP_BMWM-2722C,shellfish,"INFERRED: not a BEACH Act station and reports fecal coliform, the NSSP growing-area indicator",non_beach,Estuary,NJDEP_BMWM,NJ,NJDEP_BMWM-2722C
NJDEP_BMWM-2722D,shellfish,"INFERRED: not a BEACH Act station and reports fecal coliform, the NSSP growing-area indicator",non_beach,Estuary,NJDEP_BMWM,NJ,NJDEP_BMWM-2722D
NJDEP_BMWM-2722E,shellfish,"INFERRED: not a BEACH Act station and reports fecal coliform, the NSSP growing-area indicator",non_beach,Estuary,NJDEP_BMWM,NJ,NJDEP_BMWM-2722E
NJDEP_BMWM-2722F,shellfish,"INFERRED: not a BEACH Act station and reports fecal coliform, the NSSP growing-area indicator",non_beach,Estuary,NJDEP_BMWM,NJ,NJDEP_BMWM-2722F
NJDEP_BMWM-2723,shellfish,"INFERRED: not a BEACH Act station and reports fecal coliform, the NSSP growing-area indicator",non_beach,Estuary,NJDEP_BMWM,NJ,NJDEP_BMWM-2723
NJDEP_BMWM-2723A,shellfish,"INFERRED: not a BEACH Act station and reports fecal coliform, the NSSP growing-area indicator",non_beach,Estuary,NJDEP_BMWM,NJ,NJDEP_BMWM-2723A
NJDEP_BMWM-2723B,shellfish,"INFERRED: not a BEACH Act station and reports fecal coliform, the NSSP growing-area indicator",non_beach,Estuary,NJDEP_BMWM,NJ,NJDEP_BMWM-2723B
NJDEP_BMWM-2723C,shellfish,"INFERRED: not a BEACH Act station and reports fecal coliform, the NSSP growing-area indicator",non_beach,Estuary,NJDEP_BMWM,NJ,NJDEP_BMWM-2723C
NJDEP_BMWM-2723D,shellfish,"INFERRED: not a BEACH Act station and reports fecal coliform, the NSSP growing-area indicator",non_beach,Estuary,NJDEP_BMWM,NJ,NJDEP_BMWM-2723D
NJDEP_BMWM-2724A,shellfish,"INFERRED: not a BEACH Act station and reports fecal coliform, the NSSP growing-area indicator",non_beach,Estuary,NJDEP_BMWM,NJ,NJDEP_BMWM-2724A
NJDEP_BMWM-28,shellfish,"INFERRED: not a BEACH Act station and reports fecal coliform, the NSSP growing-area indicator",non_beach,Estuary,NJDEP_BMWM,NJ,NJDEP_BMWM-28
NJDEP_BMWM-2800,shellfish,"INFERRED: not a BEACH Act station and reports fecal coliform, the NSSP growing-area indicator",non_beach,Estuary,NJDEP_BMWM,NJ,NJDEP_BMWM-2800
NJDEP_BMWM-2800A,shellfish,"INFERRED: not a BEACH Act station and reports fecal coliform, the NSSP growing-area indicator",non_beach,Estuary,NJDEP_BMWM,NJ,NJDEP_BMWM-2800
NJDEP_BMWM-2800B,shellfish,"INFERRED: not a BEACH Act station and reports fecal coliform, the NSSP growing-area indicator",non_beach,Estuary,NJDEP_BMWM,NJ,NJDEP_BMWM-2800B
NJDEP_BMWM-2801,shellfish,"INFERRED: not a BEACH Act station and reports fecal coliform, the NSSP growing-area indicator",non_beach,Estuary,NJDEP_BMWM,NJ,NJDEP_BMWM-2801
NJDEP_BMWM-2801A,shellfish,"INFERRED: not a BEACH Act station and reports fecal coliform, the NSSP growing-area indicator",non_beach,Estuary,NJDEP_BMWM,NJ,NJDEP_BMWM-2801
NJDEP_BMWM-2802,shellfish,"INFERRED: not a BEACH Act station and reports fecal coliform, the NSSP growing-area indicator",non_beach,Estuary,NJDEP_BMWM,NJ,NJDEP_BMWM-2802
NJDEP_BMWM-2802A,shellfish,"INFERRED: not a BEACH Act station and reports fecal coliform, the NSSP growing-area indicator",non_beach,Estuary,NJDEP_BMWM,NJ,NJDEP_BMWM-2802A
NJDEP_BMWM-2802B,shellfish,"INFERRED: not a BEACH Act station and reports fecal coliform, the NSSP growing-area indicator",non_beach,Estuary,NJDEP_BMWM,NJ,NJDEP_BMWM-2802B
NJDEP_BMWM-2804,shellfish,"INFERRED: not a BEACH Act station and reports fecal coliform, the NSSP growing-area indicator",non_beach,Estuary,NJDEP_BMWM,NJ,NJDEP_BMWM-2804
NJDEP_BMWM-2804A,shellfish,"INFERRED: not a BEACH Act station and reports fecal coliform, the NSSP growing-area indicator",non_beach,Estuary,NJDEP_BMWM,NJ,NJDEP_BMWM-2804
NJDEP_BMWM-2810,shellfish,"INFERRED: not a BEACH Act station and reports fecal coliform, the NSSP growing-area indicator",non_beach,Estuary,NJDEP_BMWM,NJ,NJDEP_BMWM-2810
NJDEP_BMWM-2812,shellfish,"INFERRED: not a BEACH Act station and reports fecal coliform, the NSSP growing-area indicator",non_beach,Estuary,NJDEP_BMWM,NJ,NJDEP_BMWM-2812
NJDEP_BMWM-2863,shellfish,"INFERRED: not a BEACH Act station and reports fecal coliform, the NSSP growing-area indicator",non_beach,Estuary,NJDEP_BMWM,NJ,NJDEP_BMWM-2863
NJDEP_BMWM-2864,shellfish,"INFERRED: not a BEACH Act station and reports fecal coliform, the NSSP growing-area indicator",non_beach,Estuary,NJDEP_BMWM,NJ,NJDEP_BMWM-2864
NJDEP_BMWM-2864A,shellfish,"INFERRED: not a BEACH Act station and reports fecal coliform, the NSSP growing-area indicator",non_beach,Estuary,NJDEP_BMWM,NJ,NJDEP_BMWM-2864A
NJDEP_BMWM-2900,shellfish,"INFERRED: not a BEACH Act station and reports fecal coliform, the NSSP growing-area indicator",non_beach,Estuary,NJDEP_BMWM,NJ,NJDEP_BMWM-2900
NJDEP_BMWM-2900A,shellfish,"INFERRED: not a BEACH Act station and reports fecal coliform, the NSSP growing-area indicator",non_beach,Estuary,NJDEP_BMWM,NJ,NJDEP_BMWM-2900A
NJDEP_BMWM-2900B,shellfish,"INFERRED: not a BEACH Act station and reports fecal coliform, the NSSP growing-area indicator",non_beach,Estuary,NJDEP_BMWM,NJ,NJDEP_BMWM-2900B
NJDEP_BMWM-2900C,shellfish,"INFERRED: not a BEACH Act station and reports fecal coliform, the NSSP growing-area indicator",non_beach,Estuary,NJDEP_BMWM,NJ,NJDEP_BMWM-2900C
NJDEP_BMWM-2900D,shellfish,"INFERRED: not a BEACH Act station and reports fecal coliform, the NSSP growing-area indicator",non_beach,Estuary,NJDEP_BMWM,NJ,NJDEP_BMWM-2900D
NJDEP_BMWM-2900E,shellfish,"INFERRED: not a BEACH Act station and reports fecal coliform, the NSSP growing-area indicator",non_beach,Estuary,NJDEP_BMWM,NJ,NJDEP_BMWM-2900E
NJDEP_BMWM-2901,shellfish,"INFERRED: not a BEACH Act station and reports fecal coliform, the NSSP growing-area indicator",non_beach,Estuary,NJDEP_BMWM,NJ,NJDEP_BMWM-2901
NJDEP_BMWM-2901A,shellfish,"INFERRED: not a BEACH Act station and reports fecal coliform, the NSSP growing-area indicator",non_beach,Estuary,NJDEP_BMWM,NJ,NJDEP_BMWM-2901
NJDEP_BMWM-2901B,shellfish,"INFERRED: not a BEACH Act station and reports fecal coliform, the NSSP growing-area indicator",non_beach,Estuary,NJDEP_BMWM,NJ,NJDEP_BMWM-2901B
NJDEP_BMWM-2902,shellfish,"INFERRED: not a BEACH Act station and reports fecal coliform, the NSSP growing-area indicator",non_beach,Estuary,NJDEP_BMWM,NJ,NJDEP_BMWM-2902
NJDEP_BMWM-2902A,shellfish,"INFERRED: not a BEACH Act station and reports fecal coliform, the NSSP growing-area indicator",non_beach,Estuary,NJDEP_BMWM,NJ,NJDEP_BMWM-2902
NJDEP_BMWM-2903,shellfish,"INFERRED: not a BEACH Act station and reports fecal coliform, the NSSP growing-area indicator",non_beach,Estuary,NJDEP_BMWM,NJ,NJDEP_BMWM-2903
NJDEP_BMWM-29A,shellfish,"INFERRED: not a BEACH Act station and reports fecal coliform, the NSSP growing-area indicator",non_beach,Estuary,NJDEP_BMWM,NJ,NJDEP_BMWM-29A
NJDEP_BMWM-3000A,shellfish,"INFERRED: not a BEACH Act station and reports fecal coliform, the NSSP growing-area indicator",non_beach,Estuary,NJDEP_BMWM,NJ,NJDEP_BMWM-3000A
NJDEP_BMWM-3000B,shellfish,"INFERRED: not a BEACH Act station and reports fecal coliform, the NSSP growing-area indicator",non_beach,Estuary,NJDEP_BMWM,NJ,NJDEP_BMWM-3000B
NJDEP_BMWM-3001A,shellfish,"INFERRED: not a BEACH Act station and reports fecal coliform, the NSSP growing-area indicator",non_beach,Estuary,NJDEP_BMWM,NJ,NJDEP_BMWM-3001A
NJDEP_BMWM-3002,shellfish,"INFERRED: not a BEACH Act station and reports fecal coliform, the NSSP growing-area indicator",non_beach,Estuary,NJDEP_BMWM,NJ,NJDEP_BMWM-3002
NJDEP_BMWM-3002A,shellfish,"INFERRED: not a BEACH Act station and reports fecal coliform, the NSSP growing-area indicator",non_beach,Estuary,NJDEP_BMWM,NJ,NJDEP_BMWM-3002A
NJDEP_BMWM-3002B,shellfish,"INFERRED: not a BEACH Act station and reports fecal coliform, the NSSP growing-area indicator",non_beach,Estuary,NJDEP_BMWM,NJ,NJDEP_BMWM-3002B
NJDEP_BMWM-3002C,shellfish,"INFERRED: not a BEACH Act station and reports fecal coliform, the NSSP growing-area indicator",non_beach,Estuary,NJDEP_BMWM,NJ,NJDEP_BMWM-3002C
NJDEP_BMWM-3003,shellfish,"INFERRED: not a BEACH Act station and reports fecal coliform, the NSSP growing-area indicator",non_beach,Estuary,NJDEP_BMWM,NJ,NJDEP_BMWM-3003
NJDEP_BMWM-3003B,shellfish,"INFERRED: not a BEACH Act station and reports fecal coliform, the NSSP growing-area indicator",non_beach,Estuary,NJDEP_BMWM,NJ,NJDEP_BMWM-3003B
NJDEP_BMWM-3004,shellfish,"INFERRED: not a BEACH Act station and reports fecal coliform, the NSSP growing-area indicator",non_beach,Estuary,NJDEP_BMWM,NJ,NJDEP_BMWM-3004
NJDEP_BMWM-3004A,shellfish,"INFERRED: not a BEACH Act station and reports fecal coliform, the NSSP growing-area indicator",non_beach,Estuary,NJDEP_BMWM,NJ,NJDEP_BMWM-3004A
NJDEP_BMWM-3004B,shellfish,"INFERRED: not a BEACH Act station and reports fecal coliform, the NSSP growing-area indicator",non_beach,Estuary,NJDEP_BMWM,NJ,NJDEP_BMWM-3004B
NJDEP_BMWM-3005,shellfish,"INFERRED: not a BEACH Act station and reports fecal coliform, the NSSP growing-area indicator",non_beach,Estuary,NJDEP_BMWM,NJ,NJDEP_BMWM-3005
NJDEP_BMWM-3005A,shellfish,"INFERRED: not a BEACH Act station and reports fecal coliform, the NSSP growing-area indicator",non_beach,Estuary,NJDEP_BMWM,NJ,NJDEP_BMWM-3005A
NJDEP_BMWM-3006,shellfish,"INFERRED: not a BEACH Act station and reports fecal coliform, the NSSP growing-area indicator",non_beach,Estuary,NJDEP_BMWM,NJ,NJDEP_BMWM-3006
NJDEP_BMWM-3007A,shellfish,"INFERRED: not a BEACH Act station and reports fecal coliform, the NSSP growing-area indicator",non_beach,Estuary,NJDEP_BMWM,NJ,NJDEP_BMWM-3007A
NJDEP_BMWM-3007B,shellfish,"INFERRED: not a BEACH Act station and reports fecal coliform, the NSSP growing-area indicator",non_beach,Estuary,NJDEP_BMWM,NJ,NJDEP_BMWM-3007B
NJDEP_BMWM-3007C,shellfish,"INFERRED: not a BEACH Act station and reports fecal coliform, the NSSP growing-area indicator",non_beach,Estuary,NJDEP_BMWM,NJ,NJDEP_BMWM-3007C
NJDEP_BMWM-3008,shellfish,"INFERRED: not a BEACH Act station and reports fecal coliform, the NSSP growing-area indicator",non_beach,Estuary,NJDEP_BMWM,NJ,NJDEP_BMWM-3008
NJDEP_BMWM-3008A,shellfish,"INFERRED: not a BEACH Act station and reports fecal coliform, the NSSP growing-area indicator",non_beach,Estuary,NJDEP_BMWM,NJ,NJDEP_BMWM-3008A
NJDEP_BMWM-3008B,shellfish,"INFERRED: not a BEACH Act station and reports fecal coliform, the NSSP growing-area indicator",non_beach,Estuary,NJDEP_BMWM,NJ,NJDEP_BMWM-3008B
NJDEP_BMWM-3009,shellfish,"INFERRED: not a BEACH Act station and reports fecal coliform, the NSSP growing-area indicator",non_beach,Estuary,NJDEP_BMWM,NJ,NJDEP_BMWM-3009
NJDEP_BMWM-3010,shellfish,"INFERRED: not a BEACH Act station and reports fecal coliform, the NSSP growing-area indicator",non_beach,Estuary,NJDEP_BMWM,NJ,NJDEP_BMWM-3010
NJDEP_BMWM-3011,shellfish,"INFERRED: not a BEACH Act station and reports fecal coliform, the NSSP growing-area indicator",non_beach,Estuary,NJDEP_BMWM,NJ,NJDEP_BMWM-3011
NJDEP_BMWM-3011A,shellfish,"INFERRED: not a BEACH Act station and reports fecal coliform, the NSSP growing-area indicator",non_beach,Estuary,NJDEP_BMWM,NJ,NJDEP_BMWM-3011A
NJDEP_BMWM-3100,shellfish,"INFERRED: not a BEACH Act station and reports fecal coliform, the NSSP growing-area indicator",non_beach,Estuary,NJDEP_BMWM,NJ,NJDEP_BMWM-3100
NJDEP_BMWM-3101,shellfish,"INFERRED: not a BEACH Act station and reports fecal coliform, the NSSP growing-area indicator",non_beach,Estuary,NJDEP_BMWM,NJ,NJDEP_BMWM-3101
NJDEP_BMWM-3101A,shellfish,"INFERRED: not a BEACH Act station and reports fecal coliform, the NSSP growing-area indicator",non_beach,Estuary,NJDEP_BMWM,NJ,NJDEP_BMWM-3101A
NJDEP_BMWM-3101B,shellfish,"INFERRED: not a BEACH Act station and reports fecal coliform, the NSSP growing-area indicator",non_beach,Estuary,NJDEP_BMWM,NJ,NJDEP_BMWM-3101B
NJDEP_BMWM-3102,shellfish,"INFERRED: not a BEACH Act station and reports fecal coliform, the NSSP growing-area indicator",non_beach,Estuary,NJDEP_BMWM,NJ,NJDEP_BMWM-3102
NJDEP_BMWM-3102A,shellfish,"INFERRED: not a BEACH Act station and reports fecal coliform, the NSSP growing-area indicator",non_beach,Estuary,NJDEP_BMWM,NJ,NJDEP_BMWM-3102A
NJDEP_BMWM-3103A,shellfish,"INFERRED: not a BEACH Act station and reports fecal coliform, the NSSP growing-area indicator",non_beach,Estuary,NJDEP_BMWM,NJ,NJDEP_BMWM-3102
NJDEP_BMWM-3104D,shellfish,"INFERRED: not a BEACH Act station and reports fecal coliform, the NSSP growing-area indicator",non_beach,Estuary,NJDEP_BMWM,NJ,NJDEP_BMWM-3104D
NJDEP_BMWM-3104E,shellfish,"INFERRED: not a BEACH Act station and reports fecal coliform, the NSSP growing-area indicator",non_beach,Estuary,NJDEP_BMWM,NJ,NJDEP_BMWM-3104D
NJDEP_BMWM-3106A,shellfish,"INFERRED: not a BEACH Act station and reports fecal coliform, the NSSP growing-area indicator",non_beach,Estuary,NJDEP_BMWM,NJ,NJDEP_BMWM-3106A
NJDEP_BMWM-3107,shellfish,"INFERRED: not a BEACH Act station and reports fecal coliform, the NSSP growing-area indicator",non_beach,Estuary,NJDEP_BMWM,NJ,NJDEP_BMWM-3107
NJDEP_BMWM-3107A,shellfish,"INFERRED: not a BEACH Act station and reports fecal coliform, the NSSP growing-area indicator",non_beach,Estuary,NJDEP_BMWM,NJ,NJDEP_BMWM-3107A
NJDEP_BMWM-3108A,shellfish,"INFERRED: not a BEACH Act station and reports fecal coliform, the NSSP growing-area indicator",non_beach,Estuary,NJDEP_BMWM,NJ,NJDEP_BMWM-3108A
NJDEP_BMWM-3108B,shellfish,"INFERRED: not a BEACH Act station and reports fecal coliform, the NSSP growing-area indicator",non_beach,Estuary,NJDEP_BMWM,NJ,NJDEP_BMWM-3108B
NJDEP_BMWM-3109,shellfish,"INFERRED: not a BEACH Act station and reports fecal coliform, the NSSP growing-area indicator",non_beach,Estuary,NJDEP_BMWM,NJ,NJDEP_BMWM-3109
NJDEP_BMWM-3109A,shellfish,"INFERRED: not a BEACH Act station and reports fecal coliform, the NSSP growing-area indicator",non_beach,Estuary,NJDEP_BMWM,NJ,NJDEP_BMWM-3109
NJDEP_BMWM-3110,shellfish,"INFERRED: not a BEACH Act station and reports fecal coliform, the NSSP growing-area indicator",non_beach,Estuary,NJDEP_BMWM,NJ,NJDEP_BMWM-3110
NJDEP_BMWM-3110A,shellfish,"INFERRED: not a BEACH Act station and reports fecal coliform, the NSSP growing-area indicator",non_beach,Estuary,NJDEP_BMWM,NJ,NJDEP_BMWM-3110
NJDEP_BMWM-3111,shellfish,"INFERRED: not a BEACH Act station and reports fecal coliform, the NSSP growing-area indicator",non_beach,Estuary,NJDEP_BMWM,NJ,NJDEP_BMWM-3111
NJDEP_BMWM-3111C,shellfish,"INFERRED: not a BEACH Act station and reports fecal coliform, the NSSP growing-area indicator",non_beach,Estuary,NJDEP_BMWM,NJ,NJDEP_BMWM-3111C
NJDEP_BMWM-3112B,shellfish,"INFERRED: not a BEACH Act station and reports fecal coliform, the NSSP growing-area indicator",non_beach,Estuary,NJDEP_BMWM,NJ,NJDEP_BMWM-3112B
NJDEP_BMWM-3112D,shellfish,"INFERRED: not a BEACH Act station and reports fecal coliform, the NSSP growing-area indicator",non_beach,Estuary,NJDEP_BMWM,NJ,NJDEP_BMWM-3112D
NJDEP_BMWM-3113B,shellfish,"INFERRED: not a BEACH Act station and reports fecal coliform, the NSSP growing-area indicator",non_beach,Estuary,NJDEP_BMWM,NJ,NJDEP_BMWM-3113B
NJDEP_BMWM-3113C,shellfish,"INFERRED: not a BEACH Act station and reports fecal coliform, the NSSP growing-area indicator",non_beach,Estuary,NJDEP_BMWM,NJ,NJDEP_BMWM-3113C
NJDEP_BMWM-3113E,shellfish,"INFERRED: not a BEACH Act station and reports fecal coliform, the NSSP growing-area indicator",non_beach,Estuary,NJDEP_BMWM,NJ,NJDEP_BMWM-3113E
NJDEP_BMWM-3114A,shellfish,"INFERRED: not a BEACH Act station and reports fecal coliform, the NSSP growing-area indicator",non_beach,Estuary,NJDEP_BMWM,NJ,NJDEP_BMWM-3114A
NJDEP_BMWM-3115,shellfish,"INFERRED: not a BEACH Act station and reports fecal coliform, the NSSP growing-area indicator",non_beach,Estuary,NJDEP_BMWM,NJ,NJDEP_BMWM-3115
NJDEP_BMWM-3115A,shellfish,"INFERRED: not a BEACH Act station and reports fecal coliform, the NSSP growing-area indicator",non_beach,Estuary,NJDEP_BMWM,NJ,NJDEP_BMWM-3115
NJDEP_BMWM-3116A,shellfish,"INFERRED: not a BEACH Act station and reports fecal coliform, the NSSP growing-area indicator",non_beach,Estuary,NJDEP_BMWM,NJ,NJDEP_BMWM-3116A
NJDEP_BMWM-3117,shellfish,"INFERRED: not a BEACH Act station and reports fecal coliform, the NSSP growing-area indicator",non_beach,Estuary,NJDEP_BMWM,NJ,NJDEP_BMWM-3117
NJDEP_BMWM-3117B,shellfish,"INFERRED: not a BEACH Act station and reports fecal coliform, the NSSP growing-area indicator",non_beach,Estuary,NJDEP_BMWM,NJ,NJDEP_BMWM-3117B
NJDEP_BMWM-3118,shellfish,"INFERRED: not a BEACH Act station and reports fecal coliform, the NSSP growing-area indicator",non_beach,Estuary,NJDEP_BMWM,NJ,NJDEP_BMWM-3118
NJDEP_BMWM-3119,shellfish,"INFERRED: not a BEACH Act station and reports fecal coliform, the NSSP growing-area indicator",non_beach,Estuary,NJDEP_BMWM,NJ,NJDEP_BMWM-3119
NJDEP_BMWM-3120,shellfish,"INFERRED: not a BEACH Act station and reports fecal coliform, the NSSP growing-area indicator",non_beach,Estuary,NJDEP_BMWM,NJ,NJDEP_BMWM-3120
NJDEP_BMWM-3120A,shellfish,"INFERRED: not a BEACH Act station and reports fecal coliform, the NSSP growing-area indicator",non_beach,Estuary,NJDEP_BMWM,NJ,NJDEP_BMWM-3120
NJDEP_BMWM-3121,shellfish,"INFERRED: not a BEACH Act station and reports fecal coliform, the NSSP growing-area indicator",non_beach,Estuary,NJDEP_BMWM,NJ,NJDEP_BMWM-3121
NJDEP_BMWM-3122,shellfish,"INFERRED: not a BEACH Act station and reports fecal coliform, the NSSP growing-area indicator",non_beach,Estuary,NJDEP_BMWM,NJ,NJDEP_BMWM-3122
NJDEP_BMWM-3123,shellfish,"INFERRED: not a BEACH Act station and reports fecal coliform, the NSSP growing-area indicator",non_beach,Estuary,NJDEP_BMWM,NJ,NJDEP_BMWM-3123
NJDEP_BMWM-3124,shellfish,"INFERRED: not a BEACH Act station and reports fecal coliform, the NSSP growing-area indicator",non_beach,Estuary,NJDEP_BMWM,NJ,NJDEP_BMWM-3124
NJDEP_BMWM-3125,shellfish,"INFERRED: not a BEACH Act station and reports fecal coliform, the NSSP growing-area indicator",non_beach,Estuary,NJDEP_BMWM,NJ,NJDEP_BMWM-3125
NJDEP_BMWM-3126,shellfish,"INFERRED: not a BEACH Act station and reports fecal coliform, the NSSP growing-area indicator",non_beach,Estuary,NJDEP_BMWM,NJ,NJDEP_BMWM-3126
NJDEP_BMWM-3126A,shellfish,"INFERRED: not a BEACH Act station and reports fecal coliform, the NSSP growing-area indicator",non_beach,Estuary,NJDEP_BMWM,NJ,NJDEP_BMWM-3126A
NJDEP_BMWM-3126B,shellfish,"INFERRED: not a BEACH Act station and reports fecal coliform, the NSSP growing-area indicator",non_beach,Estuary,NJDEP_BMWM,NJ,NJDEP_BMWM-3126B
NJDEP_BMWM-3126C,shellfish,"INFERRED: not a BEACH Act station and reports fecal coliform, the NSSP growing-area indicator",non_beach,Estuary,NJDEP_BMWM,NJ,NJDEP_BMWM-3126C
NJDEP_BMWM-3127B,shellfish,"INFERRED: not a BEACH Act station and reports fecal coliform, the NSSP growing-area indicator",non_beach,Estuary,NJDEP_BMWM,NJ,NJDEP_BMWM-3127B
NJDEP_BMWM-3127C,shellfish,"INFERRED: not a BEACH Act station and reports fecal coliform, the NSSP growing-area indicator",non_beach,Estuary,NJDEP_BMWM,NJ,NJDEP_BMWM-3127C
NJDEP_BMWM-3127D,shellfish,"INFERRED: not a BEACH Act station and reports fecal coliform, the NSSP growing-area indicator",non_beach,Estuary,NJDEP_BMWM,NJ,NJDEP_BMWM-3127D
NJDEP_BMWM-3128B,shellfish,"INFERRED: not a BEACH Act station and reports fecal coliform, the NSSP growing-area indicator",non_beach,Estuary,NJDEP_BMWM,NJ,NJDEP_BMWM-3128B
NJDEP_BMWM-3128C,shellfish,"INFERRED: not a BEACH Act station and reports fecal coliform, the NSSP growing-area indicator",non_beach,Estuary,NJDEP_BMWM,NJ,NJDEP_BMWM-3128C
NJDEP_BMWM-3128D,shellfish,"INFERRED: not a BEACH Act station and reports fecal coliform, the NSSP growing-area indicator",non_beach,Estuary,NJDEP_BMWM,NJ,NJDEP_BMWM-3128D
NJDEP_BMWM-3129A,shellfish,"INFERRED: not a BEACH Act station and reports fecal coliform, the NSSP growing-area indicator",non_beach,Estuary,NJDEP_BMWM,NJ,NJDEP_BMWM-3129A
NJDEP_BMWM-3129B,shellfish,"INFERRED: not a BEACH Act station and reports fecal coliform, the NSSP growing-area indicator",non_beach,Estuary,NJDEP_BMWM,NJ,NJDEP_BMWM-3129B
NJDEP_BMWM-3130,shellfish,"INFERRED: not a BEACH Act station and reports fecal coliform, the NSSP growing-area indicator",non_beach,Estuary,NJDEP_BMWM,NJ,NJDEP_BMWM-3130
NJDEP_BMWM-3130B,shellfish,"INFERRED: not a BEACH Act station and reports fecal coliform, the NSSP growing-area indicator",non_beach,Estuary,NJDEP_BMWM,NJ,NJDEP_BMWM-3130B
NJDEP_BMWM-3130C,shellfish,"INFERRED: not a BEACH Act station and reports fecal coliform, the NSSP growing-area indicator",non_beach,Estuary,NJDEP_BMWM,NJ,NJDEP_BMWM-3130C
NJDEP_BMWM-3133,shellfish,"INFERRED: not a BEACH Act station and reports fecal coliform, the NSSP growing-area indicator",non_beach,Estuary,NJDEP_BMWM,NJ,NJDEP_BMWM-3133
NJDEP_BMWM-3133A,shellfish,"INFERRED: not a BEACH Act station and reports fecal coliform, the NSSP growing-area indicator",non_beach,Estuary,NJDEP_BMWM,NJ,NJDEP_BMWM-3133A
NJDEP_BMWM-3134,shellfish,"INFERRED: not a BEACH Act station and reports fecal coliform, the NSSP growing-area indicator",non_beach,Estuary,NJDEP_BMWM,NJ,NJDEP_BMWM-3134
NJDEP_BMWM-3134A,shellfish,"INFERRED: not a BEACH Act station and reports fecal coliform, the NSSP growing-area indicator",non_beach,Estuary,NJDEP_BMWM,NJ,NJDEP_BMWM-3134A
NJDEP_BMWM-3134C,shellfish,"INFERRED: not a BEACH Act station and reports fecal coliform, the NSSP growing-area indicator",non_beach,Estuary,NJDEP_BMWM,NJ,NJDEP_BMWM-3134C
NJDEP_BMWM-3135,shellfish,"INFERRED: not a BEACH Act station and reports fecal coliform, the NSSP growing-area indicator",non_beach,Estuary,NJDEP_BMWM,NJ,NJDEP_BMWM-3135
NJDEP_BMWM-3135A,shellfish,"INFERRED: not a BEACH Act station and reports fecal coliform, the NSSP growing-area indicator",non_beach,Estuary,NJDEP_BMWM,NJ,NJDEP_BMWM-3135A
NJDEP_BMWM-3136,shellfish,"INFERRED: not a BEACH Act station and reports fecal coliform, the NSSP growing-area indicator",non_beach,Estuary,NJDEP_BMWM,NJ,NJDEP_BMWM-3136
NJDEP_BMWM-3136B,shellfish,"INFERRED: not a BEACH Act station and reports fecal coliform, the NSSP growing-area indicator",non_beach,Estuary,NJDEP_BMWM,NJ,NJDEP_BMWM-3136
NJDEP_BMWM-3137,shellfish,"INFERRED: not a BEACH Act station and reports fecal coliform, the NSSP growing-area indicator",non_beach,Estuary,NJDEP_BMWM,NJ,NJDEP_BMWM-3137
NJDEP_BMWM-3138,shellfish,"INFERRED: not a BEACH Act station and reports fecal coliform, the NSSP growing-area indicator",non_beach,Estuary,NJDEP_BMWM,NJ,NJDEP_BMWM-3138
NJDEP_BMWM-3201,unclassified,"neither: no BEACH Act type, no beach neighbour, no fittable fecal coliform",non_beach,Estuary,NJDEP_BMWM,NJ,NJDEP_BMWM-3201
NJDEP_BMWM-3202,shellfish,"INFERRED: not a BEACH Act station and reports fecal coliform, the NSSP growing-area indicator",non_beach,Estuary,NJDEP_BMWM,NJ,NJDEP_BMWM-3202
NJDEP_BMWM-3203A,shellfish,"INFERRED: not a BEACH Act station and reports fecal coliform, the NSSP growing-area indicator",non_beach,Estuary,NJDEP_BMWM,NJ,NJDEP_BMWM-3203A
NJDEP_BMWM-3205,shellfish,"INFERRED: not a BEACH Act station and reports fecal coliform, the NSSP growing-area indicator",non_beach,Estuary,NJDEP_BMWM,NJ,NJDEP_BMWM-3205
NJDEP_BMWM-3206,shellfish,"INFERRED: not a BEACH Act station and reports fecal coliform, the NSSP growing-area indicator",non_beach,Estuary,NJDEP_BMWM,NJ,NJDEP_BMWM-3206
NJDEP_BMWM-3206B,shellfish,"INFERRED: not a BEACH Act station and reports fecal coliform, the NSSP growing-area indicator",non_beach,Estuary,NJDEP_BMWM,NJ,NJDEP_BMWM-3206B
NJDEP_BMWM-3206E,shellfish,"INFERRED: not a BEACH Act station and reports fecal coliform, the NSSP growing-area indicator",non_beach,Estuary,NJDEP_BMWM,NJ,NJDEP_BMWM-3206E
NJDEP_BMWM-3207,shellfish,"INFERRED: not a BEACH Act station and reports fecal coliform, the NSSP growing-area indicator",non_beach,Estuary,NJDEP_BMWM,NJ,NJDEP_BMWM-3207
NJDEP_BMWM-3207B,shellfish,"INFERRED: not a BEACH Act station and reports fecal coliform, the NSSP growing-area indicator",non_beach,Estuary,NJDEP_BMWM,NJ,NJDEP_BMWM-3207B
NJDEP_BMWM-3207C,shellfish,"INFERRED: not a BEACH Act station and reports fecal coliform, the NSSP growing-area indicator",non_beach,Estuary,NJDEP_BMWM,NJ,NJDEP_BMWM-3207C
NJDEP_BMWM-3208,shellfish,"INFERRED: not a BEACH Act station and reports fecal coliform, the NSSP growing-area indicator",non_beach,Estuary,NJDEP_BMWM,NJ,NJDEP_BMWM-3208
NJDEP_BMWM-3208B,shellfish,"INFERRED: not a BEACH Act station and reports fecal coliform, the NSSP growing-area indicator",non_beach,Estuary,NJDEP_BMWM,NJ,NJDEP_BMWM-3208B
NJDEP_BMWM-3208D,shellfish,"INFERRED: not a BEACH Act station and reports fecal coliform, the NSSP growing-area indicator",non_beach,Estuary,NJDEP_BMWM,NJ,NJDEP_BMWM-3208D
NJDEP_BMWM-3209,shellfish,"INFERRED: not a BEACH Act station and reports fecal coliform, the NSSP growing-area indicator",non_beach,Estuary,NJDEP_BMWM,NJ,NJDEP_BMWM-3209
NJDEP_BMWM-3209A,shellfish,"INFERRED: not a BEACH Act station and reports fecal coliform, the NSSP growing-area indicator",non_beach,Estuary,NJDEP_BMWM,NJ,NJDEP_BMWM-3209A
NJDEP_BMWM-3210,shellfish,"INFERRED: not a BEACH Act station and reports fecal coliform, the NSSP growing-area indicator",non_beach,Estuary,NJDEP_BMWM,NJ,NJDEP_BMWM-3210
NJDEP_BMWM-3211,shellfish,"INFERRED: not a BEACH Act station and reports fecal coliform, the NSSP growing-area indicator",non_beach,Estuary,NJDEP_BMWM,NJ,NJDEP_BMWM-3211
NJDEP_BMWM-3211A,shellfish,"INFERRED: not a BEACH Act station and reports fecal coliform, the NSSP growing-area indicator",non_beach,Estuary,NJDEP_BMWM,NJ,NJDEP_BMWM-3211A
NJDEP_BMWM-3212,shellfish,"INFERRED: not a BEACH Act station and reports fecal coliform, the NSSP growing-area indicator",non_beach,Estuary,NJDEP_BMWM,NJ,NJDEP_BMWM-3212
NJDEP_BMWM-3212A,shellfish,"INFERRED: not a BEACH Act station and reports fecal coliform, the NSSP growing-area indicator",non_beach,Estuary,NJDEP_BMWM,NJ,NJDEP_BMWM-3212A
NJDEP_BMWM-3213,shellfish,"INFERRED: not a BEACH Act station and reports fecal coliform, the NSSP growing-area indicator",non_beach,Estuary,NJDEP_BMWM,NJ,NJDEP_BMWM-3213
NJDEP_BMWM-3214B,shellfish,"INFERRED: not a BEACH Act station and reports fecal coliform, the NSSP growing-area indicator",non_beach,Estuary,NJDEP_BMWM,NJ,NJDEP_BMWM-3214B
NJDEP_BMWM-3215A,shellfish,"INFERRED: not a BEACH Act station and reports fecal coliform, the NSSP growing-area indicator",non_beach,Estuary,NJDEP_BMWM,NJ,NJDEP_BMWM-3215A
NJDEP_BMWM-3216,shellfish,"INFERRED: not a BEACH Act station and reports fecal coliform, the NSSP growing-area indicator",non_beach,Estuary,NJDEP_BMWM,NJ,NJDEP_BMWM-3216
NJDEP_BMWM-3216B,shellfish,"INFERRED: not a BEACH Act station and reports fecal coliform, the NSSP growing-area indicator",non_beach,Estuary,NJDEP_BMWM,NJ,NJDEP_BMWM-3216B
NJDEP_BMWM-3217,shellfish,"INFERRED: not a BEACH Act station and reports fecal coliform, the NSSP growing-area indicator",non_beach,Estuary,NJDEP_BMWM,NJ,NJDEP_BMWM-3217
NJDEP_BMWM-3217A,shellfish,"INFERRED: not a BEACH Act station and reports fecal coliform, the NSSP growing-area indicator",non_beach,Estuary,NJDEP_BMWM,NJ,NJDEP_BMWM-3217A
NJDEP_BMWM-3218,shellfish,"INFERRED: not a BEACH Act station and reports fecal coliform, the NSSP growing-area indicator",non_beach,Estuary,NJDEP_BMWM,NJ,NJDEP_BMWM-3218
NJDEP_BMWM-3219,shellfish,"INFERRED: not a BEACH Act station and reports fecal coliform, the NSSP growing-area indicator",non_beach,Estuary,NJDEP_BMWM,NJ,NJDEP_BMWM-3219
NJDEP_BMWM-3219A,shellfish,"INFERRED: not a BEACH Act station and reports fecal coliform, the NSSP growing-area indicator",non_beach,Estuary,NJDEP_BMWM,NJ,NJDEP_BMWM-3219A
NJDEP_BMWM-3219B,shellfish,"INFERRED: not a BEACH Act station and reports fecal coliform, the NSSP growing-area indicator",non_beach,Estuary,NJDEP_BMWM,NJ,NJDEP_BMWM-3219B
NJDEP_BMWM-3219C,shellfish,"INFERRED: not a BEACH Act station and reports fecal coliform, the NSSP growing-area indicator",non_beach,Estuary,NJDEP_BMWM,NJ,NJDEP_BMWM-3219C
NJDEP_BMWM-3219E,shellfish,"INFERRED: not a BEACH Act station and reports fecal coliform, the NSSP growing-area indicator",non_beach,Estuary,NJDEP_BMWM,NJ,NJDEP_BMWM-3219E
NJDEP_BMWM-3219F,shellfish,"INFERRED: not a BEACH Act station and reports fecal coliform, the NSSP growing-area indicator",non_beach,Estuary,NJDEP_BMWM,NJ,NJDEP_BMWM-3219F
NJDEP_BMWM-3219G,shellfish,"INFERRED: not a BEACH Act station and reports fecal coliform, the NSSP growing-area indicator",non_beach,Estuary,NJDEP_BMWM,NJ,NJDEP_BMWM-3219G
NJDEP_BMWM-3220,shellfish,"INFERRED: not a BEACH Act station and reports fecal coliform, the NSSP growing-area indicator",non_beach,Estuary,NJDEP_BMWM,NJ,NJDEP_BMWM-3220
NJDEP_BMWM-3220A,shellfish,"INFERRED: not a BEACH Act station and reports fecal coliform, the NSSP growing-area indicator",non_beach,Estuary,NJDEP_BMWM,NJ,NJDEP_BMWM-3220A
NJDEP_BMWM-3220B,shellfish,"INFERRED: not a BEACH Act station and reports fecal coliform, the NSSP growing-area indicator",non_beach,Estuary,NJDEP_BMWM,NJ,NJDEP_BMWM-3220B
NJDEP_BMWM-3221,shellfish,"INFERRED: not a BEACH Act station and reports fecal coliform, the NSSP growing-area indicator",non_beach,Estuary,NJDEP_BMWM,NJ,NJDEP_BMWM-3221
NJDEP_BMWM-3221B,shellfish,"INFERRED: not a BEACH Act station and reports fecal coliform, the NSSP growing-area indicator",non_beach,Estuary,NJDEP_BMWM,NJ,NJDEP_BMWM-3221B
NJDEP_BMWM-3222,shellfish,"INFERRED: not a BEACH Act station and reports fecal coliform, the NSSP growing-area indicator",non_beach,Estuary,NJDEP_BMWM,NJ,NJDEP_BMWM-3222
NJDEP_BMWM-3224,shellfish,"INFERRED: not a BEACH Act station and reports fecal coliform, the NSSP growing-area indicator",non_beach,Estuary,NJDEP_BMWM,NJ,NJDEP_BMWM-3224
NJDEP_BMWM-3225,shellfish,"INFERRED: not a BEACH Act station and reports fecal coliform, the NSSP growing-area indicator",non_beach,Estuary,NJDEP_BMWM,NJ,NJDEP_BMWM-3225
NJDEP_BMWM-3225A,shellfish,"INFERRED: not a BEACH Act station and reports fecal coliform, the NSSP growing-area indicator",non_beach,Estuary,NJDEP_BMWM,NJ,NJDEP_BMWM-3225A
NJDEP_BMWM-3300,shellfish,"INFERRED: not a BEACH Act station and reports fecal coliform, the NSSP growing-area indicator",non_beach,Estuary,NJDEP_BMWM,NJ,NJDEP_BMWM-3300
NJDEP_BMWM-3300B,shellfish,"INFERRED: not a BEACH Act station and reports fecal coliform, the NSSP growing-area indicator",non_beach,Estuary,NJDEP_BMWM,NJ,NJDEP_BMWM-3300B
NJDEP_BMWM-3300D,shellfish,"INFERRED: not a BEACH Act station and reports fecal coliform, the NSSP growing-area indicator",non_beach,Estuary,NJDEP_BMWM,NJ,NJDEP_BMWM-3300D
NJDEP_BMWM-3301,shellfish,"INFERRED: not a BEACH Act station and reports fecal coliform, the NSSP growing-area indicator",non_beach,Estuary,NJDEP_BMWM,NJ,NJDEP_BMWM-3301
NJDEP_BMWM-3301C,shellfish,"INFERRED: not a BEACH Act station and reports fecal coliform, the NSSP growing-area indicator",non_beach,Estuary,NJDEP_BMWM,NJ,NJDEP_BMWM-3301C
NJDEP_BMWM-3302,shellfish,"INFERRED: not a BEACH Act station and reports fecal coliform, the NSSP growing-area indicator",non_beach,Estuary,NJDEP_BMWM,NJ,NJDEP_BMWM-3302
NJDEP_BMWM-3302A,shellfish,"INFERRED: not a BEACH Act station and reports fecal coliform, the NSSP growing-area indicator",non_beach,Estuary,NJDEP_BMWM,NJ,NJDEP_BMWM-3302A
NJDEP_BMWM-3303A,shellfish,"INFERRED: not a BEACH Act station and reports fecal coliform, the NSSP growing-area indicator",non_beach,Estuary,NJDEP_BMWM,NJ,NJDEP_BMWM-3303A
NJDEP_BMWM-3303B,shellfish,"INFERRED: not a BEACH Act station and reports fecal coliform, the NSSP growing-area indicator",non_beach,Estuary,NJDEP_BMWM,NJ,NJDEP_BMWM-3303B
NJDEP_BMWM-3305,shellfish,"INFERRED: not a BEACH Act station and reports fecal coliform, the NSSP growing-area indicator",non_beach,Estuary,NJDEP_BMWM,NJ,NJDEP_BMWM-3305
NJDEP_BMWM-3305A,shellfish,"INFERRED: not a BEACH Act station and reports fecal coliform, the NSSP growing-area indicator",non_beach,Estuary,NJDEP_BMWM,NJ,NJDEP_BMWM-3305A
NJDEP_BMWM-3305B,shellfish,"INFERRED: not a BEACH Act station and reports fecal coliform, the NSSP growing-area indicator",non_beach,Estuary,NJDEP_BMWM,NJ,NJDEP_BMWM-3305B
NJDEP_BMWM-3305D,shellfish,"INFERRED: not a BEACH Act station and reports fecal coliform, the NSSP growing-area indicator",non_beach,Estuary,NJDEP_BMWM,NJ,NJDEP_BMWM-3305D
NJDEP_BMWM-3305E,shellfish,"INFERRED: not a BEACH Act station and reports fecal coliform, the NSSP growing-area indicator",non_beach,Estuary,NJDEP_BMWM,NJ,NJDEP_BMWM-3305E
NJDEP_BMWM-3306,shellfish,"INFERRED: not a BEACH Act station and reports fecal coliform, the NSSP growing-area indicator",non_beach,Estuary,NJDEP_BMWM,NJ,NJDEP_BMWM-3306
NJDEP_BMWM-3306C,shellfish,"INFERRED: not a BEACH Act station and reports fecal coliform, the NSSP growing-area indicator",non_beach,Estuary,NJDEP_BMWM,NJ,NJDEP_BMWM-3306C
NJDEP_BMWM-3306E,shellfish,"INFERRED: not a BEACH Act station and reports fecal coliform, the NSSP growing-area indicator",non_beach,Estuary,NJDEP_BMWM,NJ,NJDEP_BMWM-3306E
NJDEP_BMWM-3306F,shellfish,"INFERRED: not a BEACH Act station and reports fecal coliform, the NSSP growing-area indicator",non_beach,Estuary,NJDEP_BMWM,NJ,NJDEP_BMWM-3306F
NJDEP_BMWM-3307,shellfish,"INFERRED: not a BEACH Act station and reports fecal coliform, the NSSP growing-area indicator",non_beach,Estuary,NJDEP_BMWM,NJ,NJDEP_BMWM-3307
NJDEP_BMWM-3307C,shellfish,"INFERRED: not a BEACH Act station and reports fecal coliform, the NSSP growing-area indicator",non_beach,Estuary,NJDEP_BMWM,NJ,NJDEP_BMWM-3307C
NJDEP_BMWM-3307H,shellfish,"INFERRED: not a BEACH Act station and reports fecal coliform, the NSSP growing-area indicator",non_beach,Estuary,NJDEP_BMWM,NJ,NJDEP_BMWM-3307H
NJDEP_BMWM-3307I,shellfish,"INFERRED: not a BEACH Act station and reports fecal coliform, the NSSP growing-area indicator",non_beach,Estuary,NJDEP_BMWM,NJ,NJDEP_BMWM-3307I
NJDEP_BMWM-3307J,shellfish,"INFERRED: not a BEACH Act station and reports fecal coliform, the NSSP growing-area indicator",non_beach,Estuary,NJDEP_BMWM,NJ,NJDEP_BMWM-3307J
NJDEP_BMWM-3307K,shellfish,"INFERRED: not a BEACH Act station and reports fecal coliform, the NSSP growing-area indicator",non_beach,Estuary,NJDEP_BMWM,NJ,NJDEP_BMWM-3307K
NJDEP_BMWM-3307N,shellfish,"INFERRED: not a BEACH Act station and reports fecal coliform, the NSSP growing-area indicator",non_beach,Estuary,NJDEP_BMWM,NJ,NJDEP_BMWM-3307N
NJDEP_BMWM-3307P,shellfish,"INFERRED: not a BEACH Act station and reports fecal coliform, the NSSP growing-area indicator",non_beach,Estuary,NJDEP_BMWM,NJ,NJDEP_BMWM-3307P
NJDEP_BMWM-3307V,shellfish,"INFERRED: not a BEACH Act station and reports fecal coliform, the NSSP growing-area indicator",non_beach,Estuary,NJDEP_BMWM,NJ,NJDEP_BMWM-3307V
NJDEP_BMWM-3308,shellfish,"INFERRED: not a BEACH Act station and reports fecal coliform, the NSSP growing-area indicator",non_beach,Estuary,NJDEP_BMWM,NJ,NJDEP_BMWM-3308
NJDEP_BMWM-3308B,shellfish,"INFERRED: not a BEACH Act station and reports fecal coliform, the NSSP growing-area indicator",non_beach,Estuary,NJDEP_BMWM,NJ,NJDEP_BMWM-3308B
NJDEP_BMWM-3308E,shellfish,"INFERRED: not a BEACH Act station and reports fecal coliform, the NSSP growing-area indicator",non_beach,Estuary,NJDEP_BMWM,NJ,NJDEP_BMWM-3308E
NJDEP_BMWM-3309,shellfish,"INFERRED: not a BEACH Act station and reports fecal coliform, the NSSP growing-area indicator",non_beach,Estuary,NJDEP_BMWM,NJ,NJDEP_BMWM-3309
NJDEP_BMWM-3309B,shellfish,"INFERRED: not a BEACH Act station and reports fecal coliform, the NSSP growing-area indicator",non_beach,Estuary,NJDEP_BMWM,NJ,NJDEP_BMWM-3309B
NJDEP_BMWM-3309D,shellfish,"INFERRED: not a BEACH Act station and reports fecal coliform, the NSSP growing-area indicator",non_beach,Estuary,NJDEP_BMWM,NJ,NJDEP_BMWM-3309D
NJDEP_BMWM-3309E,shellfish,"INFERRED: not a BEACH Act station and reports fecal coliform, the NSSP growing-area indicator",non_beach,Estuary,NJDEP_BMWM,NJ,NJDEP_BMWM-3309E
NJDEP_BMWM-3310B,shellfish,"INFERRED: not a BEACH Act station and reports fecal coliform, the NSSP growing-area indicator",non_beach,Estuary,NJDEP_BMWM,NJ,NJDEP_BMWM-3310B
NJDEP_BMWM-3310D,shellfish,"INFERRED: not a BEACH Act station and reports fecal coliform, the NSSP growing-area indicator",non_beach,Estuary,NJDEP_BMWM,NJ,NJDEP_BMWM-3310D
NJDEP_BMWM-3310E,shellfish,"INFERRED: not a BEACH Act station and reports fecal coliform, the NSSP growing-area indicator",non_beach,Estuary,NJDEP_BMWM,NJ,NJDEP_BMWM-3310E
NJDEP_BMWM-3311,shellfish,"INFERRED: not a BEACH Act station and reports fecal coliform, the NSSP growing-area indicator",non_beach,Estuary,NJDEP_BMWM,NJ,NJDEP_BMWM-3311
NJDEP_BMWM-3311A,shellfish,"INFERRED: not a BEACH Act station and reports fecal coliform, the NSSP growing-area indicator",non_beach,Estuary,NJDEP_BMWM,NJ,NJDEP_BMWM-3311A
NJDEP_BMWM-3312,shellfish,"INFERRED: not a BEACH Act station and reports fecal coliform, the NSSP growing-area indicator",non_beach,Estuary,NJDEP_BMWM,NJ,NJDEP_BMWM-3312
NJDEP_BMWM-33A,shellfish,"INFERRED: not a BEACH Act station and reports fecal coliform, the NSSP growing-area indicator",non_beach,Estuary,NJDEP_BMWM,NJ,NJDEP_BMWM-33A
NJDEP_BMWM-3400B,shellfish,"INFERRED: not a BEACH Act station and reports fecal coliform, the NSSP growing-area indicator",non_beach,Estuary,NJDEP_BMWM,NJ,NJDEP_BMWM-3400B
NJDEP_BMWM-3400C,shellfish,"INFERRED: not a BEACH Act station and reports fecal coliform, the NSSP growing-area indicator",non_beach,Estuary,NJDEP_BMWM,NJ,NJDEP_BMWM-3400C
NJDEP_BMWM-3400D,shellfish,"INFERRED: not a BEACH Act station and reports fecal coliform, the NSSP growing-area indicator",non_beach,Estuary,NJDEP_BMWM,NJ,NJDEP_BMWM-3400D
NJDEP_BMWM-3401A,shellfish,"INFERRED: not a BEACH Act station and reports fecal coliform, the NSSP growing-area indicator",non_beach,Estuary,NJDEP_BMWM,NJ,NJDEP_BMWM-3401A
NJDEP_BMWM-3401D,shellfish,"INFERRED: not a BEACH Act station and reports fecal coliform, the NSSP growing-area indicator",non_beach,Estuary,NJDEP_BMWM,NJ,NJDEP_BMWM-3401D
NJDEP_BMWM-3402A,shellfish,"INFERRED: not a BEACH Act station and reports fecal coliform, the NSSP growing-area indicator",non_beach,Estuary,NJDEP_BMWM,NJ,NJDEP_BMWM-3402A
NJDEP_BMWM-3403A,shellfish,"INFERRED: not a BEACH Act station and reports fecal coliform, the NSSP growing-area indicator",non_beach,Estuary,NJDEP_BMWM,NJ,NJDEP_BMWM-3403A
NJDEP_BMWM-3403C,shellfish,"INFERRED: not a BEACH Act station and reports fecal coliform, the NSSP growing-area indicator",non_beach,Estuary,NJDEP_BMWM,NJ,NJDEP_BMWM-3403C
NJDEP_BMWM-3404,shellfish,"INFERRED: not a BEACH Act station and reports fecal coliform, the NSSP growing-area indicator",non_beach,Estuary,NJDEP_BMWM,NJ,NJDEP_BMWM-3404
NJDEP_BMWM-3404B,shellfish,"INFERRED: not a BEACH Act station and reports fecal coliform, the NSSP growing-area indicator",non_beach,Estuary,NJDEP_BMWM,NJ,NJDEP_BMWM-3404B
NJDEP_BMWM-3405,shellfish,"INFERRED: not a BEACH Act station and reports fecal coliform, the NSSP growing-area indicator",non_beach,Estuary,NJDEP_BMWM,NJ,NJDEP_BMWM-3405
NJDEP_BMWM-3405B,shellfish,"INFERRED: not a BEACH Act station and reports fecal coliform, the NSSP growing-area indicator",non_beach,Estuary,NJDEP_BMWM,NJ,NJDEP_BMWM-3405B
NJDEP_BMWM-3405C,shellfish,"INFERRED: not a BEACH Act station and reports fecal coliform, the NSSP growing-area indicator",non_beach,Estuary,NJDEP_BMWM,NJ,NJDEP_BMWM-3405C
NJDEP_BMWM-3405F,shellfish,"INFERRED: not a BEACH Act station and reports fecal coliform, the NSSP growing-area indicator",non_beach,Estuary,NJDEP_BMWM,NJ,NJDEP_BMWM-3405F
NJDEP_BMWM-3405H,shellfish,"INFERRED: not a BEACH Act station and reports fecal coliform, the NSSP growing-area indicator",non_beach,Estuary,NJDEP_BMWM,NJ,NJDEP_BMWM-3405H
NJDEP_BMWM-3406,shellfish,"INFERRED: not a BEACH Act station and reports fecal coliform, the NSSP growing-area indicator",non_beach,Estuary,NJDEP_BMWM,NJ,NJDEP_BMWM-3406
NJDEP_BMWM-3406B,shellfish,"INFERRED: not a BEACH Act station and reports fecal coliform, the NSSP growing-area indicator",non_beach,Estuary,NJDEP_BMWM,NJ,NJDEP_BMWM-3406B
NJDEP_BMWM-3406C,shellfish,"INFERRED: not a BEACH Act station and reports fecal coliform, the NSSP growing-area indicator",non_beach,Estuary,NJDEP_BMWM,NJ,NJDEP_BMWM-3406C
NJDEP_BMWM-3407A,shellfish,"INFERRED: not a BEACH Act station and reports fecal coliform, the NSSP growing-area indicator",non_beach,Estuary,NJDEP_BMWM,NJ,NJDEP_BMWM-3407A
NJDEP_BMWM-3407E,shellfish,"INFERRED: not a BEACH Act station and reports fecal coliform, the NSSP growing-area indicator",non_beach,Estuary,NJDEP_BMWM,NJ,NJDEP_BMWM-3407E
NJDEP_BMWM-3408,shellfish,"INFERRED: not a BEACH Act station and reports fecal coliform, the NSSP growing-area indicator",non_beach,Estuary,NJDEP_BMWM,NJ,NJDEP_BMWM-3408
NJDEP_BMWM-3408A,shellfish,"INFERRED: not a BEACH Act station and reports fecal coliform, the NSSP growing-area indicator",non_beach,Estuary,NJDEP_BMWM,NJ,NJDEP_BMWM-3408A
NJDEP_BMWM-3408C,shellfish,"INFERRED: not a BEACH Act station and reports fecal coliform, the NSSP growing-area indicator",non_beach,Estuary,NJDEP_BMWM,NJ,NJDEP_BMWM-3408C
NJDEP_BMWM-3409,shellfish,"INFERRED: not a BEACH Act station and reports fecal coliform, the NSSP growing-area indicator",non_beach,Estuary,NJDEP_BMWM,NJ,NJDEP_BMWM-3409
NJDEP_BMWM-3409B,shellfish,"INFERRED: not a BEACH Act station and reports fecal coliform, the NSSP growing-area indicator",non_beach,Estuary,NJDEP_BMWM,NJ,NJDEP_BMWM-3409B
NJDEP_BMWM-3409E,shellfish,"INFERRED: not a BEACH Act station and reports fecal coliform, the NSSP growing-area indicator",non_beach,Estuary,NJDEP_BMWM,NJ,NJDEP_BMWM-3409E
NJDEP_BMWM-3409G,shellfish,"INFERRED: not a BEACH Act station and reports fecal coliform, the NSSP growing-area indicator",non_beach,Estuary,NJDEP_BMWM,NJ,NJDEP_BMWM-3409G
NJDEP_BMWM-3409H,shellfish,"INFERRED: not a BEACH Act station and reports fecal coliform, the NSSP growing-area indicator",non_beach,Estuary,NJDEP_BMWM,NJ,NJDEP_BMWM-3409H
NJDEP_BMWM-3409I,shellfish,"INFERRED: not a BEACH Act station and reports fecal coliform, the NSSP growing-area indicator",non_beach,Estuary,NJDEP_BMWM,NJ,NJDEP_BMWM-3409I
NJDEP_BMWM-3410,shellfish,"INFERRED: not a BEACH Act station and reports fecal coliform, the NSSP growing-area indicator",non_beach,Estuary,NJDEP_BMWM,NJ,NJDEP_BMWM-3410
NJDEP_BMWM-3410E,shellfish,"INFERRED: not a BEACH Act station and reports fecal coliform, the NSSP growing-area indicator",non_beach,Estuary,NJDEP_BMWM,NJ,NJDEP_BMWM-3410E
NJDEP_BMWM-3411B,shellfish,"INFERRED: not a BEACH Act station and reports fecal coliform, the NSSP growing-area indicator",non_beach,Estuary,NJDEP_BMWM,NJ,NJDEP_BMWM-3411B
NJDEP_BMWM-3411E,shellfish,"INFERRED: not a BEACH Act station and reports fecal coliform, the NSSP growing-area indicator",non_beach,Estuary,NJDEP_BMWM,NJ,NJDEP_BMWM-3411E
NJDEP_BMWM-3412A,shellfish,"INFERRED: not a BEACH Act station and reports fecal coliform, the NSSP growing-area indicator",non_beach,Estuary,NJDEP_BMWM,NJ,NJDEP_BMWM-3412A
NJDEP_BMWM-3412B,shellfish,"INFERRED: not a BEACH Act station and reports fecal coliform, the NSSP growing-area indicator",non_beach,Estuary,NJDEP_BMWM,NJ,NJDEP_BMWM-3412A
NJDEP_BMWM-3414A,shellfish,"INFERRED: not a BEACH Act station and reports fecal coliform, the NSSP growing-area indicator",non_beach,Estuary,NJDEP_BMWM,NJ,NJDEP_BMWM-3414A
NJDEP_BMWM-3414B,shellfish,"INFERRED: not a BEACH Act station and reports fecal coliform, the NSSP growing-area indicator",non_beach,Estuary,NJDEP_BMWM,NJ,NJDEP_BMWM-3414B
NJDEP_BMWM-3414D,shellfish,"INFERRED: not a BEACH Act station and reports fecal coliform, the NSSP growing-area indicator",non_beach,Estuary,NJDEP_BMWM,NJ,NJDEP_BMWM-3414D
NJDEP_BMWM-3414E,shellfish,"INFERRED: not a BEACH Act station and reports fecal coliform, the NSSP growing-area indicator",non_beach,Estuary,NJDEP_BMWM,NJ,NJDEP_BMWM-3414E
NJDEP_BMWM-3500C,shellfish,"INFERRED: not a BEACH Act station and reports fecal coliform, the NSSP growing-area indicator",non_beach,Estuary,NJDEP_BMWM,NJ,NJDEP_BMWM-3500C
NJDEP_BMWM-3500D,shellfish,"INFERRED: not a BEACH Act station and reports fecal coliform, the NSSP growing-area indicator",non_beach,Estuary,NJDEP_BMWM,NJ,NJDEP_BMWM-3500D
NJDEP_BMWM-3500F,shellfish,"INFERRED: not a BEACH Act station and reports fecal coliform, the NSSP growing-area indicator",non_beach,Estuary,NJDEP_BMWM,NJ,NJDEP_BMWM-3500F
NJDEP_BMWM-3501,shellfish,"INFERRED: not a BEACH Act station and reports fecal coliform, the NSSP growing-area indicator",non_beach,Estuary,NJDEP_BMWM,NJ,NJDEP_BMWM-3501
NJDEP_BMWM-3501B,shellfish,"INFERRED: not a BEACH Act station and reports fecal coliform, the NSSP growing-area indicator",non_beach,Estuary,NJDEP_BMWM,NJ,NJDEP_BMWM-3501B
NJDEP_BMWM-3501C,shellfish,"INFERRED: not a BEACH Act station and reports fecal coliform, the NSSP growing-area indicator",non_beach,Estuary,NJDEP_BMWM,NJ,NJDEP_BMWM-3501C
NJDEP_BMWM-3501D,shellfish,"INFERRED: not a BEACH Act station and reports fecal coliform, the NSSP growing-area indicator",non_beach,Estuary,NJDEP_BMWM,NJ,NJDEP_BMWM-3501D
NJDEP_BMWM-3502,shellfish,"INFERRED: not a BEACH Act station and reports fecal coliform, the NSSP growing-area indicator",non_beach,Estuary,NJDEP_BMWM,NJ,NJDEP_BMWM-3502
NJDEP_BMWM-3502B,shellfish,"INFERRED: not a BEACH Act station and reports fecal coliform, the NSSP growing-area indicator",non_beach,Estuary,NJDEP_BMWM,NJ,NJDEP_BMWM-3502B
NJDEP_BMWM-3502C,shellfish,"INFERRED: not a BEACH Act station and reports fecal coliform, the NSSP growing-area indicator",non_beach,Estuary,NJDEP_BMWM,NJ,NJDEP_BMWM-3502C
NJDEP_BMWM-3503,shellfish,"INFERRED: not a BEACH Act station and reports fecal coliform, the NSSP growing-area indicator",non_beach,Estuary,NJDEP_BMWM,NJ,NJDEP_BMWM-3503
NJDEP_BMWM-3503B,shellfish,"INFERRED: not a BEACH Act station and reports fecal coliform, the NSSP growing-area indicator",non_beach,Estuary,NJDEP_BMWM,NJ,NJDEP_BMWM-3503B
NJDEP_BMWM-3504,shellfish,"INFERRED: not a BEACH Act station and reports fecal coliform, the NSSP growing-area indicator",non_beach,Estuary,NJDEP_BMWM,NJ,NJDEP_BMWM-3504
NJDEP_BMWM-3504A,shellfish,"INFERRED: not a BEACH Act station and reports fecal coliform, the NSSP growing-area indicator",non_beach,Estuary,NJDEP_BMWM,NJ,NJDEP_BMWM-3504A
NJDEP_BMWM-3504B,shellfish,"INFERRED: not a BEACH Act station and reports fecal coliform, the NSSP growing-area indicator",non_beach,Estuary,NJDEP_BMWM,NJ,NJDEP_BMWM-3504B
NJDEP_BMWM-3504C,shellfish,"INFERRED: not a BEACH Act station and reports fecal coliform, the NSSP growing-area indicator",non_beach,Estuary,NJDEP_BMWM,NJ,NJDEP_BMWM-3504C
NJDEP_BMWM-3504E,shellfish,"INFERRED: not a BEACH Act station and reports fecal coliform, the NSSP growing-area indicator",non_beach,Estuary,NJDEP_BMWM,NJ,NJDEP_BMWM-3504E
NJDEP_BMWM-3504F,shellfish,"INFERRED: not a BEACH Act station and reports fecal coliform, the NSSP growing-area indicator",non_beach,Estuary,NJDEP_BMWM,NJ,NJDEP_BMWM-3504F
NJDEP_BMWM-3505C,shellfish,"INFERRED: not a BEACH Act station and reports fecal coliform, the NSSP growing-area indicator",non_beach,Estuary,NJDEP_BMWM,NJ,NJDEP_BMWM-3505C
NJDEP_BMWM-3506,shellfish,"INFERRED: not a BEACH Act station and reports fecal coliform, the NSSP growing-area indicator",non_beach,Estuary,NJDEP_BMWM,NJ,NJDEP_BMWM-3506
NJDEP_BMWM-3506A,shellfish,"INFERRED: not a BEACH Act station and reports fecal coliform, the NSSP growing-area indicator",non_beach,Estuary,NJDEP_BMWM,NJ,NJDEP_BMWM-3506A
NJDEP_BMWM-3506B,shellfish,"INFERRED: not a BEACH Act station and reports fecal coliform, the NSSP growing-area indicator",non_beach,Estuary,NJDEP_BMWM,NJ,NJDEP_BMWM-3506B
NJDEP_BMWM-3507,shellfish,"INFERRED: not a BEACH Act station and reports fecal coliform, the NSSP growing-area indicator",non_beach,Estuary,NJDEP_BMWM,NJ,NJDEP_BMWM-3507
NJDEP_BMWM-3507A,shellfish,"INFERRED: not a BEACH Act station and reports fecal coliform, the NSSP growing-area indicator",non_beach,Estuary,NJDEP_BMWM,NJ,NJDEP_BMWM-3507A
NJDEP_BMWM-3507C,shellfish,"INFERRED: not a BEACH Act station and reports fecal coliform, the NSSP growing-area indicator",non_beach,Estuary,NJDEP_BMWM,NJ,NJDEP_BMWM-3507C
NJDEP_BMWM-3508A,shellfish,"INFERRED: not a BEACH Act station and reports fecal coliform, the NSSP growing-area indicator",non_beach,Estuary,NJDEP_BMWM,NJ,NJDEP_BMWM-3508A
NJDEP_BMWM-3509,shellfish,"INFERRED: not a BEACH Act station and reports fecal coliform, the NSSP growing-area indicator",non_beach,Estuary,NJDEP_BMWM,NJ,NJDEP_BMWM-3509
NJDEP_BMWM-3509A,shellfish,"INFERRED: not a BEACH Act station and reports fecal coliform, the NSSP growing-area indicator",non_beach,Estuary,NJDEP_BMWM,NJ,NJDEP_BMWM-3509A
NJDEP_BMWM-3509B,shellfish,"INFERRED: not a BEACH Act station and reports fecal coliform, the NSSP growing-area indicator",non_beach,Estuary,NJDEP_BMWM,NJ,NJDEP_BMWM-3509B
NJDEP_BMWM-3509C,shellfish,"INFERRED: not a BEACH Act station and reports fecal coliform, the NSSP growing-area indicator",non_beach,Estuary,NJDEP_BMWM,NJ,NJDEP_BMWM-3509C
NJDEP_BMWM-3510,shellfish,"INFERRED: not a BEACH Act station and reports fecal coliform, the NSSP growing-area indicator",non_beach,Estuary,NJDEP_BMWM,NJ,NJDEP_BMWM-3510
NJDEP_BMWM-3510A,shellfish,"INFERRED: not a BEACH Act station and reports fecal coliform, the NSSP growing-area indicator",non_beach,Estuary,NJDEP_BMWM,NJ,NJDEP_BMWM-3510A
NJDEP_BMWM-3510C,shellfish,"INFERRED: not a BEACH Act station and reports fecal coliform, the NSSP growing-area indicator",non_beach,Estuary,NJDEP_BMWM,NJ,NJDEP_BMWM-3510C
NJDEP_BMWM-3511,shellfish,"INFERRED: not a BEACH Act station and reports fecal coliform, the NSSP growing-area indicator",non_beach,Estuary,NJDEP_BMWM,NJ,NJDEP_BMWM-3511
NJDEP_BMWM-3511B,shellfish,"INFERRED: not a BEACH Act station and reports fecal coliform, the NSSP growing-area indicator",non_beach,Estuary,NJDEP_BMWM,NJ,NJDEP_BMWM-3511B
NJDEP_BMWM-3514,shellfish,"INFERRED: not a BEACH Act station and reports fecal coliform, the NSSP growing-area indicator",non_beach,Estuary,NJDEP_BMWM,NJ,NJDEP_BMWM-3514
NJDEP_BMWM-3515A,shellfish,"INFERRED: not a BEACH Act station and reports fecal coliform, the NSSP growing-area indicator",non_beach,Estuary,NJDEP_BMWM,NJ,NJDEP_BMWM-3515A
NJDEP_BMWM-3515C,shellfish,"INFERRED: not a BEACH Act station and reports fecal coliform, the NSSP growing-area indicator",non_beach,Estuary,NJDEP_BMWM,NJ,NJDEP_BMWM-3515C
NJDEP_BMWM-3515D,shellfish,"INFERRED: not a BEACH Act station and reports fecal coliform, the NSSP growing-area indicator",non_beach,Estuary,NJDEP_BMWM,NJ,NJDEP_BMWM-3515D
NJDEP_BMWM-3516,shellfish,"INFERRED: not a BEACH Act station and reports fecal coliform, the NSSP growing-area indicator",non_beach,Estuary,NJDEP_BMWM,NJ,NJDEP_BMWM-3516
NJDEP_BMWM-3516B,shellfish,"INFERRED: not a BEACH Act station and reports fecal coliform, the NSSP growing-area indicator",non_beach,Estuary,NJDEP_BMWM,NJ,NJDEP_BMWM-3516B
NJDEP_BMWM-36,shellfish,"INFERRED: not a BEACH Act station and reports fecal coliform, the NSSP growing-area indicator",non_beach,Estuary,NJDEP_BMWM,NJ,NJDEP_BMWM-36
NJDEP_BMWM-3600D,shellfish,"INFERRED: not a BEACH Act station and reports fecal coliform, the NSSP growing-area indicator",non_beach,Estuary,NJDEP_BMWM,NJ,NJDEP_BMWM-3600D
NJDEP_BMWM-3601,shellfish,"INFERRED: not a BEACH Act station and reports fecal coliform, the NSSP growing-area indicator",non_beach,Estuary,NJDEP_BMWM,NJ,NJDEP_BMWM-3601
NJDEP_BMWM-3601A,shellfish,"INFERRED: not a BEACH Act station and reports fecal coliform, the NSSP growing-area indicator",non_beach,Estuary,NJDEP_BMWM,NJ,NJDEP_BMWM-3601A
NJDEP_BMWM-3601B,shellfish,"INFERRED: not a BEACH Act station and reports fecal coliform, the NSSP growing-area indicator",non_beach,Estuary,NJDEP_BMWM,NJ,NJDEP_BMWM-3601B
NJDEP_BMWM-3601C,shellfish,"INFERRED: not a BEACH Act station and reports fecal coliform, the NSSP growing-area indicator",non_beach,Estuary,NJDEP_BMWM,NJ,NJDEP_BMWM-3601C
NJDEP_BMWM-3601E,shellfish,"INFERRED: not a BEACH Act station and reports fecal coliform, the NSSP growing-area indicator",non_beach,Estuary,NJDEP_BMWM,NJ,NJDEP_BMWM-3601E
NJDEP_BMWM-3602,shellfish,"INFERRED: not a BEACH Act station and reports fecal coliform, the NSSP growing-area indicator",non_beach,Estuary,NJDEP_BMWM,NJ,NJDEP_BMWM-3602
NJDEP_BMWM-3602B,shellfish,"INFERRED: not a BEACH Act station and reports fecal coliform, the NSSP growing-area indicator",non_beach,Estuary,NJDEP_BMWM,NJ,NJDEP_BMWM-3602B
NJDEP_BMWM-3602C,shellfish,"INFERRED: not a BEACH Act station and reports fecal coliform, the NSSP growing-area indicator",non_beach,Estuary,NJDEP_BMWM,NJ,NJDEP_BMWM-3602C
NJDEP_BMWM-3602D,shellfish,"INFERRED: not a BEACH Act station and reports fecal coliform, the NSSP growing-area indicator",non_beach,Estuary,NJDEP_BMWM,NJ,NJDEP_BMWM-3602D
NJDEP_BMWM-3602E,shellfish,"INFERRED: not a BEACH Act station and reports fecal coliform, the NSSP growing-area indicator",non_beach,Estuary,NJDEP_BMWM,NJ,NJDEP_BMWM-3602E
NJDEP_BMWM-3602G,shellfish,"INFERRED: not a BEACH Act station and reports fecal coliform, the NSSP growing-area indicator",non_beach,Estuary,NJDEP_BMWM,NJ,NJDEP_BMWM-3602G
NJDEP_BMWM-3602H,shellfish,"INFERRED: not a BEACH Act station and reports fecal coliform, the NSSP growing-area indicator",non_beach,Estuary,NJDEP_BMWM,NJ,NJDEP_BMWM-3602H
NJDEP_BMWM-3604A,shellfish,"INFERRED: not a BEACH Act station and reports fecal coliform, the NSSP growing-area indicator",non_beach,Estuary,NJDEP_BMWM,NJ,NJDEP_BMWM-3604A
NJDEP_BMWM-3604E,shellfish,"INFERRED: not a BEACH Act station and reports fecal coliform, the NSSP growing-area indicator",non_beach,Estuary,NJDEP_BMWM,NJ,NJDEP_BMWM-3604E
NJDEP_BMWM-3605C,shellfish,"INFERRED: not a BEACH Act station and reports fecal coliform, the NSSP growing-area indicator",non_beach,Estuary,NJDEP_BMWM,NJ,NJDEP_BMWM-3605C
NJDEP_BMWM-3606A,shellfish,"INFERRED: not a BEACH Act station and reports fecal coliform, the NSSP growing-area indicator",non_beach,Estuary,NJDEP_BMWM,NJ,NJDEP_BMWM-3606A
NJDEP_BMWM-3607A,shellfish,"INFERRED: not a BEACH Act station and reports fecal coliform, the NSSP growing-area indicator",non_beach,Estuary,NJDEP_BMWM,NJ,NJDEP_BMWM-3607A
NJDEP_BMWM-3608,shellfish,"INFERRED: not a BEACH Act station and reports fecal coliform, the NSSP growing-area indicator",non_beach,Estuary,NJDEP_BMWM,NJ,NJDEP_BMWM-3608
NJDEP_BMWM-3608A,shellfish,"INFERRED: not a BEACH Act station and reports fecal coliform, the NSSP growing-area indicator",non_beach,Estuary,NJDEP_BMWM,NJ,NJDEP_BMWM-3608A
NJDEP_BMWM-3608B,shellfish,"INFERRED: not a BEACH Act station and reports fecal coliform, the NSSP growing-area indicator",non_beach,Estuary,NJDEP_BMWM,NJ,NJDEP_BMWM-3608B
NJDEP_BMWM-3608C,shellfish,"INFERRED: not a BEACH Act station and reports fecal coliform, the NSSP growing-area indicator",non_beach,Estuary,NJDEP_BMWM,NJ,NJDEP_BMWM-3608C
NJDEP_BMWM-3608D,shellfish,"INFERRED: not a BEACH Act station and reports fecal coliform, the NSSP growing-area indicator",non_beach,Estuary,NJDEP_BMWM,NJ,NJDEP_BMWM-3608D
NJDEP_BMWM-3608E,shellfish,"INFERRED: not a BEACH Act station and reports fecal coliform, the NSSP growing-area indicator",non_beach,Estuary,NJDEP_BMWM,NJ,NJDEP_BMWM-3608E
NJDEP_BMWM-3608G,shellfish,"INFERRED: not a BEACH Act station and reports fecal coliform, the NSSP growing-area indicator",non_beach,Estuary,NJDEP_BMWM,NJ,NJDEP_BMWM-3608G
NJDEP_BMWM-3608H,shellfish,"INFERRED: not a BEACH Act station and reports fecal coliform, the NSSP growing-area indicator",non_beach,Estuary,NJDEP_BMWM,NJ,NJDEP_BMWM-3608H
NJDEP_BMWM-3608I,shellfish,"INFERRED: not a BEACH Act station and reports fecal coliform, the NSSP growing-area indicator",non_beach,Estuary,NJDEP_BMWM,NJ,NJDEP_BMWM-3608I
NJDEP_BMWM-3612A,shellfish,"INFERRED: not a BEACH Act station and reports fecal coliform, the NSSP growing-area indicator",non_beach,Estuary,NJDEP_BMWM,NJ,NJDEP_BMWM-3612A
NJDEP_BMWM-3612B,shellfish,"INFERRED: not a BEACH Act station and reports fecal coliform, the NSSP growing-area indicator",non_beach,Estuary,NJDEP_BMWM,NJ,NJDEP_BMWM-3612B
NJDEP_BMWM-3612C,shellfish,"INFERRED: not a BEACH Act station and reports fecal coliform, the NSSP growing-area indicator",non_beach,Estuary,NJDEP_BMWM,NJ,NJDEP_BMWM-3612C
NJDEP_BMWM-3613A,shellfish,"INFERRED: not a BEACH Act station and reports fecal coliform, the NSSP growing-area indicator",non_beach,Estuary,NJDEP_BMWM,NJ,NJDEP_BMWM-3613A
NJDEP_BMWM-3614,shellfish,"INFERRED: not a BEACH Act station and reports fecal coliform, the NSSP growing-area indicator",non_beach,Estuary,NJDEP_BMWM,NJ,NJDEP_BMWM-3614
NJDEP_BMWM-3614A,shellfish,"INFERRED: not a BEACH Act station and reports fecal coliform, the NSSP growing-area indicator",non_beach,Estuary,NJDEP_BMWM,NJ,NJDEP_BMWM-3614A
NJDEP_BMWM-3614C,shellfish,"INFERRED: not a BEACH Act station and reports fecal coliform, the NSSP growing-area indicator",non_beach,Estuary,NJDEP_BMWM,NJ,NJDEP_BMWM-3614C
NJDEP_BMWM-3615,shellfish,"INFERRED: not a BEACH Act station and reports fecal coliform, the NSSP growing-area indicator",non_beach,Estuary,NJDEP_BMWM,NJ,NJDEP_BMWM-3615
NJDEP_BMWM-3615A,shellfish,"INFERRED: not a BEACH Act station and reports fecal coliform, the NSSP growing-area indicator",non_beach,Estuary,NJDEP_BMWM,NJ,NJDEP_BMWM-3615A
NJDEP_BMWM-3616,shellfish,"INFERRED: not a BEACH Act station and reports fecal coliform, the NSSP growing-area indicator",non_beach,Estuary,NJDEP_BMWM,NJ,NJDEP_BMWM-3616
NJDEP_BMWM-3616A,shellfish,"INFERRED: not a BEACH Act station and reports fecal coliform, the NSSP growing-area indicator",non_beach,Estuary,NJDEP_BMWM,NJ,NJDEP_BMWM-3616A
NJDEP_BMWM-3616B,shellfish,"INFERRED: not a BEACH Act station and reports fecal coliform, the NSSP growing-area indicator",non_beach,Estuary,NJDEP_BMWM,NJ,NJDEP_BMWM-3616B
NJDEP_BMWM-3616C,shellfish,"INFERRED: not a BEACH Act station and reports fecal coliform, the NSSP growing-area indicator",non_beach,Estuary,NJDEP_BMWM,NJ,NJDEP_BMWM-3616C
NJDEP_BMWM-3616E,shellfish,"INFERRED: not a BEACH Act station and reports fecal coliform, the NSSP growing-area indicator",non_beach,Estuary,NJDEP_BMWM,NJ,NJDEP_BMWM-3616E
NJDEP_BMWM-3616F,shellfish,"INFERRED: not a BEACH Act station and reports fecal coliform, the NSSP growing-area indicator",non_beach,Estuary,NJDEP_BMWM,NJ,NJDEP_BMWM-3616F
NJDEP_BMWM-3617A,shellfish,"INFERRED: not a BEACH Act station and reports fecal coliform, the NSSP growing-area indicator",non_beach,Estuary,NJDEP_BMWM,NJ,NJDEP_BMWM-3617A
NJDEP_BMWM-3617B,shellfish,"INFERRED: not a BEACH Act station and reports fecal coliform, the NSSP growing-area indicator",non_beach,Estuary,NJDEP_BMWM,NJ,NJDEP_BMWM-3617B
NJDEP_BMWM-3618D,shellfish,"INFERRED: not a BEACH Act station and reports fecal coliform, the NSSP growing-area indicator",non_beach,Estuary,NJDEP_BMWM,NJ,NJDEP_BMWM-3618D
NJDEP_BMWM-3619,shellfish,"INFERRED: not a BEACH Act station and reports fecal coliform, the NSSP growing-area indicator",non_beach,Estuary,NJDEP_BMWM,NJ,NJDEP_BMWM-3619
NJDEP_BMWM-38,shellfish,"INFERRED: not a BEACH Act station and reports fecal coliform, the NSSP growing-area indicator",non_beach,Estuary,NJDEP_BMWM,NJ,NJDEP_BMWM-38
NJDEP_BMWM-3800F,shellfish,"INFERRED: not a BEACH Act station and reports fecal coliform, the NSSP growing-area indicator",non_beach,Estuary,NJDEP_BMWM,NJ,NJDEP_BMWM-3800F
NJDEP_BMWM-3800G,shellfish,"INFERRED: not a BEACH Act station and reports fecal coliform, the NSSP growing-area indicator",non_beach,Estuary,NJDEP_BMWM,NJ,NJDEP_BMWM-3800G
NJDEP_BMWM-3801,shellfish,"INFERRED: not a BEACH Act station and reports fecal coliform, the NSSP growing-area indicator",non_beach,Estuary,NJDEP_BMWM,NJ,NJDEP_BMWM-3801
NJDEP_BMWM-3801B,shellfish,"INFERRED: not a BEACH Act station and reports fecal coliform, the NSSP growing-area indicator",non_beach,Estuary,NJDEP_BMWM,NJ,NJDEP_BMWM-3801B
NJDEP_BMWM-3801C,shellfish,"INFERRED: not a BEACH Act station and reports fecal coliform, the NSSP growing-area indicator",non_beach,Estuary,NJDEP_BMWM,NJ,NJDEP_BMWM-3801B
NJDEP_BMWM-3801E,shellfish,"INFERRED: not a BEACH Act station and reports fecal coliform, the NSSP growing-area indicator",non_beach,Estuary,NJDEP_BMWM,NJ,NJDEP_BMWM-3801E
NJDEP_BMWM-3801J,shellfish,"INFERRED: not a BEACH Act station and reports fecal coliform, the NSSP growing-area indicator",non_beach,Estuary,NJDEP_BMWM,NJ,NJDEP_BMWM-3801J
NJDEP_BMWM-3802,shellfish,"INFERRED: not a BEACH Act station and reports fecal coliform, the NSSP growing-area indicator",non_beach,Estuary,NJDEP_BMWM,NJ,NJDEP_BMWM-3802
NJDEP_BMWM-3802D,shellfish,"INFERRED: not a BEACH Act station and reports fecal coliform, the NSSP growing-area indicator",non_beach,Estuary,NJDEP_BMWM,NJ,NJDEP_BMWM-3802D
NJDEP_BMWM-3802G,shellfish,"INFERRED: not a BEACH Act station and reports fecal coliform, the NSSP growing-area indicator",non_beach,Estuary,NJDEP_BMWM,NJ,NJDEP_BMWM-3802G
NJDEP_BMWM-3803,shellfish,"INFERRED: not a BEACH Act station and reports fecal coliform, the NSSP growing-area indicator",non_beach,Estuary,NJDEP_BMWM,NJ,NJDEP_BMWM-3803
NJDEP_BMWM-3803A,shellfish,"INFERRED: not a BEACH Act station and reports fecal coliform, the NSSP growing-area indicator",non_beach,Estuary,NJDEP_BMWM,NJ,NJDEP_BMWM-3803A
NJDEP_BMWM-3803C,shellfish,"INFERRED: not a BEACH Act station and reports fecal coliform, the NSSP growing-area indicator",non_beach,Estuary,NJDEP_BMWM,NJ,NJDEP_BMWM-3803C
NJDEP_BMWM-3803G,shellfish,"INFERRED: not a BEACH Act station and reports fecal coliform, the NSSP growing-area indicator",non_beach,Estuary,NJDEP_BMWM,NJ,NJDEP_BMWM-3803G
NJDEP_BMWM-3803I,shellfish,"INFERRED: not a BEACH Act station and reports fecal coliform, the NSSP growing-area indicator",non_beach,Estuary,NJDEP_BMWM,NJ,NJDEP_BMWM-3803I
NJDEP_BMWM-3803M,shellfish,"INFERRED: not a BEACH Act station and reports fecal coliform, the NSSP growing-area indicator",non_beach,Estuary,NJDEP_BMWM,NJ,NJDEP_BMWM-3803M
NJDEP_BMWM-3803O,shellfish,"INFERRED: not a BEACH Act station and reports fecal coliform, the NSSP growing-area indicator",non_beach,Estuary,NJDEP_BMWM,NJ,NJDEP_BMWM-3803O
NJDEP_BMWM-3803Q,shellfish,"INFERRED: not a BEACH Act station and reports fecal coliform, the NSSP growing-area indicator",non_beach,Estuary,NJDEP_BMWM,NJ,NJDEP_BMWM-3803Q
NJDEP_BMWM-3804,shellfish,"INFERRED: not a BEACH Act station and reports fecal coliform, the NSSP growing-area indicator",non_beach,Estuary,NJDEP_BMWM,NJ,NJDEP_BMWM-3804
NJDEP_BMWM-3804B,shellfish,"INFERRED: not a BEACH Act station and reports fecal coliform, the NSSP growing-area indicator",non_beach,Estuary,NJDEP_BMWM,NJ,NJDEP_BMWM-3804B
NJDEP_BMWM-3804C,shellfish,"INFERRED: not a BEACH Act station and reports fecal coliform, the NSSP growing-area indicator",non_beach,Estuary,NJDEP_BMWM,NJ,NJDEP_BMWM-3804C
NJDEP_BMWM-3804D,shellfish,"INFERRED: not a BEACH Act station and reports fecal coliform, the NSSP growing-area indicator",non_beach,Estuary,NJDEP_BMWM,NJ,NJDEP_BMWM-3804D
NJDEP_BMWM-3804E,shellfish,"INFERRED: not a BEACH Act station and reports fecal coliform, the NSSP growing-area indicator",non_beach,Estuary,NJDEP_BMWM,NJ,NJDEP_BMWM-3804E
NJDEP_BMWM-3804U,shellfish,"INFERRED: not a BEACH Act station and reports fecal coliform, the NSSP growing-area indicator",non_beach,Estuary,NJDEP_BMWM,NJ,NJDEP_BMWM-3804U
NJDEP_BMWM-3804V,shellfish,"INFERRED: not a BEACH Act station and reports fecal coliform, the NSSP growing-area indicator",non_beach,Estuary,NJDEP_BMWM,NJ,NJDEP_BMWM-3804V
NJDEP_BMWM-3805,shellfish,"INFERRED: not a BEACH Act station and reports fecal coliform, the NSSP growing-area indicator",non_beach,Estuary,NJDEP_BMWM,NJ,NJDEP_BMWM-3805
NJDEP_BMWM-3805A,shellfish,"INFERRED: not a BEACH Act station and reports fecal coliform, the NSSP growing-area indicator",non_beach,Estuary,NJDEP_BMWM,NJ,NJDEP_BMWM-3805A
NJDEP_BMWM-3805B,shellfish,"INFERRED: not a BEACH Act station and reports fecal coliform, the NSSP growing-area indicator",non_beach,Estuary,NJDEP_BMWM,NJ,NJDEP_BMWM-3805B
NJDEP_BMWM-3805F,shellfish,"INFERRED: not a BEACH Act station and reports fecal coliform, the NSSP growing-area indicator",non_beach,Estuary,NJDEP_BMWM,NJ,NJDEP_BMWM-3805F
NJDEP_BMWM-3806B,shellfish,"INFERRED: not a BEACH Act station and reports fecal coliform, the NSSP growing-area indicator",non_beach,Estuary,NJDEP_BMWM,NJ,NJDEP_BMWM-3806B
NJDEP_BMWM-3807A,shellfish,"INFERRED: not a BEACH Act station and reports fecal coliform, the NSSP growing-area indicator",non_beach,Estuary,NJDEP_BMWM,NJ,NJDEP_BMWM-3807A
NJDEP_BMWM-3808B,shellfish,"INFERRED: not a BEACH Act station and reports fecal coliform, the NSSP growing-area indicator",non_beach,Estuary,NJDEP_BMWM,NJ,NJDEP_BMWM-3808B
NJDEP_BMWM-3809A,shellfish,"INFERRED: not a BEACH Act station and reports fecal coliform, the NSSP growing-area indicator",non_beach,Estuary,NJDEP_BMWM,NJ,NJDEP_BMWM-3809A
NJDEP_BMWM-3810,shellfish,"INFERRED: not a BEACH Act station and reports fecal coliform, the NSSP growing-area indicator",non_beach,Estuary,NJDEP_BMWM,NJ,NJDEP_BMWM-3810
NJDEP_BMWM-3810B,shellfish,"INFERRED: not a BEACH Act station and reports fecal coliform, the NSSP growing-area indicator",non_beach,Estuary,NJDEP_BMWM,NJ,NJDEP_BMWM-3810B
NJDEP_BMWM-3812B,shellfish,"INFERRED: not a BEACH Act station and reports fecal coliform, the NSSP growing-area indicator",non_beach,Estuary,NJDEP_BMWM,NJ,NJDEP_BMWM-3812B
NJDEP_BMWM-3814A,shellfish,"INFERRED: not a BEACH Act station and reports fecal coliform, the NSSP growing-area indicator",non_beach,Estuary,NJDEP_BMWM,NJ,NJDEP_BMWM-3814A
NJDEP_BMWM-3816A,shellfish,"INFERRED: not a BEACH Act station and reports fecal coliform, the NSSP growing-area indicator",non_beach,Estuary,NJDEP_BMWM,NJ,NJDEP_BMWM-3816A
NJDEP_BMWM-3818,shellfish,"INFERRED: not a BEACH Act station and reports fecal coliform, the NSSP growing-area indicator",non_beach,Estuary,NJDEP_BMWM,NJ,NJDEP_BMWM-3818
NJDEP_BMWM-3818A,shellfish,"INFERRED: not a BEACH Act station and reports fecal coliform, the NSSP growing-area indicator",non_beach,Estuary,NJDEP_BMWM,NJ,NJDEP_BMWM-3818A
NJDEP_BMWM-3819A,shellfish,"INFERRED: not a BEACH Act station and reports fecal coliform, the NSSP growing-area indicator",non_beach,Estuary,NJDEP_BMWM,NJ,NJDEP_BMWM-3819A
NJDEP_BMWM-3821A,shellfish,"INFERRED: not a BEACH Act station and reports fecal coliform, the NSSP growing-area indicator",non_beach,Estuary,NJDEP_BMWM,NJ,NJDEP_BMWM-3821A
NJDEP_BMWM-3826D,shellfish,"INFERRED: not a BEACH Act station and reports fecal coliform, the NSSP growing-area indicator",non_beach,Estuary,NJDEP_BMWM,NJ,NJDEP_BMWM-3826D
NJDEP_BMWM-3827F,shellfish,"INFERRED: not a BEACH Act station and reports fecal coliform, the NSSP growing-area indicator",non_beach,Estuary,NJDEP_BMWM,NJ,NJDEP_BMWM-3827F
NJDEP_BMWM-3840,shellfish,"INFERRED: not a BEACH Act station and reports fecal coliform, the NSSP growing-area indicator",non_beach,Estuary,NJDEP_BMWM,NJ,NJDEP_BMWM-3840
NJDEP_BMWM-3840B,shellfish,"INFERRED: not a BEACH Act station and reports fecal coliform, the NSSP growing-area indicator",non_beach,Estuary,NJDEP_BMWM,NJ,NJDEP_BMWM-3840B
NJDEP_BMWM-3840C,shellfish,"INFERRED: not a BEACH Act station and reports fecal coliform, the NSSP growing-area indicator",non_beach,Estuary,NJDEP_BMWM,NJ,NJDEP_BMWM-3840C
NJDEP_BMWM-3840D,shellfish,"INFERRED: not a BEACH Act station and reports fecal coliform, the NSSP growing-area indicator",non_beach,Estuary,NJDEP_BMWM,NJ,NJDEP_BMWM-3840D
NJDEP_BMWM-3841A,shellfish,"INFERRED: not a BEACH Act station and reports fecal coliform, the NSSP growing-area indicator",non_beach,Estuary,NJDEP_BMWM,NJ,NJDEP_BMWM-3841A
NJDEP_BMWM-3841B,shellfish,"INFERRED: not a BEACH Act station and reports fecal coliform, the NSSP growing-area indicator",non_beach,Estuary,NJDEP_BMWM,NJ,NJDEP_BMWM-3841B
NJDEP_BMWM-3841C,shellfish,"INFERRED: not a BEACH Act station and reports fecal coliform, the NSSP growing-area indicator",non_beach,Estuary,NJDEP_BMWM,NJ,NJDEP_BMWM-3841C
NJDEP_BMWM-3841D,shellfish,"INFERRED: not a BEACH Act station and reports fecal coliform, the NSSP growing-area indicator",non_beach,Estuary,NJDEP_BMWM,NJ,NJDEP_BMWM-3841D
NJDEP_BMWM-3842,shellfish,"INFERRED: not a BEACH Act station and reports fecal coliform, the NSSP growing-area indicator",non_beach,Estuary,NJDEP_BMWM,NJ,NJDEP_BMWM-3842
NJDEP_BMWM-3842B,shellfish,"INFERRED: not a BEACH Act station and reports fecal coliform, the NSSP growing-area indicator",non_beach,Estuary,NJDEP_BMWM,NJ,NJDEP_BMWM-3842B
NJDEP_BMWM-3842D,shellfish,"INFERRED: not a BEACH Act station and reports fecal coliform, the NSSP growing-area indicator",non_beach,Estuary,NJDEP_BMWM,NJ,NJDEP_BMWM-3842D
NJDEP_BMWM-3842E,shellfish,"INFERRED: not a BEACH Act station and reports fecal coliform, the NSSP growing-area indicator",non_beach,Estuary,NJDEP_BMWM,NJ,NJDEP_BMWM-3842E
NJDEP_BMWM-3844,shellfish,"INFERRED: not a BEACH Act station and reports fecal coliform, the NSSP growing-area indicator",non_beach,Estuary,NJDEP_BMWM,NJ,NJDEP_BMWM-3844
NJDEP_BMWM-3844C,shellfish,"INFERRED: not a BEACH Act station and reports fecal coliform, the NSSP growing-area indicator",non_beach,Estuary,NJDEP_BMWM,NJ,NJDEP_BMWM-3844C
NJDEP_BMWM-3845E,shellfish,"INFERRED: not a BEACH Act station and reports fecal coliform, the NSSP growing-area indicator",non_beach,Estuary,NJDEP_BMWM,NJ,NJDEP_BMWM-3845E
NJDEP_BMWM-3846B,shellfish,"INFERRED: not a BEACH Act station and reports fecal coliform, the NSSP growing-area indicator",non_beach,Estuary,NJDEP_BMWM,NJ,NJDEP_BMWM-3846B
NJDEP_BMWM-3847,shellfish,"INFERRED: not a BEACH Act station and reports fecal coliform, the NSSP growing-area indicator",non_beach,Estuary,NJDEP_BMWM,NJ,NJDEP_BMWM-3847
NJDEP_BMWM-3847A,shellfish,"INFERRED: not a BEACH Act station and reports fecal coliform, the NSSP growing-area indicator",non_beach,Estuary,NJDEP_BMWM,NJ,NJDEP_BMWM-3847A
NJDEP_BMWM-3847C,shellfish,"INFERRED: not a BEACH Act station and reports fecal coliform, the NSSP growing-area indicator",non_beach,Estuary,NJDEP_BMWM,NJ,NJDEP_BMWM-3847C
NJDEP_BMWM-3847D,shellfish,"INFERRED: not a BEACH Act station and reports fecal coliform, the NSSP growing-area indicator",non_beach,Estuary,NJDEP_BMWM,NJ,NJDEP_BMWM-3847D
NJDEP_BMWM-3847E,shellfish,"INFERRED: not a BEACH Act station and reports fecal coliform, the NSSP growing-area indicator",non_beach,Estuary,NJDEP_BMWM,NJ,NJDEP_BMWM-3847E
NJDEP_BMWM-3847F,shellfish,"INFERRED: not a BEACH Act station and reports fecal coliform, the NSSP growing-area indicator",non_beach,Estuary,NJDEP_BMWM,NJ,NJDEP_BMWM-3847F
NJDEP_BMWM-3847G,shellfish,"INFERRED: not a BEACH Act station and reports fecal coliform, the NSSP growing-area indicator",non_beach,Estuary,NJDEP_BMWM,NJ,NJDEP_BMWM-3847G
NJDEP_BMWM-3847I,shellfish,"INFERRED: not a BEACH Act station and reports fecal coliform, the NSSP growing-area indicator",non_beach,Estuary,NJDEP_BMWM,NJ,NJDEP_BMWM-3847I
NJDEP_BMWM-3847J,shellfish,"INFERRED: not a BEACH Act station and reports fecal coliform, the NSSP growing-area indicator",non_beach,Estuary,NJDEP_BMWM,NJ,NJDEP_BMWM-3847J
NJDEP_BMWM-3848B,shellfish,"INFERRED: not a BEACH Act station and reports fecal coliform, the NSSP growing-area indicator",non_beach,Estuary,NJDEP_BMWM,NJ,NJDEP_BMWM-3848B
NJDEP_BMWM-3848C,shellfish,"INFERRED: not a BEACH Act station and reports fecal coliform, the NSSP growing-area indicator",non_beach,Estuary,NJDEP_BMWM,NJ,NJDEP_BMWM-3848C
NJDEP_BMWM-3850,shellfish,"INFERRED: not a BEACH Act station and reports fecal coliform, the NSSP growing-area indicator",non_beach,Estuary,NJDEP_BMWM,NJ,NJDEP_BMWM-3850
NJDEP_BMWM-3850A,shellfish,"INFERRED: not a BEACH Act station and reports fecal coliform, the NSSP growing-area indicator",non_beach,Estuary,NJDEP_BMWM,NJ,NJDEP_BMWM-3850A
NJDEP_BMWM-3850B,shellfish,"INFERRED: not a BEACH Act station and reports fecal coliform, the NSSP growing-area indicator",non_beach,Estuary,NJDEP_BMWM,NJ,NJDEP_BMWM-3850B
NJDEP_BMWM-3851A,shellfish,"INFERRED: not a BEACH Act station and reports fecal coliform, the NSSP growing-area indicator",non_beach,Estuary,NJDEP_BMWM,NJ,NJDEP_BMWM-3851A
NJDEP_BMWM-3853,shellfish,"INFERRED: not a BEACH Act station and reports fecal coliform, the NSSP growing-area indicator",non_beach,Estuary,NJDEP_BMWM,NJ,NJDEP_BMWM-3853
NJDEP_BMWM-3853A,shellfish,"INFERRED: not a BEACH Act station and reports fecal coliform, the NSSP growing-area indicator",non_beach,Estuary,NJDEP_BMWM,NJ,NJDEP_BMWM-3853A
NJDEP_BMWM-3855A,shellfish,"INFERRED: not a BEACH Act station and reports fecal coliform, the NSSP growing-area indicator",non_beach,Estuary,NJDEP_BMWM,NJ,NJDEP_BMWM-3855A
NJDEP_BMWM-3856A,shellfish,"INFERRED: not a BEACH Act station and reports fecal coliform, the NSSP growing-area indicator",non_beach,Estuary,NJDEP_BMWM,NJ,NJDEP_BMWM-3856A
NJDEP_BMWM-3858,shellfish,"INFERRED: not a BEACH Act station and reports fecal coliform, the NSSP growing-area indicator",non_beach,Estuary,NJDEP_BMWM,NJ,NJDEP_BMWM-3858
NJDEP_BMWM-3858A,shellfish,"INFERRED: not a BEACH Act station and reports fecal coliform, the NSSP growing-area indicator",non_beach,Estuary,NJDEP_BMWM,NJ,NJDEP_BMWM-3858A
NJDEP_BMWM-3859,shellfish,"INFERRED: not a BEACH Act station and reports fecal coliform, the NSSP growing-area indicator",non_beach,Estuary,NJDEP_BMWM,NJ,NJDEP_BMWM-3859
NJDEP_BMWM-3859A,shellfish,"INFERRED: not a BEACH Act station and reports fecal coliform, the NSSP growing-area indicator",non_beach,Estuary,NJDEP_BMWM,NJ,NJDEP_BMWM-3859A
NJDEP_BMWM-3860,shellfish,"INFERRED: not a BEACH Act station and reports fecal coliform, the NSSP growing-area indicator",non_beach,Estuary,NJDEP_BMWM,NJ,NJDEP_BMWM-3860
NJDEP_BMWM-3860A,shellfish,"INFERRED: not a BEACH Act station and reports fecal coliform, the NSSP growing-area indicator",non_beach,Estuary,NJDEP_BMWM,NJ,NJDEP_BMWM-3860A
NJDEP_BMWM-3860B,shellfish,"INFERRED: not a BEACH Act station and reports fecal coliform, the NSSP growing-area indicator",non_beach,Estuary,NJDEP_BMWM,NJ,NJDEP_BMWM-3860B
NJDEP_BMWM-3862A,shellfish,"INFERRED: not a BEACH Act station and reports fecal coliform, the NSSP growing-area indicator",non_beach,Estuary,NJDEP_BMWM,NJ,NJDEP_BMWM-3862A
NJDEP_BMWM-3864A,shellfish,"INFERRED: not a BEACH Act station and reports fecal coliform, the NSSP growing-area indicator",non_beach,Estuary,NJDEP_BMWM,NJ,NJDEP_BMWM-3864A
NJDEP_BMWM-3866A,shellfish,"INFERRED: not a BEACH Act station and reports fecal coliform, the NSSP growing-area indicator",non_beach,Estuary,NJDEP_BMWM,NJ,NJDEP_BMWM-3866A
NJDEP_BMWM-3867,shellfish,"INFERRED: not a BEACH Act station and reports fecal coliform, the NSSP growing-area indicator",non_beach,Estuary,NJDEP_BMWM,NJ,NJDEP_BMWM-3867
NJDEP_BMWM-3867B,shellfish,"INFERRED: not a BEACH Act station and reports fecal coliform, the NSSP growing-area indicator",non_beach,Estuary,NJDEP_BMWM,NJ,NJDEP_BMWM-3867B
NJDEP_BMWM-3867D,shellfish,"INFERRED: not a BEACH Act station and reports fecal coliform, the NSSP growing-area indicator",non_beach,Estuary,NJDEP_BMWM,NJ,NJDEP_BMWM-3867D
NJDEP_BMWM-3868E,shellfish,"INFERRED: not a BEACH Act station and reports fecal coliform, the NSSP growing-area indicator",non_beach,Estuary,NJDEP_BMWM,NJ,NJDEP_BMWM-3868E
NJDEP_BMWM-3868F,shellfish,"INFERRED: not a BEACH Act station and reports fecal coliform, the NSSP growing-area indicator",non_beach,Estuary,NJDEP_BMWM,NJ,NJDEP_BMWM-3868F
NJDEP_BMWM-3869,shellfish,"INFERRED: not a BEACH Act station and reports fecal coliform, the NSSP growing-area indicator",non_beach,Estuary,NJDEP_BMWM,NJ,NJDEP_BMWM-3869
NJDEP_BMWM-3869F,shellfish,"INFERRED: not a BEACH Act station and reports fecal coliform, the NSSP growing-area indicator",non_beach,Estuary,NJDEP_BMWM,NJ,NJDEP_BMWM-3869F
NJDEP_BMWM-3870,shellfish,"INFERRED: not a BEACH Act station and reports fecal coliform, the NSSP growing-area indicator",non_beach,Estuary,NJDEP_BMWM,NJ,NJDEP_BMWM-3870
NJDEP_BMWM-3870A,shellfish,"INFERRED: not a BEACH Act station and reports fecal coliform, the NSSP growing-area indicator",non_beach,Estuary,NJDEP_BMWM,NJ,NJDEP_BMWM-3870A
NJDEP_BMWM-3870B,shellfish,"INFERRED: not a BEACH Act station and reports fecal coliform, the NSSP growing-area indicator",non_beach,Estuary,NJDEP_BMWM,NJ,NJDEP_BMWM-3870B
NJDEP_BMWM-3870D,shellfish,"INFERRED: not a BEACH Act station and reports fecal coliform, the NSSP growing-area indicator",non_beach,Estuary,NJDEP_BMWM,NJ,NJDEP_BMWM-3870D
NJDEP_BMWM-3872C,shellfish,"INFERRED: not a BEACH Act station and reports fecal coliform, the NSSP growing-area indicator",non_beach,Estuary,NJDEP_BMWM,NJ,NJDEP_BMWM-3872C
NJDEP_BMWM-3872F,shellfish,"INFERRED: not a BEACH Act station and reports fecal coliform, the NSSP growing-area indicator",non_beach,Estuary,NJDEP_BMWM,NJ,NJDEP_BMWM-3872F
NJDEP_BMWM-3874,shellfish,"INFERRED: not a BEACH Act station and reports fecal coliform, the NSSP growing-area indicator",non_beach,Estuary,NJDEP_BMWM,NJ,NJDEP_BMWM-3874
NJDEP_BMWM-3874A,shellfish,"INFERRED: not a BEACH Act station and reports fecal coliform, the NSSP growing-area indicator",non_beach,Estuary,NJDEP_BMWM,NJ,NJDEP_BMWM-3874A
NJDEP_BMWM-3880,shellfish,"INFERRED: not a BEACH Act station and reports fecal coliform, the NSSP growing-area indicator",non_beach,Estuary,NJDEP_BMWM,NJ,NJDEP_BMWM-3880
NJDEP_BMWM-3880A,shellfish,"INFERRED: not a BEACH Act station and reports fecal coliform, the NSSP growing-area indicator",non_beach,Estuary,NJDEP_BMWM,NJ,NJDEP_BMWM-3880A
NJDEP_BMWM-3880B,shellfish,"INFERRED: not a BEACH Act station and reports fecal coliform, the NSSP growing-area indicator",non_beach,Estuary,NJDEP_BMWM,NJ,NJDEP_BMWM-3880B
NJDEP_BMWM-3880C,shellfish,"INFERRED: not a BEACH Act station and reports fecal coliform, the NSSP growing-area indicator",non_beach,Estuary,NJDEP_BMWM,NJ,NJDEP_BMWM-3880C
NJDEP_BMWM-3880D,shellfish,"INFERRED: not a BEACH Act station and reports fecal coliform, the NSSP growing-area indicator",non_beach,Estuary,NJDEP_BMWM,NJ,NJDEP_BMWM-3880D
NJDEP_BMWM-3880E,shellfish,"INFERRED: not a BEACH Act station and reports fecal coliform, the NSSP growing-area indicator",non_beach,Estuary,NJDEP_BMWM,NJ,NJDEP_BMWM-3880E
NJDEP_BMWM-3881A,shellfish,"INFERRED: not a BEACH Act station and reports fecal coliform, the NSSP growing-area indicator",non_beach,Estuary,NJDEP_BMWM,NJ,NJDEP_BMWM-3881A
NJDEP_BMWM-3882,shellfish,"INFERRED: not a BEACH Act station and reports fecal coliform, the NSSP growing-area indicator",non_beach,Estuary,NJDEP_BMWM,NJ,NJDEP_BMWM-3882
NJDEP_BMWM-3882B,unclassified,"neither: no BEACH Act type, no beach neighbour, no fittable fecal coliform",non_beach,Estuary,NJDEP_BMWM,NJ,NJDEP_BMWM-3882B
NJDEP_BMWM-3883A,shellfish,"INFERRED: not a BEACH Act station and reports fecal coliform, the NSSP growing-area indicator",non_beach,Estuary,NJDEP_BMWM,NJ,NJDEP_BMWM-3883A
NJDEP_BMWM-3884,shellfish,"INFERRED: not a BEACH Act station and reports fecal coliform, the NSSP growing-area indicator",non_beach,Estuary,NJDEP_BMWM,NJ,NJDEP_BMWM-3884
NJDEP_BMWM-3884B,shellfish,"INFERRED: not a BEACH Act station and reports fecal coliform, the NSSP growing-area indicator",non_beach,Estuary,NJDEP_BMWM,NJ,NJDEP_BMWM-3884B
NJDEP_BMWM-3885B,shellfish,"INFERRED: not a BEACH Act station and reports fecal coliform, the NSSP growing-area indicator",non_beach,Estuary,NJDEP_BMWM,NJ,NJDEP_BMWM-3885B
NJDEP_BMWM-3885C,unclassified,"neither: no BEACH Act type, no beach neighbour, no fittable fecal coliform",non_beach,Estuary,NJDEP_BMWM,NJ,NJDEP_BMWM-3885C
NJDEP_BMWM-3886,shellfish,"INFERRED: not a BEACH Act station and reports fecal coliform, the NSSP growing-area indicator",non_beach,Estuary,NJDEP_BMWM,NJ,NJDEP_BMWM-3886
NJDEP_BMWM-3886A,shellfish,"INFERRED: not a BEACH Act station and reports fecal coliform, the NSSP growing-area indicator",non_beach,Estuary,NJDEP_BMWM,NJ,NJDEP_BMWM-3886A
NJDEP_BMWM-3887,shellfish,"INFERRED: not a BEACH Act station and reports fecal coliform, the NSSP growing-area indicator",non_beach,Estuary,NJDEP_BMWM,NJ,NJDEP_BMWM-3887
NJDEP_BMWM-3887A,shellfish,"INFERRED: not a BEACH Act station and reports fecal coliform, the NSSP growing-area indicator",non_beach,Estuary,NJDEP_BMWM,NJ,NJDEP_BMWM-3887A
NJDEP_BMWM-3887B,shellfish,"INFERRED: not a BEACH Act station and reports fecal coliform, the NSSP growing-area indicator",non_beach,Estuary,NJDEP_BMWM,NJ,NJDEP_BMWM-3887B
NJDEP_BMWM-3888F,shellfish,"INFERRED: not a BEACH Act station and reports fecal coliform, the NSSP growing-area indicator",non_beach,Estuary,NJDEP_BMWM,NJ,NJDEP_BMWM-3888F
NJDEP_BMWM-3888G,shellfish,"INFERRED: not a BEACH Act station and reports fecal coliform, the NSSP growing-area indicator",non_beach,Estuary,NJDEP_BMWM,NJ,NJDEP_BMWM-3888G
NJDEP_BMWM-3888I,shellfish,"INFERRED: not a BEACH Act station and reports fecal coliform, the NSSP growing-area indicator",non_beach,Estuary,NJDEP_BMWM,NJ,NJDEP_BMWM-3888I
NJDEP_BMWM-3889,shellfish,"INFERRED: not a BEACH Act station and reports fecal coliform, the NSSP growing-area indicator",non_beach,Estuary,NJDEP_BMWM,NJ,NJDEP_BMWM-3889
NJDEP_BMWM-3889A,shellfish,"INFERRED: not a BEACH Act station and reports fecal coliform, the NSSP growing-area indicator",non_beach,Estuary,NJDEP_BMWM,NJ,NJDEP_BMWM-3889A
NJDEP_BMWM-3889B,shellfish,"INFERRED: not a BEACH Act station and reports fecal coliform, the NSSP growing-area indicator",non_beach,Estuary,NJDEP_BMWM,NJ,NJDEP_BMWM-3889B
NJDEP_BMWM-3890,shellfish,"INFERRED: not a BEACH Act station and reports fecal coliform, the NSSP growing-area indicator",non_beach,Estuary,NJDEP_BMWM,NJ,NJDEP_BMWM-3890
NJDEP_BMWM-3890A,shellfish,"INFERRED: not a BEACH Act station and reports fecal coliform, the NSSP growing-area indicator",non_beach,Estuary,NJDEP_BMWM,NJ,NJDEP_BMWM-3890A
NJDEP_BMWM-3890D,shellfish,"INFERRED: not a BEACH Act station and reports fecal coliform, the NSSP growing-area indicator",non_beach,Estuary,NJDEP_BMWM,NJ,NJDEP_BMWM-3890D
NJDEP_BMWM-3890E,shellfish,"INFERRED: not a BEACH Act station and reports fecal coliform, the NSSP growing-area indicator",non_beach,Estuary,NJDEP_BMWM,NJ,NJDEP_BMWM-3890E
NJDEP_BMWM-3890F,shellfish,"INFERRED: not a BEACH Act station and reports fecal coliform, the NSSP growing-area indicator",non_beach,Estuary,NJDEP_BMWM,NJ,NJDEP_BMWM-3890F
NJDEP_BMWM-3890N,shellfish,"INFERRED: not a BEACH Act station and reports fecal coliform, the NSSP growing-area indicator",non_beach,Estuary,NJDEP_BMWM,NJ,NJDEP_BMWM-3890N
NJDEP_BMWM-3890O,shellfish,"INFERRED: not a BEACH Act station and reports fecal coliform, the NSSP growing-area indicator",non_beach,Estuary,NJDEP_BMWM,NJ,NJDEP_BMWM-3890O
NJDEP_BMWM-3890Q,shellfish,"INFERRED: not a BEACH Act station and reports fecal coliform, the NSSP growing-area indicator",non_beach,Estuary,NJDEP_BMWM,NJ,NJDEP_BMWM-3890D
NJDEP_BMWM-3891,shellfish,"INFERRED: not a BEACH Act station and reports fecal coliform, the NSSP growing-area indicator",non_beach,Estuary,NJDEP_BMWM,NJ,NJDEP_BMWM-3891
NJDEP_BMWM-3892A,shellfish,"INFERRED: not a BEACH Act station and reports fecal coliform, the NSSP growing-area indicator",non_beach,Estuary,NJDEP_BMWM,NJ,NJDEP_BMWM-3892A
NJDEP_BMWM-3893,shellfish,"INFERRED: not a BEACH Act station and reports fecal coliform, the NSSP growing-area indicator",non_beach,Estuary,NJDEP_BMWM,NJ,NJDEP_BMWM-3893
NJDEP_BMWM-3894A,shellfish,"INFERRED: not a BEACH Act station and reports fecal coliform, the NSSP growing-area indicator",non_beach,Estuary,NJDEP_BMWM,NJ,NJDEP_BMWM-3894A
NJDEP_BMWM-3894B,shellfish,"INFERRED: not a BEACH Act station and reports fecal coliform, the NSSP growing-area indicator",non_beach,Estuary,NJDEP_BMWM,NJ,NJDEP_BMWM-3894B
NJDEP_BMWM-3894C,shellfish,"INFERRED: not a BEACH Act station and reports fecal coliform, the NSSP growing-area indicator",non_beach,Estuary,NJDEP_BMWM,NJ,NJDEP_BMWM-3894C
NJDEP_BMWM-3895F,shellfish,"INFERRED: not a BEACH Act station and reports fecal coliform, the NSSP growing-area indicator",non_beach,Estuary,NJDEP_BMWM,NJ,NJDEP_BMWM-3895F
NJDEP_BMWM-3900D,shellfish,"INFERRED: not a BEACH Act station and reports fecal coliform, the NSSP growing-area indicator",non_beach,Estuary,NJDEP_BMWM,NJ,NJDEP_BMWM-3900D
NJDEP_BMWM-3951,shellfish,"INFERRED: not a BEACH Act station and reports fecal coliform, the NSSP growing-area indicator",non_beach,Estuary,NJDEP_BMWM,NJ,NJDEP_BMWM-3951
NJDEP_BMWM-3951A,shellfish,"INFERRED: not a BEACH Act station and reports fecal coliform, the NSSP growing-area indicator",non_beach,Estuary,NJDEP_BMWM,NJ,NJDEP_BMWM-3951A
NJDEP_BMWM-3952,shellfish,"INFERRED: not a BEACH Act station and reports fecal coliform, the NSSP growing-area indicator",non_beach,Estuary,NJDEP_BMWM,NJ,NJDEP_BMWM-3952
NJDEP_BMWM-3952A,shellfish,"INFERRED: not a BEACH Act station and reports fecal coliform, the NSSP growing-area indicator",non_beach,Estuary,NJDEP_BMWM,NJ,NJDEP_BMWM-3952A
NJDEP_BMWM-3953A,shellfish,"INFERRED: not a BEACH Act station and reports fecal coliform, the NSSP growing-area indicator",non_beach,Estuary,NJDEP_BMWM,NJ,NJDEP_BMWM-3953A
NJDEP_BMWM-4100E,shellfish,"INFERRED: not a BEACH Act station and reports fecal coliform, the NSSP growing-area indicator",non_beach,Estuary,NJDEP_BMWM,NJ,NJDEP_BMWM-4100E
NJDEP_BMWM-4100G,shellfish,"INFERRED: not a BEACH Act station and reports fecal coliform, the NSSP growing-area indicator",non_beach,Estuary,NJDEP_BMWM,NJ,NJDEP_BMWM-4100G
NJDEP_BMWM-4100H,shellfish,"INFERRED: not a BEACH Act station and reports fecal coliform, the NSSP growing-area indicator",non_beach,Estuary,NJDEP_BMWM,NJ,NJDEP_BMWM-4100H
NJDEP_BMWM-4100J,shellfish,"INFERRED: not a BEACH Act station and reports fecal coliform, the NSSP growing-area indicator",non_beach,Estuary,NJDEP_BMWM,NJ,NJDEP_BMWM-4100J
NJDEP_BMWM-4101,shellfish,"INFERRED: not a BEACH Act station and reports fecal coliform, the NSSP growing-area indicator",non_beach,Estuary,NJDEP_BMWM,NJ,NJDEP_BMWM-4101
NJDEP_BMWM-4101A,shellfish,"INFERRED: not a BEACH Act station and reports fecal coliform, the NSSP growing-area indicator",non_beach,Estuary,NJDEP_BMWM,NJ,NJDEP_BMWM-4101A
NJDEP_BMWM-4101C,shellfish,"INFERRED: not a BEACH Act station and reports fecal coliform, the NSSP growing-area indicator",non_beach,Estuary,NJDEP_BMWM,NJ,NJDEP_BMWM-4101C
NJDEP_BMWM-4101D,shellfish,"INFERRED: not a BEACH Act station and reports fecal coliform, the NSSP growing-area indicator",non_beach,Estuary,NJDEP_BMWM,NJ,NJDEP_BMWM-4101D
NJDEP_BMWM-4101G,shellfish,"INFERRED: not a BEACH Act station and reports fecal coliform, the NSSP growing-area indicator",non_beach,Estuary,NJDEP_BMWM,NJ,NJDEP_BMWM-4101G
NJDEP_BMWM-4101H,shellfish,"INFERRED: not a BEACH Act station and reports fecal coliform, the NSSP growing-area indicator",non_beach,Estuary,NJDEP_BMWM,NJ,NJDEP_BMWM-4101H
NJDEP_BMWM-4102A,shellfish,"INFERRED: not a BEACH Act station and reports fecal coliform, the NSSP growing-area indicator",non_beach,Estuary,NJDEP_BMWM,NJ,NJDEP_BMWM-4102A
NJDEP_BMWM-4102D,shellfish,"INFERRED: not a BEACH Act station and reports fecal coliform, the NSSP growing-area indicator",non_beach,Estuary,NJDEP_BMWM,NJ,NJDEP_BMWM-4102D
NJDEP_BMWM-4102F,shellfish,"INFERRED: not a BEACH Act station and reports fecal coliform, the NSSP growing-area indicator",non_beach,Estuary,NJDEP_BMWM,NJ,NJDEP_BMWM-4102F
NJDEP_BMWM-4102H,shellfish,"INFERRED: not a BEACH Act station and reports fecal coliform, the NSSP growing-area indicator",non_beach,Estuary,NJDEP_BMWM,NJ,NJDEP_BMWM-4102H
NJDEP_BMWM-4103,shellfish,"INFERRED: not a BEACH Act station and reports fecal coliform, the NSSP growing-area indicator",non_beach,Estuary,NJDEP_BMWM,NJ,NJDEP_BMWM-4103
NJDEP_BMWM-4103C,shellfish,"INFERRED: not a BEACH Act station and reports fecal coliform, the NSSP growing-area indicator",non_beach,Estuary,NJDEP_BMWM,NJ,NJDEP_BMWM-4103C
NJDEP_BMWM-4103F,shellfish,"INFERRED: not a BEACH Act station and reports fecal coliform, the NSSP growing-area indicator",non_beach,Estuary,NJDEP_BMWM,NJ,NJDEP_BMWM-4103F
NJDEP_BMWM-4104A,shellfish,"INFERRED: not a BEACH Act station and reports fecal coliform, the NSSP growing-area indicator",non_beach,Estuary,NJDEP_BMWM,NJ,NJDEP_BMWM-4104A
NJDEP_BMWM-4106B,shellfish,"INFERRED: not a BEACH Act station and reports fecal coliform, the NSSP growing-area indicator",non_beach,Estuary,NJDEP_BMWM,NJ,NJDEP_BMWM-4106B
NJDEP_BMWM-4108B,shellfish,"INFERRED: not a BEACH Act station and reports fecal coliform, the NSSP growing-area indicator",non_beach,Estuary,NJDEP_BMWM,NJ,NJDEP_BMWM-4108B
NJDEP_BMWM-4108C,shellfish,"INFERRED: not a BEACH Act station and reports fecal coliform, the NSSP growing-area indicator",non_beach,Estuary,NJDEP_BMWM,NJ,NJDEP_BMWM-4108C
NJDEP_BMWM-4110A,shellfish,"INFERRED: not a BEACH Act station and reports fecal coliform, the NSSP growing-area indicator",non_beach,Estuary,NJDEP_BMWM,NJ,NJDEP_BMWM-4110A
NJDEP_BMWM-4111A,shellfish,"INFERRED: not a BEACH Act station and reports fecal coliform, the NSSP growing-area indicator",non_beach,Estuary,NJDEP_BMWM,NJ,NJDEP_BMWM-4111A
NJDEP_BMWM-4112,shellfish,"INFERRED: not a BEACH Act station and reports fecal coliform, the NSSP growing-area indicator",non_beach,Estuary,NJDEP_BMWM,NJ,31DELRBC_WQX-091017
NJDEP_BMWM-4112B,shellfish,"INFERRED: not a BEACH Act station and reports fecal coliform, the NSSP growing-area indicator",non_beach,Estuary,NJDEP_BMWM,NJ,NJDEP_BMWM-4112B
NJDEP_BMWM-4112E,shellfish,"INFERRED: not a BEACH Act station and reports fecal coliform, the NSSP growing-area indicator",non_beach,Estuary,NJDEP_BMWM,NJ,NJDEP_BMWM-4112E
NJDEP_BMWM-4113,shellfish,"INFERRED: not a BEACH Act station and reports fecal coliform, the NSSP growing-area indicator",non_beach,Estuary,NJDEP_BMWM,NJ,NJDEP_BMWM-4113
NJDEP_BMWM-4114,shellfish,"INFERRED: not a BEACH Act station and reports fecal coliform, the NSSP growing-area indicator",non_beach,Estuary,NJDEP_BMWM,NJ,NJDEP_BMWM-4114
NJDEP_BMWM-4115,shellfish,"INFERRED: not a BEACH Act station and reports fecal coliform, the NSSP growing-area indicator",non_beach,Estuary,NJDEP_BMWM,NJ,NJDEP_BMWM-4115
NJDEP_BMWM-4116,shellfish,"INFERRED: not a BEACH Act station and reports fecal coliform, the NSSP growing-area indicator",non_beach,Estuary,NJDEP_BMWM,NJ,NJDEP_BMWM-4116
NJDEP_BMWM-4116B,shellfish,"INFERRED: not a BEACH Act station and reports fecal coliform, the NSSP growing-area indicator",non_beach,Estuary,NJDEP_BMWM,NJ,NJDEP_BMWM-4116B
NJDEP_BMWM-4116E,shellfish,"INFERRED: not a BEACH Act station and reports fecal coliform, the NSSP growing-area indicator",non_beach,Estuary,NJDEP_BMWM,NJ,NJDEP_BMWM-4116E
NJDEP_BMWM-4201,shellfish,"INFERRED: not a BEACH Act station and reports fecal coliform, the NSSP growing-area indicator",non_beach,Estuary,NJDEP_BMWM,NJ,NJDEP_BMWM-4201
NJDEP_BMWM-4201A,shellfish,"INFERRED: not a BEACH Act station and reports fecal coliform, the NSSP growing-area indicator",non_beach,Estuary,NJDEP_BMWM,NJ,NJDEP_BMWM-4201A
NJDEP_BMWM-4202,shellfish,"INFERRED: not a BEACH Act station and reports fecal coliform, the NSSP growing-area indicator",non_beach,Estuary,NJDEP_BMWM,NJ,NJDEP_BMWM-4202
NJDEP_BMWM-4203,shellfish,"INFERRED: not a BEACH Act station and reports fecal coliform, the NSSP growing-area indicator",non_beach,Estuary,NJDEP_BMWM,NJ,NJDEP_BMWM-4203
NJDEP_BMWM-4204,shellfish,"INFERRED: not a BEACH Act station and reports fecal coliform, the NSSP growing-area indicator",non_beach,Estuary,NJDEP_BMWM,NJ,NJDEP_BMWM-4204
NJDEP_BMWM-4204B,shellfish,"INFERRED: not a BEACH Act station and reports fecal coliform, the NSSP growing-area indicator",non_beach,Estuary,NJDEP_BMWM,NJ,NJDEP_BMWM-4204B
NJDEP_BMWM-4204D,shellfish,"INFERRED: not a BEACH Act station and reports fecal coliform, the NSSP growing-area indicator",non_beach,Estuary,NJDEP_BMWM,NJ,NJDEP_BMWM-4204D
NJDEP_BMWM-43,shellfish,"INFERRED: not a BEACH Act station and reports fecal coliform, the NSSP growing-area indicator",non_beach,Estuary,NJDEP_BMWM,NJ,NJDEP_BMWM-43
NJDEP_BMWM-4300,shellfish,"INFERRED: not a BEACH Act station and reports fecal coliform, the NSSP growing-area indicator",non_beach,Estuary,NJDEP_BMWM,NJ,NJDEP_BMWM-4300
NJDEP_BMWM-4300A,shellfish,"INFERRED: not a BEACH Act station and reports fecal coliform, the NSSP growing-area indicator",non_beach,Estuary,NJDEP_BMWM,NJ,NJDEP_BMWM-4300A
NJDEP_BMWM-4300B,shellfish,"INFERRED: not a BEACH Act station and reports fecal coliform, the NSSP growing-area indicator",non_beach,Estuary,NJDEP_BMWM,NJ,NJDEP_BMWM-4300B
NJDEP_BMWM-4300C,shellfish,"INFERRED: not a BEACH Act station and reports fecal coliform, the NSSP growing-area indicator",non_beach,Estuary,NJDEP_BMWM,NJ,NJDEP_BMWM-4300C
NJDEP_BMWM-4300D,shellfish,"INFERRED: not a BEACH Act station and reports fecal coliform, the NSSP growing-area indicator",non_beach,Estuary,NJDEP_BMWM,NJ,NJDEP_BMWM-4300D
NJDEP_BMWM-4300E,shellfish,"INFERRED: not a BEACH Act station and reports fecal coliform, the NSSP growing-area indicator",non_beach,Estuary,NJDEP_BMWM,NJ,NJDEP_BMWM-4300E
NJDEP_BMWM-4300F,shellfish,"INFERRED: not a BEACH Act station and reports fecal coliform, the NSSP growing-area indicator",non_beach,Estuary,NJDEP_BMWM,NJ,NJDEP_BMWM-4300F
NJDEP_BMWM-4300G,shellfish,"INFERRED: not a BEACH Act station and reports fecal coliform, the NSSP growing-area indicator",non_beach,Estuary,NJDEP_BMWM,NJ,NJDEP_BMWM-4300G
NJDEP_BMWM-4300H,shellfish,"INFERRED: not a BEACH Act station and reports fecal coliform, the NSSP growing-area indicator",non_beach,Estuary,NJDEP_BMWM,NJ,NJDEP_BMWM-4300H
NJDEP_BMWM-4300I,shellfish,"INFERRED: not a BEACH Act station and reports fecal coliform, the NSSP growing-area indicator",non_beach,Estuary,NJDEP_BMWM,NJ,NJDEP_BMWM-4300I
NJDEP_BMWM-49A,shellfish,"INFERRED: not a BEACH Act station and reports fecal coliform, the NSSP growing-area indicator",non_beach,Estuary,NJDEP_BMWM,NJ,NJDEP_BMWM-49A
NJDEP_BMWM-5,shellfish,"INFERRED: not a BEACH Act station and reports fecal coliform, the NSSP growing-area indicator",non_beach,Estuary,NJDEP_BMWM,NJ,NJDEP_BMWM-5
NJDEP_BMWM-50,shellfish,"INFERRED: not a BEACH Act station and reports fecal coliform, the NSSP growing-area indicator",non_beach,Estuary,NJDEP_BMWM,NJ,NJDEP_BMWM-50
NJDEP_BMWM-56,shellfish,"INFERRED: not a BEACH Act station and reports fecal coliform, the NSSP growing-area indicator",non_beach,Estuary,NJDEP_BMWM,NJ,NJDEP_BMWM-56
NJDEP_BMWM-58,shellfish,"INFERRED: not a BEACH Act station and reports fecal coliform, the NSSP growing-area indicator",non_beach,Estuary,NJDEP_BMWM,NJ,NJDEP_BMWM-58
NJDEP_BMWM-61A,shellfish,"INFERRED: not a BEACH Act station and reports fecal coliform, the NSSP growing-area indicator",non_beach,Estuary,NJDEP_BMWM,NJ,NJDEP_BMWM-61A
NJDEP_BMWM-62,shellfish,"INFERRED: not a BEACH Act station and reports fecal coliform, the NSSP growing-area indicator",non_beach,Estuary,NJDEP_BMWM,NJ,NJDEP_BMWM-62
NJDEP_BMWM-63B,shellfish,"INFERRED: not a BEACH Act station and reports fecal coliform, the NSSP growing-area indicator",non_beach,Estuary,NJDEP_BMWM,NJ,NJDEP_BMWM-63B
NJDEP_BMWM-7,shellfish,"INFERRED: not a BEACH Act station and reports fecal coliform, the NSSP growing-area indicator",non_beach,Estuary,NJDEP_BMWM,NJ,NJDEP_BMWM-7
NJDEP_BMWM-73,shellfish,"INFERRED: not a BEACH Act station and reports fecal coliform, the NSSP growing-area indicator",non_beach,Estuary,NJDEP_BMWM,NJ,NJDEP_BMWM-73
NJDEP_BMWM-78,shellfish,"INFERRED: not a BEACH Act station and reports fecal coliform, the NSSP growing-area indicator",non_beach,Estuary,NJDEP_BMWM,NJ,NJDEP_BMWM-78
NJDEP_BMWM-86A,shellfish,"INFERRED: not a BEACH Act station and reports fecal coliform, the NSSP growing-area indicator",non_beach,Estuary,NJDEP_BMWM,NJ,NJDEP_BMWM-86A
NJDEP_BMWM-88A,shellfish,"INFERRED: not a BEACH Act station and reports fecal coliform, the NSSP growing-area indicator",non_beach,Estuary,NJDEP_BMWM,NJ,NJDEP_BMWM-88A
NJDEP_BMWM-900B,shellfish,"INFERRED: not a BEACH Act station and reports fecal coliform, the NSSP growing-area indicator",non_beach,Estuary,NJDEP_BMWM,NJ,NJDEP_BMWM-900B
NJDEP_BMWM-906A,shellfish,"INFERRED: not a BEACH Act station and reports fecal coliform, the NSSP growing-area indicator",non_beach,Estuary,NJDEP_BMWM,NJ,NJDEP_BMWM-906A
NJDEP_BMWM-906B,shellfish,"INFERRED: not a BEACH Act station and reports fecal coliform, the NSSP growing-area indicator",non_beach,Estuary,NJDEP_BMWM,NJ,NJDEP_BMWM-906B
NJDEP_BMWM-906C,shellfish,"INFERRED: not a BEACH Act station and reports fecal coliform, the NSSP growing-area indicator",non_beach,Estuary,NJDEP_BMWM,NJ,NJDEP_BMWM-906C
NJDEP_BMWM-907,shellfish,"INFERRED: not a BEACH Act station and reports fecal coliform, the NSSP growing-area indicator",non_beach,Estuary,NJDEP_BMWM,NJ,NJDEP_BMWM-907
NJDEP_BMWM-908,shellfish,"INFERRED: not a BEACH Act station and reports fecal coliform, the NSSP growing-area indicator",non_beach,Estuary,NJDEP_BMWM,NJ,NJDEP_BMWM-908
NJDEP_BMWM-908C,shellfish,"INFERRED: not a BEACH Act station and reports fecal coliform, the NSSP growing-area indicator",non_beach,Estuary,NJDEP_BMWM,NJ,NJDEP_BMWM-908C
NJDEP_BMWM-910A,shellfish,"INFERRED: not a BEACH Act station and reports fecal coliform, the NSSP growing-area indicator",non_beach,Estuary,NJDEP_BMWM,NJ,NJDEP_BMWM-910A
NJDEP_BMWM-910E,shellfish,"INFERRED: not a BEACH Act station and reports fecal coliform, the NSSP growing-area indicator",non_beach,Estuary,NJDEP_BMWM,NJ,NJDEP_BMWM-910E
NJDEP_BMWM-911,shellfish,"INFERRED: not a BEACH Act station and reports fecal coliform, the NSSP growing-area indicator",non_beach,Estuary,NJDEP_BMWM,NJ,NJDEP_BMWM-911
NJDEP_BMWM-911A,shellfish,"INFERRED: not a BEACH Act station and reports fecal coliform, the NSSP growing-area indicator",non_beach,Estuary,NJDEP_BMWM,NJ,NJDEP_BMWM-911A
NJDEP_BMWM-912,shellfish,"INFERRED: not a BEACH Act station and reports fecal coliform, the NSSP growing-area indicator",non_beach,Estuary,NJDEP_BMWM,NJ,NJDEP_BMWM-912
NJDEP_BMWM-914,shellfish,"INFERRED: not a BEACH Act station and reports fecal coliform, the NSSP growing-area indicator",non_beach,Estuary,NJDEP_BMWM,NJ,NJDEP_BMWM-914
NJDEP_BMWM-914D,shellfish,"INFERRED: not a BEACH Act station and reports fecal coliform, the NSSP growing-area indicator",non_beach,Estuary,NJDEP_BMWM,NJ,NJDEP_BMWM-914D
NJDEP_BMWM-916A,shellfish,"INFERRED: not a BEACH Act station and reports fecal coliform, the NSSP growing-area indicator",non_beach,Estuary,NJDEP_BMWM,NJ,NJDEP_BMWM-916A
NJDEP_BMWM-916C,shellfish,"INFERRED: not a BEACH Act station and reports fecal coliform, the NSSP growing-area indicator",non_beach,Estuary,NJDEP_BMWM,NJ,NJDEP_BMWM-916C
NJDEP_BMWM-916D,shellfish,"INFERRED: not a BEACH Act station and reports fecal coliform, the NSSP growing-area indicator",non_beach,Estuary,NJDEP_BMWM,NJ,NJDEP_BMWM-916D
NJDEP_BMWM-918,shellfish,"INFERRED: not a BEACH Act station and reports fecal coliform, the NSSP growing-area indicator",non_beach,Estuary,NJDEP_BMWM,NJ,NJDEP_BMWM-918
NJDEP_BMWM-93A,shellfish,"INFERRED: not a BEACH Act station and reports fecal coliform, the NSSP growing-area indicator",non_beach,Estuary,NJDEP_BMWM,NJ,NJDEP_BMWM-93A
NJDEP_BMWM-97A,shellfish,"INFERRED: not a BEACH Act station and reports fecal coliform, the NSSP growing-area indicator",non_beach,Estuary,NJDEP_BMWM,NJ,NJDEP_BMWM-97A
NJDEP_BMWM-97B,shellfish,"INFERRED: not a BEACH Act station and reports fecal coliform, the NSSP growing-area indicator",non_beach,Estuary,NJDEP_BMWM,NJ,NJDEP_BMWM-97B
NJDEP_BMWM-98,shellfish,"INFERRED: not a BEACH Act station and reports fecal coliform, the NSSP growing-area indicator",non_beach,Estuary,NJDEP_BMWM,NJ,NJDEP_BMWM-98
NJDEP_BMWM-98A,shellfish,"INFERRED: not a BEACH Act station and reports fecal coliform, the NSSP growing-area indicator",non_beach,Estuary,NJDEP_BMWM,NJ,NJDEP_BMWM-98A
NJDEP_BMWM-A100A2,shellfish,"INFERRED: not a BEACH Act station and reports fecal coliform, the NSSP growing-area indicator",non_beach,Ocean,NJDEP_BMWM,NJ,NJDEP_BMWM-A100A2
NJDEP_BMWM-A101A,shellfish,"INFERRED: not a BEACH Act station and reports fecal coliform, the NSSP growing-area indicator",non_beach,Ocean,NJDEP_BMWM,NJ,NJDEP_BMWM-A101A
NJDEP_BMWM-A102A,shellfish,"INFERRED: not a BEACH Act station and reports fecal coliform, the NSSP growing-area indicator",non_beach,Ocean,NJDEP_BMWM,NJ,NJDEP_BMWM-A102A
NJDEP_BMWM-A103A,shellfish,"INFERRED: not a BEACH Act station and reports fecal coliform, the NSSP growing-area indicator",non_beach,Ocean,NJDEP_BMWM,NJ,NJDEP_BMWM-A103A
NJDEP_BMWM-A104A2,shellfish,"INFERRED: not a BEACH Act station and reports fecal coliform, the NSSP growing-area indicator",non_beach,Ocean,NJDEP_BMWM,NJ,NJDEP_BMWM-A104A2
NJDEP_BMWM-A104B,shellfish,"INFERRED: not a BEACH Act station and reports fecal coliform, the NSSP growing-area indicator",non_beach,Ocean,NJDEP_BMWM,NJ,NJDEP_BMWM-A104B
NJDEP_BMWM-A105A2,shellfish,"INFERRED: not a BEACH Act station and reports fecal coliform, the NSSP growing-area indicator",non_beach,Ocean,NJDEP_BMWM,NJ,NJDEP_BMWM-A105A2
NJDEP_BMWM-A105B,shellfish,"INFERRED: not a BEACH Act station and reports fecal coliform, the NSSP growing-area indicator",non_beach,Ocean,NJDEP_BMWM,NJ,NJDEP_BMWM-A105B
NJDEP_BMWM-A106A2,shellfish,"INFERRED: not a BEACH Act station and reports fecal coliform, the NSSP growing-area indicator",non_beach,Ocean,NJDEP_BMWM,NJ,NJDEP_BMWM-A106A2
NJDEP_BMWM-A106B,shellfish,"INFERRED: not a BEACH Act station and reports fecal coliform, the NSSP growing-area indicator",non_beach,Ocean,NJDEP_BMWM,NJ,NJDEP_BMWM-A106B
NJDEP_BMWM-A108A,shellfish,"INFERRED: not a BEACH Act station and reports fecal coliform, the NSSP growing-area indicator",non_beach,Ocean,NJDEP_BMWM,NJ,NJDEP_BMWM-A108A
NJDEP_BMWM-A109A,shellfish,"INFERRED: not a BEACH Act station and reports fecal coliform, the NSSP growing-area indicator",non_beach,Ocean,NJDEP_BMWM,NJ,NJDEP_BMWM-A109A
NJDEP_BMWM-A10A,unclassified,"neither: no BEACH Act type, no beach neighbour, no fittable fecal coliform",non_beach,Ocean,NJDEP_BMWM,NJ,NJDEP_BMWM-A10A
NJDEP_BMWM-A10C,unclassified,"neither: no BEACH Act type, no beach neighbour, no fittable fecal coliform",non_beach,Ocean,NJDEP_BMWM,NJ,NJDEP_BMWM-A10C
NJDEP_BMWM-A110A,shellfish,"INFERRED: not a BEACH Act station and reports fecal coliform, the NSSP growing-area indicator",non_beach,Ocean,NJDEP_BMWM,NJ,NJDEP_BMWM-A110A
NJDEP_BMWM-A11A2,unclassified,"neither: no BEACH Act type, no beach neighbour, no fittable fecal coliform",non_beach,Ocean,NJDEP_BMWM,NJ,NJDEP_BMWM-A11A2
NJDEP_BMWM-A11C,unclassified,"neither: no BEACH Act type, no beach neighbour, no fittable fecal coliform",non_beach,Ocean,NJDEP_BMWM,NJ,NJDEP_BMWM-A11C
NJDEP_BMWM-A12A2,unclassified,"neither: no BEACH Act type, no beach neighbour, no fittable fecal coliform",non_beach,Ocean,NJDEP_BMWM,NJ,NJDEP_BMWM-A12A2
NJDEP_BMWM-A12C,unclassified,"neither: no BEACH Act type, no beach neighbour, no fittable fecal coliform",non_beach,Ocean,NJDEP_BMWM,NJ,NJDEP_BMWM-A12C
NJDEP_BMWM-A13A2,unclassified,"neither: no BEACH Act type, no beach neighbour, no fittable fecal coliform",non_beach,Ocean,NJDEP_BMWM,NJ,NJDEP_BMWM-A13A2
NJDEP_BMWM-A14A2,unclassified,"neither: no BEACH Act type, no beach neighbour, no fittable fecal coliform",non_beach,Ocean,NJDEP_BMWM,NJ,NJDEP_BMWM-A14A2
NJDEP_BMWM-A14C,unclassified,"neither: no BEACH Act type, no beach neighbour, no fittable fecal coliform",non_beach,Ocean,NJDEP_BMWM,NJ,NJDEP_BMWM-A14C
NJDEP_BMWM-A15A,unclassified,"neither: no BEACH Act type, no beach neighbour, no fittable fecal coliform",non_beach,Ocean,NJDEP_BMWM,NJ,NJDEP_BMWM-A15A
NJDEP_BMWM-A15A2,unclassified,"neither: no BEACH Act type, no beach neighbour, no fittable fecal coliform",non_beach,Ocean,NJDEP_BMWM,NJ,NJDEP_BMWM-A15A2
NJDEP_BMWM-A15C,unclassified,"neither: no BEACH Act type, no beach neighbour, no fittable fecal coliform",non_beach,Ocean,NJDEP_BMWM,NJ,NJDEP_BMWM-A15C
NJDEP_BMWM-A16A,unclassified,"neither: no BEACH Act type, no beach neighbour, no fittable fecal coliform",non_beach,Ocean,NJDEP_BMWM,NJ,NJDEP_BMWM-A16A
NJDEP_BMWM-A16A2,unclassified,"neither: no BEACH Act type, no beach neighbour, no fittable fecal coliform",non_beach,Ocean,NJDEP_BMWM,NJ,NJDEP_BMWM-A16A2
NJDEP_BMWM-A17A,unclassified,"neither: no BEACH Act type, no beach neighbour, no fittable fecal coliform",non_beach,Ocean,NJDEP_BMWM,NJ,NJDEP_BMWM-A17A
NJDEP_BMWM-A17A2,unclassified,"neither: no BEACH Act type, no beach neighbour, no fittable fecal coliform",non_beach,Ocean,NJDEP_BMWM,NJ,NJDEP_BMWM-A17A2
NJDEP_BMWM-A17C,unclassified,"neither: no BEACH Act type, no beach neighbour, no fittable fecal coliform",non_beach,Ocean,NJDEP_BMWM,NJ,NJDEP_BMWM-A17C
NJDEP_BMWM-A18A,unclassified,"neither: no BEACH Act type, no beach neighbour, no fittable fecal coliform",non_beach,Ocean,NJDEP_BMWM,NJ,NJDEP_BMWM-A18A
NJDEP_BMWM-A18A2,unclassified,"neither: no BEACH Act type, no beach neighbour, no fittable fecal coliform",non_beach,Ocean,NJDEP_BMWM,NJ,NJDEP_BMWM-A18A2
NJDEP_BMWM-A18C,unclassified,"neither: no BEACH Act type, no beach neighbour, no fittable fecal coliform",non_beach,Ocean,NJDEP_BMWM,NJ,NJDEP_BMWM-A18C
NJDEP_BMWM-A19A,shellfish,"INFERRED: not a BEACH Act station and reports fecal coliform, the NSSP growing-area indicator",non_beach,Ocean,NJDEP_BMWM,NJ,NJDEP_BMWM-A19A
NJDEP_BMWM-A19B,shellfish,"INFERRED: not a BEACH Act station and reports fecal coliform, the NSSP growing-area indicator",non_beach,Ocean,NJDEP_BMWM,NJ,NJDEP_BMWM-A19B
NJDEP_BMWM-A1A,unclassified,"neither: no BEACH Act type, no beach neighbour, no fittable fecal coliform",non_beach,Ocean,NJDEP_BMWM,NJ,NJDEP_BMWM-A1A
NJDEP_BMWM-A20A,shellfish,"INFERRED: not a BEACH Act station and reports fecal coliform, the NSSP growing-area indicator",non_beach,Ocean,NJDEP_BMWM,NJ,NJDEP_BMWM-A20A
NJDEP_BMWM-A20B,shellfish,"INFERRED: not a BEACH Act station and reports fecal coliform, the NSSP growing-area indicator",non_beach,Ocean,NJDEP_BMWM,NJ,NJDEP_BMWM-A20B
NJDEP_BMWM-A20C,shellfish,"INFERRED: not a BEACH Act station and reports fecal coliform, the NSSP growing-area indicator",non_beach,Ocean,NJDEP_BMWM,NJ,NJDEP_BMWM-A20C
NJDEP_BMWM-A21A,shellfish,"INFERRED: not a BEACH Act station and reports fecal coliform, the NSSP growing-area indicator",non_beach,Ocean,NJDEP_BMWM,NJ,NJDEP_BMWM-A21A
NJDEP_BMWM-A21B,shellfish,"INFERRED: not a BEACH Act station and reports fecal coliform, the NSSP growing-area indicator",non_beach,Ocean,NJDEP_BMWM,NJ,NJDEP_BMWM-A21B
NJDEP_BMWM-A22A,shellfish,"INFERRED: not a BEACH Act station and reports fecal coliform, the NSSP growing-area indicator",non_beach,Ocean,NJDEP_BMWM,NJ,NJDEP_BMWM-A22A
NJDEP_BMWM-A22B,shellfish,"INFERRED: not a BEACH Act station and reports fecal coliform, the NSSP growing-area indicator",non_beach,Ocean,NJDEP_BMWM,NJ,NJDEP_BMWM-A22B
NJDEP_BMWM-A22C,shellfish,"INFERRED: not a BEACH Act station and reports fecal coliform, the NSSP growing-area indicator",non_beach,Ocean,NJDEP_BMWM,NJ,NJDEP_BMWM-A22C
NJDEP_BMWM-A23A,shellfish,"INFERRED: not a BEACH Act station and reports fecal coliform, the NSSP growing-area indicator",non_beach,Ocean,NJDEP_BMWM,NJ,NJDEP_BMWM-A23A
NJDEP_BMWM-A23A2,shellfish,"INFERRED: not a BEACH Act station and reports fecal coliform, the NSSP growing-area indicator",non_beach,Ocean,NJDEP_BMWM,NJ,NJDEP_BMWM-A23A2
NJDEP_BMWM-A23B,shellfish,"INFERRED: not a BEACH Act station and reports fecal coliform, the NSSP growing-area indicator",non_beach,Ocean,NJDEP_BMWM,NJ,NJDEP_BMWM-A23B
NJDEP_BMWM-A24A,shellfish,"INFERRED: not a BEACH Act station and reports fecal coliform, the NSSP growing-area indicator",non_beach,Ocean,NJDEP_BMWM,NJ,NJDEP_BMWM-A24A
NJDEP_BMWM-A24A2,shellfish,"INFERRED: not a BEACH Act station and reports fecal coliform, the NSSP growing-area indicator",non_beach,Ocean,NJDEP_BMWM,NJ,NJDEP_BMWM-A24A2
NJDEP_BMWM-A26A,shellfish,"INFERRED: not a BEACH Act station and reports fecal coliform, the NSSP growing-area indicator",non_beach,Ocean,NJDEP_BMWM,NJ,NJDEP_BMWM-A26A
NJDEP_BMWM-A27A,shellfish,"INFERRED: not a BEACH Act station and reports fecal coliform, the NSSP growing-area indicator",non_beach,Ocean,NJDEP_BMWM,NJ,NJDEP_BMWM-A27A
NJDEP_BMWM-A27A2,shellfish,"INFERRED: not a BEACH Act station and reports fecal coliform, the NSSP growing-area indicator",non_beach,Ocean,NJDEP_BMWM,NJ,NJDEP_BMWM-A27A2
NJDEP_BMWM-A28A,shellfish,"INFERRED: not a BEACH Act station and reports fecal coliform, the NSSP growing-area indicator",non_beach,Ocean,NJDEP_BMWM,NJ,NJDEP_BMWM-A28A
NJDEP_BMWM-A29A,shellfish,"INFERRED: not a BEACH Act station and reports fecal coliform, the NSSP growing-area indicator",non_beach,Ocean,NJDEP_BMWM,NJ,NJDEP_BMWM-A29A
NJDEP_BMWM-A29A2,shellfish,"INFERRED: not a BEACH Act station and reports fecal coliform, the NSSP growing-area indicator",non_beach,Ocean,NJDEP_BMWM,NJ,NJDEP_BMWM-A29A2
NJDEP_BMWM-A29B,shellfish,"INFERRED: not a BEACH Act station and reports fecal coliform, the NSSP growing-area indicator",non_beach,Ocean,NJDEP_BMWM,NJ,NJDEP_BMWM-A29B
NJDEP_BMWM-A2C,unclassified,"neither: no BEACH Act type, no beach neighbour, no fittable fecal coliform",non_beach,Ocean,NJDEP_BMWM,NJ,NJDEP_BMWM-A2C
NJDEP_BMWM-A30A,shellfish,"INFERRED: not a BEACH Act station and reports fecal coliform, the NSSP growing-area indicator",non_beach,Ocean,NJDEP_BMWM,NJ,NJDEP_BMWM-A30A
NJDEP_BMWM-A30A2,shellfish,"INFERRED: not a BEACH Act station and reports fecal coliform, the NSSP growing-area indicator",non_beach,Ocean,NJDEP_BMWM,NJ,NJDEP_BMWM-A30A2
NJDEP_BMWM-A30B,shellfish,"INFERRED: not a BEACH Act station and reports fecal coliform, the NSSP growing-area indicator",non_beach,Ocean,NJDEP_BMWM,NJ,NJDEP_BMWM-A30B
NJDEP_BMWM-A31A,shellfish,"INFERRED: not a BEACH Act station and reports fecal coliform, the NSSP growing-area indicator",non_beach,Ocean,NJDEP_BMWM,NJ,NJDEP_BMWM-A31A
NJDEP_BMWM-A32A,shellfish,"INFERRED: not a BEACH Act station and reports fecal coliform, the NSSP growing-area indicator",non_beach,Ocean,NJDEP_BMWM,NJ,NJDEP_BMWM-A32A
NJDEP_BMWM-A32A2,shellfish,"INFERRED: not a BEACH Act station and reports fecal coliform, the NSSP growing-area indicator",non_beach,Ocean,NJDEP_BMWM,NJ,NJDEP_BMWM-A32A2
NJDEP_BMWM-A33A,shellfish,"INFERRED: not a BEACH Act station and reports fecal coliform, the NSSP growing-area indicator",non_beach,Ocean,NJDEP_BMWM,NJ,NJDEP_BMWM-A33A
NJDEP_BMWM-A33A2,shellfish,"INFERRED: not a BEACH Act station and reports fecal coliform, the NSSP growing-area indicator",non_beach,Ocean,NJDEP_BMWM,NJ,NJDEP_BMWM-A33A2
NJDEP_BMWM-A34A,shellfish,"INFERRED: not a BEACH Act station and reports fecal coliform, the NSSP growing-area indicator",non_beach,Ocean,NJDEP_BMWM,NJ,NJDEP_BMWM-A34A
NJDEP_BMWM-A34A2,shellfish,"INFERRED: not a BEACH Act station and reports fecal coliform, the NSSP growing-area indicator",non_beach,Ocean,NJDEP_BMWM,NJ,NJDEP_BMWM-A34A2
NJDEP_BMWM-A35A,shellfish,"INFERRED: not a BEACH Act station and reports fecal coliform, the NSSP growing-area indicator",non_beach,Ocean,NJDEP_BMWM,NJ,NJDEP_BMWM-A35A
NJDEP_BMWM-A35A2,shellfish,"INFERRED: not a BEACH Act station and reports fecal coliform, the NSSP growing-area indicator",non_beach,Ocean,NJDEP_BMWM,NJ,NJDEP_BMWM-A35A2
NJDEP_BMWM-A36A,shellfish,"INFERRED: not a BEACH Act station and reports fecal coliform, the NSSP growing-area indicator",non_beach,Ocean,NJDEP_BMWM,NJ,NJDEP_BMWM-A36A
NJDEP_BMWM-A36A2,shellfish,"INFERRED: not a BEACH Act station and reports fecal coliform, the NSSP growing-area indicator",non_beach,Ocean,NJDEP_BMWM,NJ,NJDEP_BMWM-A36A2
NJDEP_BMWM-A36B,shellfish,"INFERRED: not a BEACH Act station and reports fecal coliform, the NSSP growing-area indicator",non_beach,Ocean,NJDEP_BMWM,NJ,NJDEP_BMWM-A36B
NJDEP_BMWM-A37A,shellfish,"INFERRED: not a BEACH Act station and reports fecal coliform, the NSSP growing-area indicator",non_beach,Ocean,NJDEP_BMWM,NJ,NJDEP_BMWM-A37A
NJDEP_BMWM-A37A2,shellfish,"INFERRED: not a BEACH Act station and reports fecal coliform, the NSSP growing-area indicator",non_beach,Ocean,NJDEP_BMWM,NJ,NJDEP_BMWM-A37A2
NJDEP_BMWM-A37B,shellfish,"INFERRED: not a BEACH Act station and reports fecal coliform, the NSSP growing-area indicator",non_beach,Ocean,NJDEP_BMWM,NJ,NJDEP_BMWM-A37B
NJDEP_BMWM-A37D,shellfish,"INFERRED: not a BEACH Act station and reports fecal coliform, the NSSP growing-area indicator",non_beach,Estuary,NJDEP_BMWM,NJ,NJDEP_BMWM-A37D
NJDEP_BMWM-A37E,shellfish,"INFERRED: not a BEACH Act station and reports fecal coliform, the NSSP growing-area indicator",non_beach,Estuary,NJDEP_BMWM,NJ,NJDEP_BMWM-A37E
NJDEP_BMWM-A37F,shellfish,"INFERRED: not a BEACH Act station and reports fecal coliform, the NSSP growing-area indicator",non_beach,Estuary,NJDEP_BMWM,NJ,NJDEP_BMWM-A37F
NJDEP_BMWM-A38A,shellfish,"INFERRED: not a BEACH Act station and reports fecal coliform, the NSSP growing-area indicator",non_beach,Ocean,NJDEP_BMWM,NJ,NJDEP_BMWM-A38A
NJDEP_BMWM-A38A2,shellfish,"INFERRED: not a BEACH Act station and reports fecal coliform, the NSSP growing-area indicator",non_beach,Ocean,NJDEP_BMWM,NJ,NJDEP_BMWM-A38A2
NJDEP_BMWM-A38B,shellfish,"INFERRED: not a BEACH Act station and reports fecal coliform, the NSSP growing-area indicator",non_beach,Ocean,NJDEP_BMWM,NJ,NJDEP_BMWM-A38B
NJDEP_BMWM-A38D,shellfish,"INFERRED: not a BEACH Act station and reports fecal coliform, the NSSP growing-area indicator",non_beach,Estuary,NJDEP_BMWM,NJ,NJDEP_BMWM-A38D
NJDEP_BMWM-A39A,shellfish,"INFERRED: not a BEACH Act station and reports fecal coliform, the NSSP growing-area indicator",non_beach,Ocean,NJDEP_BMWM,NJ,NJDEP_BMWM-A39A
NJDEP_BMWM-A39A2,shellfish,"INFERRED: not a BEACH Act station and reports fecal coliform, the NSSP growing-area indicator",non_beach,Ocean,NJDEP_BMWM,NJ,NJDEP_BMWM-A39A2
NJDEP_BMWM-A39B,shellfish,"INFERRED: not a BEACH Act station and reports fecal coliform, the NSSP growing-area indicator",non_beach,Ocean,NJDEP_BMWM,NJ,NJDEP_BMWM-A39B
NJDEP_BMWM-A39D,shellfish,"INFERRED: not a BEACH Act station and reports fecal coliform, the NSSP growing-area indicator",non_beach,Estuary,NJDEP_BMWM,NJ,NJDEP_BMWM-A39D
NJDEP_BMWM-A39E,shellfish,"INFERRED: not a BEACH Act station and reports fecal coliform, the NSSP growing-area indicator",non_beach,Estuary,NJDEP_BMWM,NJ,NJDEP_BMWM-A39E
NJDEP_BMWM-A39F,shellfish,"INFERRED: not a BEACH Act station and reports fecal coliform, the NSSP growing-area indicator",non_beach,Estuary,NJDEP_BMWM,NJ,NJDEP_BMWM-A39F
NJDEP_BMWM-A39G,shellfish,"INFERRED: not a BEACH Act station and reports fecal coliform, the NSSP growing-area indicator",non_beach,Estuary,NJDEP_BMWM,NJ,NJDEP_BMWM-A39G
NJDEP_BMWM-A39H,shellfish,"INFERRED: not a BEACH Act station and reports fecal coliform, the NSSP growing-area indicator",non_beach,Estuary,NJDEP_BMWM,NJ,NJDEP_BMWM-A39H
NJDEP_BMWM-A3A,unclassified,"neither: no BEACH Act type, no beach neighbour, no fittable fecal coliform",non_beach,Ocean,NJDEP_BMWM,NJ,NJDEP_BMWM-A3A
NJDEP_BMWM-A40A,shellfish,"INFERRED: not a BEACH Act station and reports fecal coliform, the NSSP growing-area indicator",non_beach,Ocean,NJDEP_BMWM,NJ,NJDEP_BMWM-A40A
NJDEP_BMWM-A40A2,shellfish,"INFERRED: not a BEACH Act station and reports fecal coliform, the NSSP growing-area indicator",non_beach,Ocean,NJDEP_BMWM,NJ,NJDEP_BMWM-A40A2
NJDEP_BMWM-A40B,shellfish,"INFERRED: not a BEACH Act station and reports fecal coliform, the NSSP growing-area indicator",non_beach,Ocean,NJDEP_BMWM,NJ,NJDEP_BMWM-A40B
NJDEP_BMWM-A42A,shellfish,"INFERRED: not a BEACH Act station and reports fecal coliform, the NSSP growing-area indicator",non_beach,Ocean,NJDEP_BMWM,NJ,NJDEP_BMWM-A42A
NJDEP_BMWM-A42A2,shellfish,"INFERRED: not a BEACH Act station and reports fecal coliform, the NSSP growing-area indicator",non_beach,Ocean,NJDEP_BMWM,NJ,NJDEP_BMWM-A42A2
NJDEP_BMWM-A44A,shellfish,"INFERRED: not a BEACH Act station and reports fecal coliform, the NSSP growing-area indicator",non_beach,Ocean,NJDEP_BMWM,NJ,NJDEP_BMWM-A44A
NJDEP_BMWM-A44A2,shellfish,"INFERRED: not a BEACH Act station and reports fecal coliform, the NSSP growing-area indicator",non_beach,Ocean,NJDEP_BMWM,NJ,NJDEP_BMWM-A44A2
NJDEP_BMWM-A46A,shellfish,"INFERRED: not a BEACH Act station and reports fecal coliform, the NSSP growing-area indicator",non_beach,Ocean,NJDEP_BMWM,NJ,NJDEP_BMWM-A46A
NJDEP_BMWM-A46A2,shellfish,"INFERRED: not a BEACH Act station and reports fecal coliform, the NSSP growing-area indicator",non_beach,Ocean,NJDEP_BMWM,NJ,NJDEP_BMWM-A46A2
NJDEP_BMWM-A47A,shellfish,"INFERRED: not a BEACH Act station and reports fecal coliform, the NSSP growing-area indicator",non_beach,Ocean,NJDEP_BMWM,NJ,NJDEP_BMWM-A47A
NJDEP_BMWM-A4C,unclassified,"neither: no BEACH Act type, no beach neighbour, no fittable fecal coliform",non_beach,Ocean,NJDEP_BMWM,NJ,NJDEP_BMWM-A4C
NJDEP_BMWM-A53A,shellfish,"INFERRED: not a BEACH Act station and reports fecal coliform, the NSSP growing-area indicator",non_beach,Ocean,NJDEP_BMWM,NJ,NJDEP_BMWM-A53A
NJDEP_BMWM-A53A2,shellfish,"INFERRED: not a BEACH Act station and reports fecal coliform, the NSSP growing-area indicator",non_beach,Ocean,NJDEP_BMWM,NJ,NJDEP_BMWM-A53A2
NJDEP_BMWM-A53B,shellfish,"INFERRED: not a BEACH Act station and reports fecal coliform, the NSSP growing-area indicator",non_beach,Ocean,NJDEP_BMWM,NJ,NJDEP_BMWM-A53B
NJDEP_BMWM-A54A,shellfish,"INFERRED: not a BEACH Act station and reports fecal coliform, the NSSP growing-area indicator",non_beach,Ocean,NJDEP_BMWM,NJ,NJDEP_BMWM-A54A
NJDEP_BMWM-A54A2,unclassified,"neither: no BEACH Act type, no beach neighbour, no fittable fecal coliform",non_beach,Ocean,NJDEP_BMWM,NJ,NJDEP_BMWM-A54A2
NJDEP_BMWM-A54B,shellfish,"INFERRED: not a BEACH Act station and reports fecal coliform, the NSSP growing-area indicator",non_beach,Ocean,NJDEP_BMWM,NJ,NJDEP_BMWM-A54B
NJDEP_BMWM-A55A,shellfish,"INFERRED: not a BEACH Act station and reports fecal coliform, the NSSP growing-area indicator",non_beach,Ocean,NJDEP_BMWM,NJ,NJDEP_BMWM-A55A
NJDEP_BMWM-A57A,shellfish,"INFERRED: not a BEACH Act station and reports fecal coliform, the NSSP growing-area indicator",non_beach,Ocean,NJDEP_BMWM,NJ,NJDEP_BMWM-A57A
NJDEP_BMWM-A57B,shellfish,"INFERRED: not a BEACH Act station and reports fecal coliform, the NSSP growing-area indicator",non_beach,Ocean,NJDEP_BMWM,NJ,NJDEP_BMWM-A57B
NJDEP_BMWM-A6A,unclassified,"neither: no BEACH Act type, no beach neighbour, no fittable fecal coliform",non_beach,Ocean,NJDEP_BMWM,NJ,NJDEP_BMWM-A6A
NJDEP_BMWM-A6C,unclassified,"neither: no BEACH Act type, no beach neighbour, no fittable fecal coliform",non_beach,Ocean,NJDEP_BMWM,NJ,NJDEP_BMWM-A6C
NJDEP_BMWM-A74A,shellfish,"INFERRED: not a BEACH Act station and reports fecal coliform, the NSSP growing-area indicator",non_beach,Ocean,NJDEP_BMWM,NJ,NJDEP_BMWM-A74A
NJDEP_BMWM-A74A2,shellfish,"INFERRED: not a BEACH Act station and reports fecal coliform, the NSSP growing-area indicator",non_beach,Ocean,NJDEP_BMWM,NJ,NJDEP_BMWM-A74A2
NJDEP_BMWM-A75A2,shellfish,"INFERRED: not a BEACH Act station and reports fecal coliform, the NSSP growing-area indicator",non_beach,Ocean,NJDEP_BMWM,NJ,NJDEP_BMWM-A75A2
NJDEP_BMWM-A76A,shellfish,"INFERRED: not a BEACH Act station and reports fecal coliform, the NSSP growing-area indicator",non_beach,Ocean,NJDEP_BMWM,NJ,NJDEP_BMWM-A76A
NJDEP_BMWM-A76B,shellfish,"INFERRED: not a BEACH Act station and reports fecal coliform, the NSSP growing-area indicator",non_beach,Ocean,NJDEP_BMWM,NJ,NJDEP_BMWM-A76B
NJDEP_BMWM-A77A,shellfish,"INFERRED: not a BEACH Act station and reports fecal coliform, the NSSP growing-area indicator",non_beach,Ocean,NJDEP_BMWM,NJ,NJDEP_BMWM-A77A
NJDEP_BMWM-A77B,shellfish,"INFERRED: not a BEACH Act station and reports fecal coliform, the NSSP growing-area indicator",non_beach,Ocean,NJDEP_BMWM,NJ,NJDEP_BMWM-A77B
NJDEP_BMWM-A78A2,shellfish,"INFERRED: not a BEACH Act station and reports fecal coliform, the NSSP growing-area indicator",non_beach,Ocean,NJDEP_BMWM,NJ,NJDEP_BMWM-A78A2
NJDEP_BMWM-A81B,shellfish,"INFERRED: not a BEACH Act station and reports fecal coliform, the NSSP growing-area indicator",non_beach,Ocean,NJDEP_BMWM,NJ,NJDEP_BMWM-A81B
NJDEP_BMWM-A82A2,shellfish,"INFERRED: not a BEACH Act station and reports fecal coliform, the NSSP growing-area indicator",non_beach,Ocean,NJDEP_BMWM,NJ,NJDEP_BMWM-A82A2
NJDEP_BMWM-A83A2,shellfish,"INFERRED: not a BEACH Act station and reports fecal coliform, the NSSP growing-area indicator",non_beach,Ocean,NJDEP_BMWM,NJ,NJDEP_BMWM-A83A2
NJDEP_BMWM-A84A2,shellfish,"INFERRED: not a BEACH Act station and reports fecal coliform, the NSSP growing-area indicator",non_beach,Ocean,NJDEP_BMWM,NJ,NJDEP_BMWM-A84A2
NJDEP_BMWM-A85A,shellfish,"INFERRED: not a BEACH Act station and reports fecal coliform, the NSSP growing-area indicator",non_beach,Ocean,NJDEP_BMWM,NJ,NJDEP_BMWM-A85A
NJDEP_BMWM-A85A2,shellfish,"INFERRED: not a BEACH Act station and reports fecal coliform, the NSSP growing-area indicator",non_beach,Ocean,NJDEP_BMWM,NJ,NJDEP_BMWM-A85A2
NJDEP_BMWM-A85B,shellfish,"INFERRED: not a BEACH Act station and reports fecal coliform, the NSSP growing-area indicator",non_beach,Ocean,NJDEP_BMWM,NJ,NJDEP_BMWM-A85B
NJDEP_BMWM-A86B,shellfish,"INFERRED: not a BEACH Act station and reports fecal coliform, the NSSP growing-area indicator",non_beach,Ocean,NJDEP_BMWM,NJ,NJDEP_BMWM-A86B
NJDEP_BMWM-A87A,shellfish,"INFERRED: not a BEACH Act station and reports fecal coliform, the NSSP growing-area indicator",non_beach,Ocean,NJDEP_BMWM,NJ,NJDEP_BMWM-A87A
NJDEP_BMWM-A87A2,shellfish,"INFERRED: not a BEACH Act station and reports fecal coliform, the NSSP growing-area indicator",non_beach,Ocean,NJDEP_BMWM,NJ,NJDEP_BMWM-A87A2
NJDEP_BMWM-A88A,shellfish,"INFERRED: not a BEACH Act station and reports fecal coliform, the NSSP growing-area indicator",non_beach,Ocean,NJDEP_BMWM,NJ,NJDEP_BMWM-A88A
NJDEP_BMWM-A88A2,shellfish,"INFERRED: not a BEACH Act station and reports fecal coliform, the NSSP growing-area indicator",non_beach,Ocean,NJDEP_BMWM,NJ,NJDEP_BMWM-A88A2
NJDEP_BMWM-A89A,shellfish,"INFERRED: not a BEACH Act station and reports fecal coliform, the NSSP growing-area indicator",non_beach,Ocean,NJDEP_BMWM,NJ,NJDEP_BMWM-A89A
NJDEP_BMWM-A8A,unclassified,"neither: no BEACH Act type, no beach neighbour, no fittable fecal coliform",non_beach,Ocean,NJDEP_BMWM,NJ,NJDEP_BMWM-A8A
NJDEP_BMWM-A8B,unclassified,"neither: no BEACH Act type, no beach neighbour, no fittable fecal coliform",non_beach,Ocean,NJDEP_BMWM,NJ,NJDEP_BMWM-A8B
NJDEP_BMWM-A8C,unclassified,"neither: no BEACH Act type, no beach neighbour, no fittable fecal coliform",non_beach,Ocean,NJDEP_BMWM,NJ,NJDEP_BMWM-A8C
NJDEP_BMWM-A91A,shellfish,"INFERRED: not a BEACH Act station and reports fecal coliform, the NSSP growing-area indicator",non_beach,Ocean,NJDEP_BMWM,NJ,NJDEP_BMWM-A91A
NJDEP_BMWM-A92A2,shellfish,"INFERRED: not a BEACH Act station and reports fecal coliform, the NSSP growing-area indicator",non_beach,Ocean,NJDEP_BMWM,NJ,NJDEP_BMWM-A92A2
NJDEP_BMWM-A93A2,shellfish,"INFERRED: not a BEACH Act station and reports fecal coliform, the NSSP growing-area indicator",non_beach,Ocean,NJDEP_BMWM,NJ,NJDEP_BMWM-A93A2
NJDEP_BMWM-A93B,shellfish,"INFERRED: not a BEACH Act station and reports fecal coliform, the NSSP growing-area indicator",non_beach,Ocean,NJDEP_BMWM,NJ,NJDEP_BMWM-A93B
NJDEP_BMWM-A94A,shellfish,"INFERRED: not a BEACH Act station and reports fecal coliform, the NSSP growing-area indicator",non_beach,Ocean,NJDEP_BMWM,NJ,NJDEP_BMWM-A94A
NJDEP_BMWM-A94A2,shellfish,"INFERRED: not a BEACH Act station and reports fecal coliform, the NSSP growing-area indicator",non_beach,Ocean,NJDEP_BMWM,NJ,NJDEP_BMWM-A94A2
NJDEP_BMWM-A94B,shellfish,"INFERRED: not a BEACH Act station and reports fecal coliform, the NSSP growing-area indicator",non_beach,Ocean,NJDEP_BMWM,NJ,NJDEP_BMWM-A94B
NJDEP_BMWM-A95A,shellfish,"INFERRED: not a BEACH Act station and reports fecal coliform, the NSSP growing-area indicator",non_beach,Ocean,NJDEP_BMWM,NJ,NJDEP_BMWM-A95A
NJDEP_BMWM-A95A2,shellfish,"INFERRED: not a BEACH Act station and reports fecal coliform, the NSSP growing-area indicator",non_beach,Ocean,NJDEP_BMWM,NJ,NJDEP_BMWM-A95A2
NJDEP_BMWM-A95B,shellfish,"INFERRED: not a BEACH Act station and reports fecal coliform, the NSSP growing-area indicator",non_beach,Ocean,NJDEP_BMWM,NJ,NJDEP_BMWM-A95B
NJDEP_BMWM-A98A,shellfish,"INFERRED: not a BEACH Act station and reports fecal coliform, the NSSP growing-area indicator",non_beach,Ocean,NJDEP_BMWM,NJ,NJDEP_BMWM-A98A
NJDEP_BMWM-A99A,shellfish,"INFERRED: not a BEACH Act station and reports fecal coliform, the NSSP growing-area indicator",non_beach,Ocean,NJDEP_BMWM,NJ,NJDEP_BMWM-A99A
NJDEP_BMWM-A9C,unclassified,"neither: no BEACH Act type, no beach neighbour, no fittable fecal coliform",non_beach,Ocean,NJDEP_BMWM,NJ,NJDEP_BMWM-A9C
NJDEP_BMWM-AX12B1,unclassified,"neither: no BEACH Act type, no beach neighbour, no fittable fecal coliform",non_beach,Estuary,NJDEP_BMWM,NJ,NJDEP_BMWM-AX12B1
NJDEP_BMWM-AX13A1,unclassified,"neither: no BEACH Act type, no beach neighbour, no fittable fecal coliform",non_beach,Ocean,NJDEP_BMWM,NJ,NJDEP_BMWM-AX13A1
NJDEP_BMWM-AX16A1,unclassified,"neither: no BEACH Act type, no beach neighbour, no fittable fecal coliform",non_beach,Ocean,NJDEP_BMWM,NJ,NJDEP_BMWM-AX16A1
NJDEP_BMWM-AX18A1,unclassified,"neither: no BEACH Act type, no beach neighbour, no fittable fecal coliform",non_beach,Ocean,NJDEP_BMWM,NJ,NJDEP_BMWM-AX18A1
NJDEP_BMWM-AX20A,shellfish,"INFERRED: not a BEACH Act station and reports fecal coliform, the NSSP growing-area indicator",non_beach,Estuary,NJDEP_BMWM,NJ,NJDEP_BMWM-AX20A
NJDEP_BMWM-AX31A,shellfish,"INFERRED: not a BEACH Act station and reports fecal coliform, the NSSP growing-area indicator",non_beach,Ocean,NJDEP_BMWM,NJ,NJDEP_BMWM-AX31A
NJDEP_BMWM-AX31A2,shellfish,"INFERRED: not a BEACH Act station and reports fecal coliform, the NSSP growing-area indicator",non_beach,Ocean,NJDEP_BMWM,NJ,NJDEP_BMWM-AX31A2
NJDEP_BMWM-AX50A1,shellfish,"INFERRED: not a BEACH Act station and reports fecal coliform, the NSSP growing-area indicator",non_beach,Ocean,NJDEP_BMWM,NJ,NJDEP_BMWM-AX50A1
NJDEP_BMWM-AX52A1,shellfish,"INFERRED: not a BEACH Act station and reports fecal coliform, the NSSP growing-area indicator",non_beach,Ocean,NJDEP_BMWM,NJ,NJDEP_BMWM-AX52A1
NJDEP_BMWM-AX75A1,shellfish,"INFERRED: not a BEACH Act station and reports fecal coliform, the NSSP growing-area indicator",non_beach,Ocean,NJDEP_BMWM,NJ,NJDEP_BMWM-AX75A1
NJDEP_BMWM-AX78A1,shellfish,"INFERRED: not a BEACH Act station and reports fecal coliform, the NSSP growing-area indicator",non_beach,Ocean,NJDEP_BMWM,NJ,NJDEP_BMWM-AX78A1
NJDEP_BMWM-AX80A1,shellfish,"INFERRED: not a BEACH Act station and reports fecal coliform, the NSSP growing-area indicator",non_beach,Ocean,NJDEP_BMWM,NJ,NJDEP_BMWM-AX80A1
NJDEP_BMWM-AX83A1,shellfish,"INFERRED: not a BEACH Act station and reports fecal coliform, the NSSP growing-area indicator",non_beach,Ocean,NJDEP_BMWM,NJ,NJDEP_BMWM-AX83A1
NJDEP_BMWM-AX84A1,shellfish,"INFERRED: not a BEACH Act station and reports fecal coliform, the NSSP growing-area indicator",non_beach,Ocean,NJDEP_BMWM,NJ,NJDEP_BMWM-AX84A1
NJDEP_BMWM-AX8A1,unclassified,"neither: no BEACH Act type, no beach neighbour, no fittable fecal coliform",non_beach,Estuary,NJDEP_BMWM,NJ,NJDEP_BMWM-AX8A1
NJDEP_BMWM-AX92A1,shellfish,"INFERRED: not a BEACH Act station and reports fecal coliform, the NSSP growing-area indicator",non_beach,Ocean,NJDEP_BMWM,NJ,NJDEP_BMWM-AX92A1
NJDEP_BMWM-B25A,shellfish,"INFERRED: not a BEACH Act station and reports fecal coliform, the NSSP growing-area indicator",non_beach,Ocean,NJDEP_BMWM,NJ,NJDEP_BMWM-B25A
NJDEP_BMWM-B25A2,shellfish,"INFERRED: not a BEACH Act station and reports fecal coliform, the NSSP growing-area indicator",non_beach,Ocean,NJDEP_BMWM,NJ,NJDEP_BMWM-B25A2
NJDEP_BMWM-B74A,shellfish,"INFERRED: not a BEACH Act station and reports fecal coliform, the NSSP growing-area indicator",non_beach,Ocean,NJDEP_BMWM,NJ,NJDEP_BMWM-B74A
NJDEP_BMWM-B76A,shellfish,"INFERRED: not a BEACH Act station and reports fecal coliform, the NSSP growing-area indicator",non_beach,Ocean,NJDEP_BMWM,NJ,NJDEP_BMWM-B76A
NJDEP_BMWM-B76B,shellfish,"INFERRED: not a BEACH Act station and reports fecal coliform, the NSSP growing-area indicator",non_beach,Ocean,NJDEP_BMWM,NJ,NJDEP_BMWM-B76B
NJDEP_BMWM-C106A1,shellfish,"INFERRED: not a BEACH Act station and reports fecal coliform, the NSSP growing-area indicator",non_beach,Ocean,NJDEP_BMWM,NJ,NJDEP_BMWM-C106A1
NJDEP_BMWM-C26A,shellfish,"INFERRED: not a BEACH Act station and reports fecal coliform, the NSSP growing-area indicator",non_beach,Ocean,NJDEP_BMWM,NJ,NJDEP_BMWM-C26A
NJDEP_BMWM-C26A2,shellfish,"INFERRED: not a BEACH Act station and reports fecal coliform, the NSSP growing-area indicator",non_beach,Ocean,NJDEP_BMWM,NJ,NJDEP_BMWM-C26A2
NJDEP_BMWM-C52A2,shellfish,"INFERRED: not a BEACH Act station and reports fecal coliform, the NSSP growing-area indicator",non_beach,Ocean,NJDEP_BMWM,NJ,NJDEP_BMWM-C52A2
NJDEP_BMWM-C53B,shellfish,"INFERRED: not a BEACH Act station and reports fecal coliform, the NSSP growing-area indicator",non_beach,Ocean,NJDEP_BMWM,NJ,NJDEP_BMWM-C53B
NJDEP_BMWM-C54A2,shellfish,"INFERRED: not a BEACH Act station and reports fecal coliform, the NSSP growing-area indicator",non_beach,Ocean,NJDEP_BMWM,NJ,NJDEP_BMWM-C54A2
NJDEP_BMWM-C73A,shellfish,"INFERRED: not a BEACH Act station and reports fecal coliform, the NSSP growing-area indicator",non_beach,Ocean,NJDEP_BMWM,NJ,NJDEP_BMWM-C73A
NJDEP_BMWM-C73A2,shellfish,"INFERRED: not a BEACH Act station and reports fecal coliform, the NSSP growing-area indicator",non_beach,Ocean,NJDEP_BMWM,NJ,NJDEP_BMWM-C73A2
NJDEP_BMWM-C73B,shellfish,"INFERRED: not a BEACH Act station and reports fecal coliform, the NSSP growing-area indicator",non_beach,Ocean,NJDEP_BMWM,NJ,NJDEP_BMWM-C73B
NJDEP_BMWM-C80A2,shellfish,"INFERRED: not a BEACH Act station and reports fecal coliform, the NSSP growing-area indicator",non_beach,Ocean,NJDEP_BMWM,NJ,NJDEP_BMWM-C80A2
NJDEP_BMWM-C85A2,shellfish,"INFERRED: not a BEACH Act station and reports fecal coliform, the NSSP growing-area indicator",non_beach,Ocean,NJDEP_BMWM,NJ,NJDEP_BMWM-C85A2
NJDEP_BMWM-C86A,shellfish,"INFERRED: not a BEACH Act station and reports fecal coliform, the NSSP growing-area indicator",non_beach,Ocean,NJDEP_BMWM,NJ,NJDEP_BMWM-C86A
NJDEP_BMWM-C86A2,shellfish,"INFERRED: not a BEACH Act station and reports fecal coliform, the NSSP growing-area indicator",non_beach,Ocean,NJDEP_BMWM,NJ,NJDEP_BMWM-C86A2
NJDEP_BMWM-C86B,shellfish,"INFERRED: not a BEACH Act station and reports fecal coliform, the NSSP growing-area indicator",non_beach,Ocean,NJDEP_BMWM,NJ,NJDEP_BMWM-C86B
NJDEP_BMWM-DRC1,unclassified,"neither: no BEACH Act type, no beach neighbour, no fittable fecal coliform",non_beach,Estuary,NJDEP_BMWM,NJ,NJDEP_BMWM-DRC1
NJDEP_BMWM-KP1,shellfish,"INFERRED: not a BEACH Act station and reports fecal coliform, the NSSP growing-area indicator",non_beach,Estuary,NJDEP_BMWM,NJ,NJDEP_BMWM-KP1
NJDEP_BMWM-KP2,shellfish,"INFERRED: not a BEACH Act station and reports fecal coliform, the NSSP growing-area indicator",non_beach,Estuary,NJDEP_BMWM,NJ,NJDEP_BMWM-KP2
NJDEP_BMWM-KP3,shellfish,"INFERRED: not a BEACH Act station and reports fecal coliform, the NSSP growing-area indicator",non_beach,Estuary,NJDEP_BMWM,NJ,NJDEP_BMWM-KP3
NJDEP_BMWM-KP4,shellfish,"INFERRED: not a BEACH Act station and reports fecal coliform, the NSSP growing-area indicator",non_beach,Estuary,NJDEP_BMWM,NJ,NJDEP_BMWM-KP4
NJDEP_BMWM-R07,unclassified,"neither: no BEACH Act type, no beach neighbour, no fittable fecal coliform",non_beach,Estuary,NJDEP_BMWM,NJ,NJDEP_BMWM-R07
NJDEP_BMWM-R09,unclassified,"neither: no BEACH Act type, no beach neighbour, no fittable fecal coliform",non_beach,Estuary,NJDEP_BMWM,NJ,NJDEP_BMWM-R09
NJDEP_BMWM-R10,unclassified,"neither: no BEACH Act type, no beach neighbour, no fittable fecal coliform",non_beach,Estuary,NJDEP_BMWM,NJ,NJDEP_BMWM-R10
NJDEP_BMWM-R11,unclassified,"neither: no BEACH Act type, no beach neighbour, no fittable fecal coliform",non_beach,Estuary,NJDEP_BMWM,NJ,NJDEP_BMWM-R11
NJDEP_BMWM-R19,unclassified,"neither: no BEACH Act type, no beach neighbour, no fittable fecal coliform",non_beach,Estuary,NJDEP_BMWM,NJ,NJDEP_BMWM-R19
NJDEP_BMWM-R23,shellfish,"INFERRED: not a BEACH Act station and reports fecal coliform, the NSSP growing-area indicator",non_beach,Estuary,NJDEP_BMWM,NJ,NJDEP_BMWM-R23
NJDEP_BMWM-R24,shellfish,"INFERRED: not a BEACH Act station and reports fecal coliform, the NSSP growing-area indicator",non_beach,Estuary,NJDEP_BMWM,NJ,NJDEP_BMWM-R24
NJDEP_BMWM-R25,shellfish,"INFERRED: not a BEACH Act station and reports fecal coliform, the NSSP growing-area indicator",non_beach,Estuary,NJDEP_BMWM,NJ,NJDEP_BMWM-R25
NJDEP_BMWM-R27,shellfish,"INFERRED: not a BEACH Act station and reports fecal coliform, the NSSP growing-area indicator",non_beach,Estuary,NJDEP_BMWM,NJ,NJDEP_BMWM-R27
NJDEP_BMWM-R28,shellfish,"INFERRED: not a BEACH Act station and reports fecal coliform, the NSSP growing-area indicator",non_beach,Estuary,NJDEP_BMWM,NJ,NJDEP_BMWM-R28
NJDEP_BMWM-R32,shellfish,"INFERRED: not a BEACH Act station and reports fecal coliform, the NSSP growing-area indicator",non_beach,Estuary,NJDEP_BMWM,NJ,NJDEP_BMWM-R32
NJDEP_BMWM-R33,shellfish,"INFERRED: not a BEACH Act station and reports fecal coliform, the NSSP growing-area indicator",non_beach,Estuary,NJDEP_BMWM,NJ,NJDEP_BMWM-R33
NJDEP_BMWM-R34,shellfish,"INFERRED: not a BEACH Act station and reports fecal coliform, the NSSP growing-area indicator",non_beach,Estuary,NJDEP_BMWM,NJ,NJDEP_BMWM-R34
NJDEP_BMWM-R36,unclassified,"neither: no BEACH Act type, no beach neighbour, no fittable fecal coliform",non_beach,Estuary,NJDEP_BMWM,NJ,NJDEP_BMWM-R36
NJDEP_BMWM-R37,unclassified,"neither: no BEACH Act type, no beach neighbour, no fittable fecal coliform",non_beach,Estuary,NJDEP_BMWM,NJ,NJDEP_BMWM-R37
NJDEP_BMWM-R38,shellfish,"INFERRED: not a BEACH Act station and reports fecal coliform, the NSSP growing-area indicator",non_beach,Estuary,NJDEP_BMWM,NJ,NJDEP_BMWM-R38
NJDEP_BMWM-R39,shellfish,"INFERRED: not a BEACH Act station and reports fecal coliform, the NSSP growing-area indicator",non_beach,Estuary,NJDEP_BMWM,NJ,NJDEP_BMWM-R39
NJDEP_BMWM-R40,unclassified,"neither: no BEACH Act type, no beach neighbour, no fittable fecal coliform",non_beach,Estuary,NJDEP_BMWM,NJ,NJDEP_BMWM-R40
NJDEP_BMWM-R42,unclassified,"neither: no BEACH Act type, no beach neighbour, no fittable fecal coliform",non_beach,Estuary,NJDEP_BMWM,NJ,NJDEP_BMWM-R42
NJDEP_BMWM-R47,unclassified,"neither: no BEACH Act type, no beach neighbour, no fittable fecal coliform",non_beach,Estuary,NJDEP_BMWM,NJ,NJDEP_BMWM-R47
NJDEP_BMWM-R49,unclassified,"neither: no BEACH Act type, no beach neighbour, no fittable fecal coliform",non_beach,Estuary,NJDEP_BMWM,NJ,NJDEP_BMWM-R49
NJDEP_BMWM-R51,unclassified,"neither: no BEACH Act type, no beach neighbour, no fittable fecal coliform",non_beach,Estuary,NJDEP_BMWM,NJ,NJDEP_BMWM-R51
NJDEP_BMWM-R55,unclassified,"neither: no BEACH Act type, no beach neighbour, no fittable fecal coliform",non_beach,Estuary,NJDEP_BMWM,NJ,NJDEP_BMWM-R55
NJDEP_BMWM-R56,unclassified,"neither: no BEACH Act type, no beach neighbour, no fittable fecal coliform",non_beach,Estuary,NJDEP_BMWM,NJ,NJDEP_BMWM-R56
NJDEP_BMWM-R59,unclassified,"neither: no BEACH Act type, no beach neighbour, no fittable fecal coliform",non_beach,Estuary,NJDEP_BMWM,NJ,NJDEP_BMWM-R59
NJDEP_BMWM-R61,unclassified,"neither: no BEACH Act type, no beach neighbour, no fittable fecal coliform",non_beach,Estuary,NJDEP_BMWM,NJ,NJDEP_BMWM-R61
NJDEP_BMWM-R62,unclassified,"neither: no BEACH Act type, no beach neighbour, no fittable fecal coliform",non_beach,Estuary,NJDEP_BMWM,NJ,NJDEP_BMWM-R62
NJDEP_BMWM-R63,shellfish,"INFERRED: not a BEACH Act station and reports fecal coliform, the NSSP growing-area indicator",non_beach,Estuary,NJDEP_BMWM,NJ,NJDEP_BMWM-R63
NJDEP_BMWM-R64,unclassified,"neither: no BEACH Act type, no beach neighbour, no fittable fecal coliform",non_beach,Estuary,NJDEP_BMWM,NJ,NJDEP_BMWM-R64
NJDEP_BMWM-R65,shellfish,"INFERRED: not a BEACH Act station and reports fecal coliform, the NSSP growing-area indicator",non_beach,Estuary,NJDEP_BMWM,NJ,NJDEP_BMWM-R65
NJDEP_BMWM-R66,unclassified,"neither: no BEACH Act type, no beach neighbour, no fittable fecal coliform",non_beach,Estuary,NJDEP_BMWM,NJ,NJDEP_BMWM-R66
NJDEP_BMWM-R67,unclassified,"neither: no BEACH Act type, no beach neighbour, no fittable fecal coliform",non_beach,Estuary,NJDEP_BMWM,NJ,NJDEP_BMWM-R67
NJHDG-10,shellfish,"INFERRED: not a BEACH Act station and reports fecal coliform, the NSSP growing-area indicator",non_beach,Estuary,NJHDG,NJ,NJHDG-10
NJHDG-12,shellfish,"INFERRED: not a BEACH Act station and reports fecal coliform, the NSSP growing-area indicator",non_beach,Estuary,NJHDG,NJ,NJHDG-12
NJHDG-14,shellfish,"INFERRED: not a BEACH Act station and reports fecal coliform, the NSSP growing-area indicator",non_beach,Estuary,NJHDG,NJ,NJHDG-14
NJHDG-15,shellfish,"INFERRED: not a BEACH Act station and reports fecal coliform, the NSSP growing-area indicator",non_beach,Estuary,NJHDG,NJ,NJHDG-15
NJHDG-16,shellfish,"INFERRED: not a BEACH Act station and reports fecal coliform, the NSSP growing-area indicator",non_beach,Estuary,NJHDG,NJ,NJHDG-16
NJHDG-17,shellfish,"INFERRED: not a BEACH Act station and reports fecal coliform, the NSSP growing-area indicator",non_beach,Estuary,NJHDG,NJ,NJHDG-17
NJHDG-18,shellfish,"INFERRED: not a BEACH Act station and reports fecal coliform, the NSSP growing-area indicator",non_beach,Estuary,NJHDG,NJ,IEC-NYNJCT-NJHDG_18
NJHDG-19,shellfish,"INFERRED: not a BEACH Act station and reports fecal coliform, the NSSP growing-area indicator",non_beach,Estuary,NJHDG,NJ,NJHDG-19
NJHDG-20,shellfish,"INFERRED: not a BEACH Act station and reports fecal coliform, the NSSP growing-area indicator",non_beach,Estuary,NJHDG,NJ,NJHDG-20
NJHDG-21,shellfish,"INFERRED: not a BEACH Act station and reports fecal coliform, the NSSP growing-area indicator",non_beach,Estuary,NJHDG,NJ,NJHDG-21
NJHDG-22,unclassified,"neither: no BEACH Act type, no beach neighbour, no fittable fecal coliform",non_beach,Estuary,NJHDG,NJ,NJHDG-22
NJHDG-23,shellfish,"INFERRED: not a BEACH Act station and reports fecal coliform, the NSSP growing-area indicator",non_beach,Estuary,NJHDG,NJ,NJHDG-23
NJHDG-26,shellfish,"INFERRED: not a BEACH Act station and reports fecal coliform, the NSSP growing-area indicator",non_beach,Estuary,NJHDG,NJ,NJHDG-26
NJHDG-27,shellfish,"INFERRED: not a BEACH Act station and reports fecal coliform, the NSSP growing-area indicator",non_beach,Estuary,NJHDG,NJ,NJHDG-27
NJHDG-28,shellfish,"INFERRED: not a BEACH Act station and reports fecal coliform, the NSSP growing-area indicator",non_beach,Estuary,NJHDG,NJ,NJHDG-28
NJHDG-29,shellfish,"INFERRED: not a BEACH Act station and reports fecal coliform, the NSSP growing-area indicator",non_beach,Estuary,NJHDG,NJ,NJHDG-29
NJHDG-31,shellfish,"INFERRED: not a BEACH Act station and reports fecal coliform, the NSSP growing-area indicator",non_beach,Estuary,NJHDG,NJ,NJHDG-31
NJHDG-32,shellfish,"INFERRED: not a BEACH Act station and reports fecal coliform, the NSSP growing-area indicator",non_beach,Estuary,NJHDG,NJ,NJHDG-32
NJHDG-33,shellfish,"INFERRED: not a BEACH Act station and reports fecal coliform, the NSSP growing-area indicator",non_beach,Estuary,NJHDG,NJ,NJHDG-33
USGS-01302027,unclassified,"neither: no BEACH Act type, no beach neighbour, no fittable fecal coliform",non_beach,Estuary,USGS-NY,NY,USGS-01302027
USGS-405119073551401,unclassified,"neither: no BEACH Act type, no beach neighbour, no fittable fecal coliform",non_beach,Estuary,USGS-NY,NY,IEC-NYNJCT-IEC_ROCLE
21NYBCH-NY092168-01,beach,SOURCED: EPA BEACH Act location type,beach_act,BEACH Program Site-Ocean,21NYBCH,NY,21NYBCH-NY092168-01
21NYBCH-NY092168-02,beach,SOURCED: EPA BEACH Act location type,beach_act,BEACH Program Site-Ocean,21NYBCH,NY,21NYBCH-NY092168-01
21NYBCH-NY106799-01,beach,SOURCED: EPA BEACH Act location type,beach_act,BEACH Program Site-Ocean,21NYBCH,NY,21NYBCH-NY106799-01
21NYBCH-NY113506-01,beach,SOURCED: EPA BEACH Act location type,beach_act,BEACH Program Site-Ocean,21NYBCH,NY,21NYBCH-NY113506-01
21NYBCH-NY120695-01,beach,SOURCED: EPA BEACH Act location type,beach_act,BEACH Program Site-Great Lake,21NYBCH,NY,21NYBCH-NY120695-01
21NYBCH-NY129995-02,beach,SOURCED: EPA BEACH Act location type,beach_act,BEACH Program Site-Great Lake,21NYBCH,NY,21NYBCH-NY129995-02
21NYBCH-NY133112-01,beach,SOURCED: EPA BEACH Act location type,beach_act,BEACH Program Site-Ocean,21NYBCH,NY,21NYBCH-NY133112-01
21NYBCH-NY134025-01,beach,SOURCED: EPA BEACH Act location type,beach_act,BEACH Program Site-Ocean,21NYBCH,NY,21NYBCH-NY134025-01
21NYBCH-NY149226-01,beach,SOURCED: EPA BEACH Act location type,beach_act,BEACH Program Site-Ocean,21NYBCH,NY,21NYBCH-NY149226-01
21NYBCH-NY159820-01,beach,SOURCED: EPA BEACH Act location type,beach_act,BEACH Program Site-Ocean,21NYBCH,NY,21NYBCH-NY159820-01
21NYBCH-NY163689-01,beach,SOURCED: EPA BEACH Act location type,beach_act,BEACH Program Site-Great Lake,21NYBCH,NY,21NYBCH-NY163689-01
21NYBCH-NY163689-03,beach,SOURCED: EPA BEACH Act location type,beach_act,BEACH Program Site-Great Lake,21NYBCH,NY,21NYBCH-NY163689-01
21NYBCH-NY168522-01,beach,SOURCED: EPA BEACH Act location type,beach_act,BEACH Program Site-Ocean,21NYBCH,NY,21NYBCH-NY168522-01
21NYBCH-NY169086-01,beach,SOURCED: EPA BEACH Act location type,beach_act,BEACH Program Site-Ocean,21NYBCH,NY,21NYBCH-NY169086-01
21NYBCH-NY169186-01,beach,SOURCED: EPA BEACH Act location type,beach_act,BEACH Program Site-Great Lake,21NYBCH,NY,21NYBCH-NY169186-01
21NYBCH-NY171464-01,beach,SOURCED: EPA BEACH Act location type,beach_act,BEACH Program Site-Ocean,21NYBCH,NY,21NYBCH-NY171464-01
21NYBCH-NY186000-01,beach,SOURCED: EPA BEACH Act location type,beach_act,BEACH Program Site-Ocean,21NYBCH,NY,21NYBCH-NY186000-01
21NYBCH-NY219095-01,beach,SOURCED: EPA BEACH Act location type,beach_act,BEACH Program Site-Ocean,21NYBCH,NY,21NYBCH-NY219095-01
21NYBCH-NY238390-01,beach,SOURCED: EPA BEACH Act location type,beach_act,BEACH Program Site-Great Lake,21NYBCH,NY,21NYBCH-NY238390-01
21NYBCH-NY238713-01,beach,SOURCED: EPA BEACH Act location type,beach_act,BEACH Program Site-Ocean,21NYBCH,NY,21NYBCH-NY238713-01
21NYBCH-NY260692-01,beach,SOURCED: EPA BEACH Act location type,beach_act,BEACH Program Site-Ocean,21NYBCH,NY,21NYBCH-NY260692-01
21NYBCH-NY268028-01,beach,SOURCED: EPA BEACH Act location type,beach_act,BEACH Program Site-Ocean,21NYBCH,NY,21NYBCH-NY268028-01
21NYBCH-NY293644-01,beach,SOURCED: EPA BEACH Act location type,beach_act,BEACH Program Site-Ocean,21NYBCH,NY,21NYBCH-NY293644-01
21NYBCH-NY301679-01,beach,SOURCED: EPA BEACH Act location type,beach_act,BEACH Program Site-Ocean,21NYBCH,NY,21NYBCH-NY301679-01
21NYBCH-NY304236-01,beach,SOURCED: EPA BEACH Act location type,beach_act,BEACH Program Site-Great Lake,21NYBCH,NY,21NYBCH-NY304236-01
21NYBCH-NY311083-03,beach,SOURCED: EPA BEACH Act location type,beach_act,BEACH Program Site-Ocean,21NYBCH,NY,21NYBCH-NY311083-03
21NYBCH-NY324010-01,beach,SOURCED: EPA BEACH Act location type,beach_act,BEACH Program Site-Ocean,21NYBCH,NY,21NYBCH-NY324010-01
21NYBCH-NY339648-01,beach,SOURCED: EPA BEACH Act location type,beach_act,BEACH Program Site-Ocean,21NYBCH,NY,21NYBCH-NY339648-01
21NYBCH-NY342581-01,beach,SOURCED: EPA BEACH Act location type,beach_act,BEACH Program Site-Ocean,21NYBCH,NY,21NYBCH-NY342581-01
21NYBCH-NY344249-01,beach,SOURCED: EPA BEACH Act location type,beach_act,BEACH Program Site-Ocean,21NYBCH,NY,21NYBCH-NY344249-01
21NYBCH-NY346072-01,beach,SOURCED: EPA BEACH Act location type,beach_act,BEACH Program Site-Great Lake,21NYBCH,NY,21NYBCH-NY346072-01
21NYBCH-NY346072-02,beach,SOURCED: EPA BEACH Act location type,beach_act,BEACH Program Site-Great Lake,21NYBCH,NY,21NYBCH-NY346072-01
21NYBCH-NY348173-01,beach,SOURCED: EPA BEACH Act location type,beach_act,BEACH Program Site-Ocean,21NYBCH,NY,21NYBCH-NY348173-01
21NYBCH-NY348344-01,beach,SOURCED: EPA BEACH Act location type,beach_act,BEACH Program Site-Ocean,21NYBCH,NY,21NYBCH-NY348344-01
21NYBCH-NY352593-01,beach,SOURCED: EPA BEACH Act location type,beach_act,BEACH Program Site-Ocean,21NYBCH,NY,21NYBCH-NY352593-01
21NYBCH-NY355904-02,beach,SOURCED: EPA BEACH Act location type,beach_act,BEACH Program Site-Great Lake,21NYBCH,NY,21NYBCH-NY355904-02
21NYBCH-NY357117-01,beach,SOURCED: EPA BEACH Act location type,beach_act,BEACH Program Site-Ocean,21NYBCH,NY,21NYBCH-NY357117-01
21NYBCH-NY365886-01,beach,SOURCED: EPA BEACH Act location type,beach_act,BEACH Program Site-Ocean,21NYBCH,NY,21NYBCH-NY365886-01
21NYBCH-NY370065-01,beach,SOURCED: EPA BEACH Act location type,beach_act,BEACH Program Site-Ocean,21NYBCH,NY,21NYBCH-NY370065-01
21NYBCH-NY380652-01,beach,SOURCED: EPA BEACH Act location type,beach_act,BEACH Program Site-Ocean,21NYBCH,NY,21NYBCH-NY380652-01
21NYBCH-NY382589-01,beach,SOURCED: EPA BEACH Act location type,beach_act,BEACH Program Site-Ocean,21NYBCH,NY,21NYBCH-NY382589-01
21NYBCH-NY388768-02,beach,SOURCED: EPA BEACH Act location type,beach_act,BEACH Program Site-Ocean,21NYBCH,NY,21NYBCH-NY388768-02
21NYBCH-NY388768-03,beach,SOURCED: EPA BEACH Act location type,beach_act,BEACH Program Site-Ocean,21NYBCH,NY,21NYBCH-NY388768-02
21NYBCH-NY398255-01,beach,SOURCED: EPA BEACH Act location type,beach_act,BEACH Program Site-Ocean,21NYBCH,NY,21NYBCH-NY398255-01
21NYBCH-NY401633-01,beach,SOURCED: EPA BEACH Act location type,beach_act,BEACH Program Site-Ocean,21NYBCH,NY,21NYBCH-NY401633-01
21NYBCH-NY404494-01,beach,SOURCED: EPA BEACH Act location type,beach_act,BEACH Program Site-Ocean,21NYBCH,NY,21NYBCH-NY404494-01
21NYBCH-NY405933-01,beach,SOURCED: EPA BEACH Act location type,beach_act,BEACH Program Site-Ocean,21NYBCH,NY,21NYBCH-NY405933-01
21NYBCH-NY406101-01,beach,SOURCED: EPA BEACH Act location type,beach_act,BEACH Program Site-Ocean,21NYBCH,NY,21NYBCH-NY406101-01
21NYBCH-NY412748-02,beach,SOURCED: EPA BEACH Act location type,beach_act,BEACH Program Site-Great Lake,21NYBCH,NY,21NYBCH-NY412748-02
21NYBCH-NY417062-01,beach,SOURCED: EPA BEACH Act location type,beach_act,BEACH Program Site-Ocean,21NYBCH,NY,21NYBCH-NY417062-01
21NYBCH-NY417062-03,beach,SOURCED: EPA BEACH Act location type,beach_act,BEACH Program Site-Ocean,21NYBCH,NY,21NYBCH-NY417062-01
21NYBCH-NY429358-01,beach,SOURCED: EPA BEACH Act location type,beach_act,BEACH Program Site-Ocean,21NYBCH,NY,21NYBCH-NY429358-01
21NYBCH-NY429358-02,beach,SOURCED: EPA BEACH Act location type,beach_act,BEACH Program Site-Ocean,21NYBCH,NY,21NYBCH-NY429358-01
21NYBCH-NY429358-03,beach,SOURCED: EPA BEACH Act location type,beach_act,BEACH Program Site-Ocean,21NYBCH,NY,21NYBCH-NY429358-01
21NYBCH-NY437791-01,beach,SOURCED: EPA BEACH Act location type,beach_act,BEACH Program Site-Ocean,21NYBCH,NY,21NYBCH-NY437791-01
21NYBCH-NY451928-01,beach,SOURCED: EPA BEACH Act location type,beach_act,BEACH Program Site-Ocean,21NYBCH,NY,21NYBCH-NY451928-01
21NYBCH-NY454907-01,beach,SOURCED: EPA BEACH Act location type,beach_act,BEACH Program Site-Ocean,21NYBCH,NY,21NYBCH-NY454907-01
21NYBCH-NY459293-01,beach,SOURCED: EPA BEACH Act location type,beach_act,BEACH Program Site-Great Lake,21NYBCH,NY,21NYBCH-NY459293-01
21NYBCH-NY466279-01,beach,SOURCED: EPA BEACH Act location type,beach_act,BEACH Program Site-Ocean,21NYBCH,NY,21NYBCH-NY466279-01
21NYBCH-NY470082-01,beach,SOURCED: EPA BEACH Act location type,beach_act,BEACH Program Site-Ocean,21NYBCH,NY,21NYBCH-NY470082-01
21NYBCH-NY471816-01,beach,SOURCED: EPA BEACH Act location type,beach_act,BEACH Program Site-Ocean,21NYBCH,NY,21NYBCH-NY471816-01
21NYBCH-NY477475-01,beach,SOURCED: EPA BEACH Act location type,beach_act,BEACH Program Site-Ocean,21NYBCH,NY,21NYBCH-NY477475-01
21NYBCH-NY477769-01,beach,SOURCED: EPA BEACH Act location type,beach_act,BEACH Program Site-Ocean,21NYBCH,NY,21NYBCH-NY477769-01
21NYBCH-NY482754-01,beach,SOURCED: EPA BEACH Act location type,beach_act,BEACH Program Site-Ocean,21NYBCH,NY,21NYBCH-NY482754-01
21NYBCH-NY498489-01,beach,SOURCED: EPA BEACH Act location type,beach_act,BEACH Program Site-Ocean,21NYBCH,NY,21NYBCH-NY498489-01
21NYBCH-NY501691-01,beach,SOURCED: EPA BEACH Act location type,beach_act,BEACH Program Site-Great Lake,21NYBCH,NY,21NYBCH-NY501691-01
21NYBCH-NY501691-03,beach,SOURCED: EPA BEACH Act location type,beach_act,BEACH Program Site-Great Lake,21NYBCH,NY,21NYBCH-NY501691-03
21NYBCH-NY503509-01,beach,SOURCED: EPA BEACH Act location type,beach_act,BEACH Program Site-Ocean,21NYBCH,NY,21NYBCH-NY503509-01
21NYBCH-NY504437-01,beach,SOURCED: EPA BEACH Act location type,beach_act,BEACH Program Site-Ocean,21NYBCH,NY,21NYBCH-NY504437-01
21NYBCH-NY511181-01,beach,SOURCED: EPA BEACH Act location type,beach_act,BEACH Program Site-Ocean,21NYBCH,NY,21NYBCH-NY511181-01
21NYBCH-NY529956-01,beach,SOURCED: EPA BEACH Act location type,beach_act,BEACH Program Site-Ocean,21NYBCH,NY,21NYBCH-NY529956-01
21NYBCH-NY529956-02,beach,SOURCED: EPA BEACH Act location type,beach_act,BEACH Program Site-Ocean,21NYBCH,NY,21NYBCH-NY529956-01
21NYBCH-NY529956-03,beach,SOURCED: EPA BEACH Act location type,beach_act,BEACH Program Site-Ocean,21NYBCH,NY,21NYBCH-NY529956-01
21NYBCH-NY530635-01,beach,SOURCED: EPA BEACH Act location type,beach_act,BEACH Program Site-Ocean,21NYBCH,NY,21NYBCH-NY530635-01
21NYBCH-NY534647-01,beach,SOURCED: EPA BEACH Act location type,beach_act,BEACH Program Site-Ocean,21NYBCH,NY,21NYBCH-NY534647-01
21NYBCH-NY543959-01,beach,SOURCED: EPA BEACH Act location type,beach_act,BEACH Program Site-Great Lake,21NYBCH,NY,21NYBCH-NY543959-01
21NYBCH-NY553462-01,beach,SOURCED: EPA BEACH Act location type,beach_act,BEACH Program Site-Ocean,21NYBCH,NY,21NYBCH-NY186000-01
21NYBCH-NY555335-03,beach,SOURCED: EPA BEACH Act location type,beach_act,BEACH Program Site-Ocean,21NYBCH,NY,21NYBCH-NY555335-03
21NYBCH-NY558450-01,beach,SOURCED: EPA BEACH Act location type,beach_act,BEACH Program Site-Ocean,21NYBCH,NY,21NYBCH-NY558450-01
21NYBCH-NY563977-01,beach,SOURCED: EPA BEACH Act location type,beach_act,BEACH Program Site-Ocean,21NYBCH,NY,21NYBCH-NY563977-01
21NYBCH-NY565139-01,beach,SOURCED: EPA BEACH Act location type,beach_act,BEACH Program Site-Ocean,21NYBCH,NY,21NYBCH-NY565139-01
21NYBCH-NY569623-01,beach,SOURCED: EPA BEACH Act location type,beach_act,BEACH Program Site-Great Lake,21NYBCH,NY,21NYBCH-NY569623-01
21NYBCH-NY571635-01,beach,SOURCED: EPA BEACH Act location type,beach_act,BEACH Program Site-Ocean,21NYBCH,NY,21NYBCH-NY571635-01
21NYBCH-NY582799-01,beach,SOURCED: EPA BEACH Act location type,beach_act,BEACH Program Site-Ocean,21NYBCH,NY,21NYBCH-NY582799-01
21NYBCH-NY585012-01,beach,SOURCED: EPA BEACH Act location type,beach_act,BEACH Program Site-Ocean,21NYBCH,NY,21NYBCH-NY585012-01
21NYBCH-NY598076-01,beach,SOURCED: EPA BEACH Act location type,beach_act,BEACH Program Site-Ocean,21NYBCH,NY,21NYBCH-NY598076-01
21NYBCH-NY612297-01,beach,SOURCED: EPA BEACH Act location type,beach_act,BEACH Program Site-Ocean,21NYBCH,NY,21NYBCH-NY612297-01
21NYBCH-NY612795-01,beach,SOURCED: EPA BEACH Act location type,beach_act,BEACH Program Site-Ocean,21NYBCH,NY,21NYBCH-NY612795-01
21NYBCH-NY615322-01,beach,SOURCED: EPA BEACH Act location type,beach_act,BEACH Program Site-Ocean,21NYBCH,NY,21NYBCH-NY615322-01
21NYBCH-NY623549-01,beach,SOURCED: EPA BEACH Act location type,beach_act,BEACH Program Site-Ocean,21NYBCH,NY,21NYBCH-NY623549-01
21NYBCH-NY626819-01,beach,SOURCED: EPA BEACH Act location type,beach_act,BEACH Program Site-Great Lake,21NYBCH,NY,21NYBCH-NY626819-01
21NYBCH-NY635615-02,beach,SOURCED: EPA BEACH Act location type,beach_act,BEACH Program Site-Great Lake,21NYBCH,NY,21NYBCH-NY129995-02
21NYBCH-NY638536-01,beach,SOURCED: EPA BEACH Act location type,beach_act,BEACH Program Site-Ocean,21NYBCH,NY,21NYBCH-NY638536-01
21NYBCH-NY643679-01,beach,SOURCED: EPA BEACH Act location type,beach_act,BEACH Program Site-Ocean,21NYBCH,NY,21NYBCH-NY643679-01
21NYBCH-NY645739-01,beach,SOURCED: EPA BEACH Act location type,beach_act,BEACH Program Site-Ocean,21NYBCH,NY,21NYBCH-NY645739-01
21NYBCH-NY648214-01,beach,SOURCED: EPA BEACH Act location type,beach_act,BEACH Program Site-Ocean,21NYBCH,NY,21NYBCH-NY648214-01
21NYBCH-NY650888-01,beach,SOURCED: EPA BEACH Act location type,beach_act,BEACH Program Site-Ocean,21NYBCH,NY,21NYBCH-NY650888-01
21NYBCH-NY657238-01,beach,SOURCED: EPA BEACH Act location type,beach_act,BEACH Program Site-Ocean,21NYBCH,NY,21NYBCH-NY657238-01
21NYBCH-NY663725-01,beach,SOURCED: EPA BEACH Act location type,beach_act,BEACH Program Site-Ocean,21NYBCH,NY,21NYBCH-NY663725-01
21NYBCH-NY685794-01,beach,SOURCED: EPA BEACH Act location type,beach_act,BEACH Program Site-Ocean,21NYBCH,NY,21NYBCH-NY685794-01
21NYBCH-NY687619-01,beach,SOURCED: EPA BEACH Act location type,beach_act,BEACH Program Site-Ocean,21NYBCH,NY,21NYBCH-NY612297-01
21NYBCH-NY689454-01,beach,SOURCED: EPA BEACH Act location type,beach_act,BEACH Program Site-Ocean,21NYBCH,NY,21NYBCH-NY689454-01
21NYBCH-NY694810-01,beach,SOURCED: EPA BEACH Act location type,beach_act,BEACH Program Site-Ocean,21NYBCH,NY,21NYBCH-NY694810-01
21NYBCH-NY696743-01,beach,SOURCED: EPA BEACH Act location type,beach_act,BEACH Program Site-Ocean,21NYBCH,NY,21NYBCH-NY696743-01
21NYBCH-NY702605-01,beach,SOURCED: EPA BEACH Act location type,beach_act,BEACH Program Site-Ocean,21NYBCH,NY,21NYBCH-NY702605-01
21NYBCH-NY713375-01,beach,SOURCED: EPA BEACH Act location type,beach_act,BEACH Program Site-Ocean,21NYBCH,NY,21NYBCH-NY713375-01
21NYBCH-NY729205-01,beach,SOURCED: EPA BEACH Act location type,beach_act,BEACH Program Site-Ocean,21NYBCH,NY,21NYBCH-NY729205-01
21NYBCH-NY729319-01,beach,SOURCED: EPA BEACH Act location type,beach_act,BEACH Program Site-Ocean,21NYBCH,NY,21NYBCH-NY729319-01
21NYBCH-NY729494-02,beach,SOURCED: EPA BEACH Act location type,beach_act,BEACH Program Site-Great Lake,21NYBCH,NY,21NYBCH-NY729494-02
21NYBCH-NY735511-01,beach,SOURCED: EPA BEACH Act location type,beach_act,BEACH Program Site-Ocean,21NYBCH,NY,21NYBCH-NY735511-01
21NYBCH-NY750252-01,beach,SOURCED: EPA BEACH Act location type,beach_act,BEACH Program Site-Ocean,21NYBCH,NY,21NYBCH-NY750252-01
21NYBCH-NY753343-01,beach,SOURCED: EPA BEACH Act location type,beach_act,BEACH Program Site-Great Lake,21NYBCH,NY,21NYBCH-NY753343-01
21NYBCH-NY753946-01,beach,SOURCED: EPA BEACH Act location type,beach_act,BEACH Program Site-Ocean,21NYBCH,NY,21NYBCH-NY753946-01
21NYBCH-NY764458-01,beach,SOURCED: EPA BEACH Act location type,beach_act,BEACH Program Site-Ocean,21NYBCH,NY,21NYBCH-NY764458-01
21NYBCH-NY765701-01,beach,SOURCED: EPA BEACH Act location type,beach_act,BEACH Program Site-Ocean,21NYBCH,NY,21NYBCH-NY765701-01
21NYBCH-NY779726-01,beach,SOURCED: EPA BEACH Act location type,beach_act,BEACH Program Site-Ocean,21NYBCH,NY,21NYBCH-NY779726-01
21NYBCH-NY780418-01,beach,SOURCED: EPA BEACH Act location type,beach_act,BEACH Program Site-Ocean,21NYBCH,NY,21NYBCH-NY780418-01
21NYBCH-NY790817-01,beach,SOURCED: EPA BEACH Act location type,beach_act,BEACH Program Site-Ocean,21NYBCH,NY,21NYBCH-NY790817-01
21NYBCH-NY798606-01,beach,SOURCED: EPA BEACH Act location type,beach_act,BEACH Program Site-Ocean,21NYBCH,NY,21NYBCH-NY798606-01
21NYBCH-NY802715-01,beach,SOURCED: EPA BEACH Act location type,beach_act,BEACH Program Site-Ocean,21NYBCH,NY,21NYBCH-NY802715-01
21NYBCH-NY817008-01,beach,SOURCED: EPA BEACH Act location type,beach_act,BEACH Program Site-Ocean,21NYBCH,NY,21NYBCH-NY817008-01
21NYBCH-NY826038-01,beach,SOURCED: EPA BEACH Act location type,beach_act,BEACH Program Site-Ocean,21NYBCH,NY,21NYBCH-NY826038-01
21NYBCH-NY835985-01,beach,SOURCED: EPA BEACH Act location type,beach_act,BEACH Program Site-Ocean,21NYBCH,NY,21NYBCH-NY835985-01
21NYBCH-NY843314-01,beach,SOURCED: EPA BEACH Act location type,beach_act,BEACH Program Site-Ocean,21NYBCH,NY,21NYBCH-NY843314-01
21NYBCH-NY854811-01,beach,SOURCED: EPA BEACH Act location type,beach_act,BEACH Program Site-Ocean,21NYBCH,NY,21NYBCH-NY854811-01
21NYBCH-NY858623-01,beach,SOURCED: EPA BEACH Act location type,beach_act,BEACH Program Site-Great Lake,21NYBCH,NY,21NYBCH-NY858623-01
21NYBCH-NY869747-01,beach,SOURCED: EPA BEACH Act location type,beach_act,BEACH Program Site-Ocean,21NYBCH,NY,21NYBCH-NY869747-01
21NYBCH-NY871151-01,beach,SOURCED: EPA BEACH Act location type,beach_act,BEACH Program Site-Ocean,21NYBCH,NY,21NYBCH-NY342581-01
21NYBCH-NY875624-01,beach,SOURCED: EPA BEACH Act location type,beach_act,BEACH Program Site-Ocean,21NYBCH,NY,21NYBCH-NY875624-01
21NYBCH-NY888426-01,beach,SOURCED: EPA BEACH Act location type,beach_act,BEACH Program Site-Ocean,21NYBCH,NY,21NYBCH-NY888426-01
21NYBCH-NY888426-02,beach,SOURCED: EPA BEACH Act location type,beach_act,BEACH Program Site-Ocean,21NYBCH,NY,21NYBCH-NY888426-01
21NYBCH-NY888426-03,beach,SOURCED: EPA BEACH Act location type,beach_act,BEACH Program Site-Ocean,21NYBCH,NY,21NYBCH-NY888426-01
21NYBCH-NY890584-02,beach,SOURCED: EPA BEACH Act location type,beach_act,BEACH Program Site-Ocean,21NYBCH,NY,21NYBCH-NY890584-02
21NYBCH-NY905795-01,beach,SOURCED: EPA BEACH Act location type,beach_act,BEACH Program Site-Ocean,21NYBCH,NY,21NYBCH-NY905795-01
21NYBCH-NY916346-01,beach,SOURCED: EPA BEACH Act location type,beach_act,BEACH Program Site-Ocean,21NYBCH,NY,21NYBCH-NY916346-01
21NYBCH-NY921942-01,beach,SOURCED: EPA BEACH Act location type,beach_act,BEACH Program Site-Ocean,21NYBCH,NY,21NYBCH-NY921942-01
21NYBCH-NY927224-01,beach,SOURCED: EPA BEACH Act location type,beach_act,BEACH Program Site-Ocean,21NYBCH,NY,21NYBCH-NY927224-01
21NYBCH-NY937940-02,beach,SOURCED: EPA BEACH Act location type,beach_act,BEACH Program Site-Ocean,21NYBCH,NY,21NYBCH-NY937940-02
21NYBCH-NY954310-01,beach,SOURCED: EPA BEACH Act location type,beach_act,BEACH Program Site-Ocean,21NYBCH,NY,21NYBCH-NY954310-01
21NYBCH-NY958766-01,beach,SOURCED: EPA BEACH Act location type,beach_act,BEACH Program Site-Ocean,21NYBCH,NY,21NYBCH-NY958766-01
21NYBCH-NY963988-01,beach,SOURCED: EPA BEACH Act location type,beach_act,BEACH Program Site-Ocean,21NYBCH,NY,21NYBCH-NY963988-01
21NYBCH-NY967019-01,beach,SOURCED: EPA BEACH Act location type,beach_act,BEACH Program Site-Ocean,21NYBCH,NY,21NYBCH-NY967019-01
21NYBCH-NY969774-01,beach,SOURCED: EPA BEACH Act location type,beach_act,BEACH Program Site-Ocean,21NYBCH,NY,21NYBCH-NY969774-01
21NYBCH-NY972763-01,beach,SOURCED: EPA BEACH Act location type,beach_act,BEACH Program Site-Ocean,21NYBCH,NY,21NYBCH-NY972763-01
21NYBCH-NY975269-01,beach,SOURCED: EPA BEACH Act location type,beach_act,BEACH Program Site-Ocean,21NYBCH,NY,21NYBCH-NY975269-01
21NYBCH-NY979731-01,beach,SOURCED: EPA BEACH Act location type,beach_act,BEACH Program Site-Ocean,21NYBCH,NY,21NYBCH-NY979731-01
21NYBCH-NY984279-01,beach,SOURCED: EPA BEACH Act location type,beach_act,BEACH Program Site-Ocean,21NYBCH,NY,21NYBCH-NY984279-01
21NYBCH-NY992944-02,beach,SOURCED: EPA BEACH Act location type,beach_act,BEACH Program Site-Great Lake,21NYBCH,NY,21NYBCH-NY459293-01
31ISC2RS_WQX-FK-1,unclassified,"neither: no BEACH Act type, no beach neighbour, no fittable fecal coliform",non_beach,Estuary,31ISC2RS_WQX,NY,31ISC2RS_WQX-FK-1
31ISC2RS_WQX-FK-2,unclassified,"neither: no BEACH Act type, no beach neighbour, no fittable fecal coliform",non_beach,Estuary,31ISC2RS_WQX,NY,31ISC2RS_WQX-FK-2
IEC-NYNJCT-BTH,unclassified,"neither: no BEACH Act type, no beach neighbour, no fittable fecal coliform",non_beach,Estuary,IEC-NYNJCT,NY,IEC-NYNJCT-BTH
IEC-NYNJCT-BTL,unclassified,"neither: no BEACH Act type, no beach neighbour, no fittable fecal coliform",non_beach,Estuary,IEC-NYNJCT,NY,IEC-NYNJCT-BTH
IEC-NYNJCT-GKB,unclassified,"neither: no BEACH Act type, no beach neighbour, no fittable fecal coliform",non_beach,Estuary,IEC-NYNJCT,NY,IEC-NYNJCT-GKB
IEC-NYNJCT-IEC_BNY,shellfish,"INFERRED: not a BEACH Act station and reports fecal coliform, the NSSP growing-area indicator",non_beach,Estuary,IEC-NYNJCT,NY,IEC-NYNJCT-IEC_BNY
IEC-NYNJCT-IEC_BUC,shellfish,"INFERRED: not a BEACH Act station and reports fecal coliform, the NSSP growing-area indicator",non_beach,Estuary,IEC-NYNJCT,NY,IEC-NYNJCT-IEC_BUC
IEC-NYNJCT-IEC_CIC,shellfish,"INFERRED: not a BEACH Act station and reports fecal coliform, the NSSP growing-area indicator",non_beach,Estuary,IEC-NYNJCT,NY,IEC-NYNJCT-IEC_CIC
IEC-NYNJCT-IEC_EROI,shellfish,"INFERRED: not a BEACH Act station and reports fecal coliform, the NSSP growing-area indicator",non_beach,Estuary,IEC-NYNJCT,NY,IEC-NYNJCT-IEC_EROI
IEC-NYNJCT-IEC_GOB,shellfish,"INFERRED: not a BEACH Act station and reports fecal coliform, the NSSP growing-area indicator",non_beach,Estuary,IEC-NYNJCT,NY,IEC-NYNJCT-IEC_GOB
IEC-NYNJCT-IEC_P35,shellfish,"INFERRED: not a BEACH Act station and reports fecal coliform, the NSSP growing-area indicator",non_beach,Estuary,IEC-NYNJCT,NY,IEC-NYNJCT-IEC_P35
IEC-NYNJCT-IEC_P84,shellfish,"INFERRED: not a BEACH Act station and reports fecal coliform, the NSSP growing-area indicator",non_beach,Estuary,IEC-NYNJCT,NY,IEC-NYNJCT-IEC_P84
IEC-NYNJCT-IEC_RAI,shellfish,"INFERRED: not a BEACH Act station and reports fecal coliform, the NSSP growing-area indicator",non_beach,Estuary,IEC-NYNJCT,NY,IEC-NYNJCT-IEC_RAI
IEC-NYNJCT-IEC_ROCLE,shellfish,"INFERRED: not a BEACH Act station and reports fecal coliform, the NSSP growing-area indicator",non_beach,Estuary,IEC-NYNJCT,NY,IEC-NYNJCT-IEC_ROCLE
IEC-NYNJCT-IEC_WIWRRF,shellfish,"INFERRED: not a BEACH Act station and reports fecal coliform, the NSSP growing-area indicator",non_beach,Estuary,IEC-NYNJCT,NY,IEC-NYNJCT-IEC_WIWRRF
IEC-NYNJCT-IEC_WROI,shellfish,"INFERRED: not a BEACH Act station and reports fecal coliform, the NSSP growing-area indicator",non_beach,Estuary,IEC-NYNJCT,NY,IEC-NYNJCT-IEC_WROI
IEC-NYNJCT-NJHDG_30,shellfish,"INFERRED: not a BEACH Act station and reports fecal coliform, the NSSP growing-area indicator",non_beach,Estuary,IEC-NYNJCT,NY,IEC-NYNJCT-NJHDG_30
IEC-NYNJCT-P69,unclassified,"neither: no BEACH Act type, no beach neighbour, no fittable fecal coliform",non_beach,Estuary,IEC-NYNJCT,NY,IEC-NYNJCT-P69
IEC-NYNJCT-RB,shellfish,"INFERRED: not a BEACH Act station and reports fecal coliform, the NSSP growing-area indicator",non_beach,Estuary,IEC-NYNJCT,NY,IEC-NYNJCT-RB
NJHDG-30,shellfish,"INFERRED: not a BEACH Act station and reports fecal coliform, the NSSP growing-area indicator",non_beach,Estuary,NJHDG,NY,IEC-NYNJCT-NJHDG_30
21RIBCH-RI011908-01,beach,SOURCED: EPA BEACH Act location type,beach_act,BEACH Program Site-Ocean,21RIBCH,RI,21RIBCH-RI011908-01
21RIBCH-RI011908-02,beach,SOURCED: EPA BEACH Act location type,beach_act,BEACH Program Site-Ocean,21RIBCH,RI,21RIBCH-RI011908-02
21RIBCH-RI011908-03,beach,SOURCED: EPA BEACH Act location type,beach_act,BEACH Program Site-Ocean,21RIBCH,RI,21RIBCH-RI011908-03
21RIBCH-RI011908-04,beach,SOURCED: EPA BEACH Act location type,beach_act,BEACH Program Site-Ocean,21RIBCH,RI,21RIBCH-RI011908-02
21RIBCH-RI027051-01,beach,SOURCED: EPA BEACH Act location type,beach_act,BEACH Program Site-Ocean,21RIBCH,RI,21RIBCH-RI027051-01
21RIBCH-RI027051-02,beach,SOURCED: EPA BEACH Act location type,beach_act,BEACH Program Site-Ocean,21RIBCH,RI,21RIBCH-RI027051-01
21RIBCH-RI027051-03,beach,SOURCED: EPA BEACH Act location type,beach_act,BEACH Program Site-Ocean,21RIBCH,RI,21RIBCH-RI027051-01
21RIBCH-RI040333-01,beach,SOURCED: EPA BEACH Act location type,beach_act,BEACH Program Site-Ocean,21RIBCH,RI,21RIBCH-RI040333-01
21RIBCH-RI040333-02,beach,SOURCED: EPA BEACH Act location type,beach_act,BEACH Program Site-Ocean,21RIBCH,RI,21RIBCH-RI040333-01
21RIBCH-RI104171-01,beach,SOURCED: EPA BEACH Act location type,beach_act,BEACH Program Site-Ocean,21RIBCH,RI,21RIBCH-RI104171-01
21RIBCH-RI132346-01,beach,SOURCED: EPA BEACH Act location type,beach_act,BEACH Program Site-Ocean,21RIBCH,RI,21RIBCH-RI132346-01
21RIBCH-RI132346-02,beach,SOURCED: EPA BEACH Act location type,beach_act,BEACH Program Site-Ocean,21RIBCH,RI,21RIBCH-RI132346-01
21RIBCH-RI132346-03,beach,SOURCED: EPA BEACH Act location type,beach_act,BEACH Program Site-Ocean,21RIBCH,RI,21RIBCH-RI132346-01
21RIBCH-RI150210-01,beach,SOURCED: EPA BEACH Act location type,beach_act,BEACH Program Site-Ocean,21RIBCH,RI,21RIBCH-RI150210-01
21RIBCH-RI150210-02,beach,SOURCED: EPA BEACH Act location type,beach_act,BEACH Program Site-Ocean,21RIBCH,RI,21RIBCH-RI150210-02
21RIBCH-RI162580-01,beach,SOURCED: EPA BEACH Act location type,beach_act,BEACH Program Site-Ocean,21RIBCH,RI,21RIBCH-RI162580-01
21RIBCH-RI162580-02,beach,SOURCED: EPA BEACH Act location type,beach_act,BEACH Program Site-Ocean,21RIBCH,RI,21RIBCH-RI162580-01
21RIBCH-RI162918-01,beach,SOURCED: EPA BEACH Act location type,beach_act,BEACH Program Site-Ocean,21RIBCH,RI,21RIBCH-RI162918-01
21RIBCH-RI162918-02,beach,SOURCED: EPA BEACH Act location type,beach_act,BEACH Program Site-Ocean,21RIBCH,RI,21RIBCH-RI162918-02
21RIBCH-RI162918-03,beach,SOURCED: EPA BEACH Act location type,beach_act,BEACH Program Site-Ocean,21RIBCH,RI,21RIBCH-RI162918-03
21RIBCH-RI162918-07,beach,SOURCED: EPA BEACH Act location type,beach_act,BEACH Program Site-Ocean,21RIBCH,RI,21RIBCH-RI162918-07
21RIBCH-RI184319-01,beach,SOURCED: EPA BEACH Act location type,beach_act,BEACH Program Site-Ocean,21RIBCH,RI,21RIBCH-RI184319-01
21RIBCH-RI184319-02,beach,SOURCED: EPA BEACH Act location type,beach_act,BEACH Program Site-Ocean,21RIBCH,RI,21RIBCH-RI184319-02
21RIBCH-RI184319-03,beach,SOURCED: EPA BEACH Act location type,beach_act,BEACH Program Site-Ocean,21RIBCH,RI,21RIBCH-RI184319-03
21RIBCH-RI191741-01,beach,SOURCED: EPA BEACH Act location type,beach_act,BEACH Program Site-Ocean,21RIBCH,RI,21RIBCH-RI191741-01
21RIBCH-RI205142-01,beach,SOURCED: EPA BEACH Act location type,beach_act,BEACH Program Site-Ocean,21RIBCH,RI,21RIBCH-RI205142-01
21RIBCH-RI205142-02,beach,SOURCED: EPA BEACH Act location type,beach_act,BEACH Program Site-Ocean,21RIBCH,RI,21RIBCH-RI205142-01
21RIBCH-RI205142-03,beach,SOURCED: EPA BEACH Act location type,beach_act,BEACH Program Site-Ocean,21RIBCH,RI,21RIBCH-RI205142-01
21RIBCH-RI207590-01,beach,SOURCED: EPA BEACH Act location type,beach_act,BEACH Program Site-Ocean,21RIBCH,RI,21RIBCH-RI207590-01
21RIBCH-RI207590-02,beach,SOURCED: EPA BEACH Act location type,beach_act,BEACH Program Site-Ocean,21RIBCH,RI,21RIBCH-RI207590-01
21RIBCH-RI211686-01,beach,SOURCED: EPA BEACH Act location type,beach_act,BEACH Program Site-Ocean,21RIBCH,RI,21RIBCH-RI211686-01
21RIBCH-RI211686-02,beach,SOURCED: EPA BEACH Act location type,beach_act,BEACH Program Site-Ocean,21RIBCH,RI,21RIBCH-RI211686-01
21RIBCH-RI215063-01,beach,SOURCED: EPA BEACH Act location type,beach_act,BEACH Program Site-Ocean,21RIBCH,RI,21RIBCH-RI215063-01
21RIBCH-RI215063-03,beach,SOURCED: EPA BEACH Act location type,beach_act,BEACH Program Site-Ocean,21RIBCH,RI,21RIBCH-RI215063-01
21RIBCH-RI215063-04,beach,SOURCED: EPA BEACH Act location type,beach_act,BEACH Program Site-Ocean,21RIBCH,RI,21RIBCH-RI215063-01
21RIBCH-RI245197-01,beach,SOURCED: EPA BEACH Act location type,beach_act,BEACH Program Site-Ocean,21RIBCH,RI,21RIBCH-RI245197-01
21RIBCH-RI245197-02,beach,SOURCED: EPA BEACH Act location type,beach_act,BEACH Program Site-Ocean,21RIBCH,RI,21RIBCH-RI245197-01
21RIBCH-RI276487-01,beach,SOURCED: EPA BEACH Act location type,beach_act,BEACH Program Site-Ocean,21RIBCH,RI,21RIBCH-RI276487-01
21RIBCH-RI288309-01,beach,SOURCED: EPA BEACH Act location type,beach_act,BEACH Program Site-Ocean,21RIBCH,RI,21RIBCH-RI288309-01
21RIBCH-RI288309-02,beach,SOURCED: EPA BEACH Act location type,beach_act,BEACH Program Site-Ocean,21RIBCH,RI,21RIBCH-RI288309-01
21RIBCH-RI299364-01,beach,SOURCED: EPA BEACH Act location type,beach_act,BEACH Program Site-Ocean,21RIBCH,RI,21RIBCH-RI299364-01
21RIBCH-RI299364-02,beach,SOURCED: EPA BEACH Act location type,beach_act,BEACH Program Site-Ocean,21RIBCH,RI,21RIBCH-RI299364-01
21RIBCH-RI299364-03,beach,SOURCED: EPA BEACH Act location type,beach_act,BEACH Program Site-Ocean,21RIBCH,RI,21RIBCH-RI299364-03
21RIBCH-RI299364-04,beach,SOURCED: EPA BEACH Act location type,beach_act,BEACH Program Site-Ocean,21RIBCH,RI,21RIBCH-RI299364-03
21RIBCH-RI304182-01,beach,SOURCED: EPA BEACH Act location type,beach_act,BEACH Program Site-Ocean,21RIBCH,RI,21RIBCH-RI304182-01
21RIBCH-RI312978-01,beach,SOURCED: EPA BEACH Act location type,beach_act,BEACH Program Site-Ocean,21RIBCH,RI,21RIBCH-RI312978-01
21RIBCH-RI312978-02,beach,SOURCED: EPA BEACH Act location type,beach_act,BEACH Program Site-Ocean,21RIBCH,RI,21RIBCH-RI312978-02
21RIBCH-RI312978-03,beach,SOURCED: EPA BEACH Act location type,beach_act,BEACH Program Site-Ocean,21RIBCH,RI,21RIBCH-RI312978-03
21RIBCH-RI327519-01,beach,SOURCED: EPA BEACH Act location type,beach_act,BEACH Program Site-Ocean,21RIBCH,RI,21RIBCH-RI327519-01
21RIBCH-RI327519-02,beach,SOURCED: EPA BEACH Act location type,beach_act,BEACH Program Site-Ocean,21RIBCH,RI,21RIBCH-RI327519-02
21RIBCH-RI327519-03,beach,SOURCED: EPA BEACH Act location type,beach_act,BEACH Program Site-Ocean,21RIBCH,RI,21RIBCH-RI327519-01
21RIBCH-RI333011-01,beach,SOURCED: EPA BEACH Act location type,beach_act,BEACH Program Site-Ocean,21RIBCH,RI,21RIBCH-RI333011-01
21RIBCH-RI333011-02,beach,SOURCED: EPA BEACH Act location type,beach_act,BEACH Program Site-Ocean,21RIBCH,RI,21RIBCH-RI333011-01
21RIBCH-RI333011-03,beach,SOURCED: EPA BEACH Act location type,beach_act,BEACH Program Site-Ocean,21RIBCH,RI,21RIBCH-RI333011-01
21RIBCH-RI380247-01,beach,SOURCED: EPA BEACH Act location type,beach_act,BEACH Program Site-Ocean,21RIBCH,RI,21RIBCH-RI380247-01
21RIBCH-RI380247-02,beach,SOURCED: EPA BEACH Act location type,beach_act,BEACH Program Site-Ocean,21RIBCH,RI,21RIBCH-RI380247-01
21RIBCH-RI380247-03,beach,SOURCED: EPA BEACH Act location type,beach_act,BEACH Program Site-Ocean,21RIBCH,RI,21RIBCH-RI380247-03
21RIBCH-RI381265-01,beach,SOURCED: EPA BEACH Act location type,beach_act,BEACH Program Site-Ocean,21RIBCH,RI,21RIBCH-RI381265-01
21RIBCH-RI381265-02,beach,SOURCED: EPA BEACH Act location type,beach_act,BEACH Program Site-Ocean,21RIBCH,RI,21RIBCH-RI381265-02
21RIBCH-RI381265-03,beach,SOURCED: EPA BEACH Act location type,beach_act,BEACH Program Site-Ocean,21RIBCH,RI,21RIBCH-RI381265-03
21RIBCH-RI397836-01,beach,SOURCED: EPA BEACH Act location type,beach_act,BEACH Program Site-Ocean,21RIBCH,RI,21RIBCH-RI397836-01
21RIBCH-RI426497-01,beach,SOURCED: EPA BEACH Act location type,beach_act,BEACH Program Site-Ocean,21RIBCH,RI,21RIBCH-RI426497-01
21RIBCH-RI426497-02,beach,SOURCED: EPA BEACH Act location type,beach_act,BEACH Program Site-Ocean,21RIBCH,RI,21RIBCH-RI426497-01
21RIBCH-RI426497-03,beach,SOURCED: EPA BEACH Act location type,beach_act,BEACH Program Site-Ocean,21RIBCH,RI,21RIBCH-RI426497-03
21RIBCH-RI438872-01,beach,SOURCED: EPA BEACH Act location type,beach_act,BEACH Program Site-Ocean,21RIBCH,RI,21RIBCH-RI438872-01
21RIBCH-RI438872-02,beach,SOURCED: EPA BEACH Act location type,beach_act,BEACH Program Site-Ocean,21RIBCH,RI,21RIBCH-RI438872-02
21RIBCH-RI438872-03,beach,SOURCED: EPA BEACH Act location type,beach_act,BEACH Program Site-Ocean,21RIBCH,RI,21RIBCH-RI438872-03
21RIBCH-RI446203-01,beach,SOURCED: EPA BEACH Act location type,beach_act,BEACH Program Site-Ocean,21RIBCH,RI,21RIBCH-RI380247-03
21RIBCH-RI462297-01,beach,SOURCED: EPA BEACH Act location type,beach_act,BEACH Program Site-Ocean,21RIBCH,RI,21RIBCH-RI462297-01
21RIBCH-RI462297-02,beach,SOURCED: EPA BEACH Act location type,beach_act,BEACH Program Site-Ocean,21RIBCH,RI,21RIBCH-RI462297-01
21RIBCH-RI462297-03,beach,SOURCED: EPA BEACH Act location type,beach_act,BEACH Program Site-Ocean,21RIBCH,RI,21RIBCH-RI462297-01
21RIBCH-RI469483-01,beach,SOURCED: EPA BEACH Act location type,beach_act,BEACH Program Site-Ocean,21RIBCH,RI,21RIBCH-RI207590-01
21RIBCH-RI469483-02,beach,SOURCED: EPA BEACH Act location type,beach_act,BEACH Program Site-Ocean,21RIBCH,RI,21RIBCH-RI207590-01
21RIBCH-RI496144-01,beach,SOURCED: EPA BEACH Act location type,beach_act,BEACH Program Site-Ocean,21RIBCH,RI,21RIBCH-RI496144-01
21RIBCH-RI520644-01,beach,SOURCED: EPA BEACH Act location type,beach_act,BEACH Program Site-Ocean,21RIBCH,RI,21RIBCH-RI380247-01
21RIBCH-RI562117-01,beach,SOURCED: EPA BEACH Act location type,beach_act,BEACH Program Site-Ocean,21RIBCH,RI,21RIBCH-RI562117-01
21RIBCH-RI562117-02,beach,SOURCED: EPA BEACH Act location type,beach_act,BEACH Program Site-Ocean,21RIBCH,RI,21RIBCH-RI562117-01
21RIBCH-RI596700-01,beach,SOURCED: EPA BEACH Act location type,beach_act,BEACH Program Site-Ocean,21RIBCH,RI,21RIBCH-RI596700-01
21RIBCH-RI606480-01,beach,SOURCED: EPA BEACH Act location type,beach_act,BEACH Program Site-Ocean,21RIBCH,RI,21RIBCH-RI606480-01
21RIBCH-RI606484-01,beach,SOURCED: EPA BEACH Act location type,beach_act,BEACH Program Site-Ocean,21RIBCH,RI,21RIBCH-RI606484-01
21RIBCH-RI606484-02,beach,SOURCED: EPA BEACH Act location type,beach_act,BEACH Program Site-Ocean,21RIBCH,RI,21RIBCH-RI606484-02
21RIBCH-RI606484-03,beach,SOURCED: EPA BEACH Act location type,beach_act,BEACH Program Site-Ocean,21RIBCH,RI,21RIBCH-RI606484-03
21RIBCH-RI606485-01,beach,SOURCED: EPA BEACH Act location type,beach_act,BEACH Program Site-Ocean,21RIBCH,RI,21RIBCH-RI606484-03
21RIBCH-RI606485-02,beach,SOURCED: EPA BEACH Act location type,beach_act,BEACH Program Site-Ocean,21RIBCH,RI,21RIBCH-RI606485-02
21RIBCH-RI609760-01,beach,SOURCED: EPA BEACH Act location type,beach_act,BEACH Program Site-Ocean,21RIBCH,RI,21RIBCH-RI609760-01
21RIBCH-RI627966-01,beach,SOURCED: EPA BEACH Act location type,beach_act,BEACH Program Site-Ocean,21RIBCH,RI,21RIBCH-RI627966-01
21RIBCH-RI627966-02,beach,SOURCED: EPA BEACH Act location type,beach_act,BEACH Program Site-Ocean,21RIBCH,RI,21RIBCH-RI627966-01
21RIBCH-RI637940-01,beach,SOURCED: EPA BEACH Act location type,beach_act,BEACH Program Site-Ocean,21RIBCH,RI,21RIBCH-RI380247-03
21RIBCH-RI649849-01,beach,SOURCED: EPA BEACH Act location type,beach_act,BEACH Program Site-Ocean,21RIBCH,RI,21RIBCH-RI649849-01
21RIBCH-RI657402-01,beach,SOURCED: EPA BEACH Act location type,beach_act,BEACH Program Site-Ocean,21RIBCH,RI,21RIBCH-RI027051-01
21RIBCH-RI657402-02,beach,SOURCED: EPA BEACH Act location type,beach_act,BEACH Program Site-Ocean,21RIBCH,RI,21RIBCH-RI027051-01
21RIBCH-RI695386-01,beach,SOURCED: EPA BEACH Act location type,beach_act,BEACH Program Site-Ocean,21RIBCH,RI,21RIBCH-RI695386-01
21RIBCH-RI695386-02,beach,SOURCED: EPA BEACH Act location type,beach_act,BEACH Program Site-Ocean,21RIBCH,RI,21RIBCH-RI695386-02
21RIBCH-RI699153-01,beach,SOURCED: EPA BEACH Act location type,beach_act,BEACH Program Site-Ocean,21RIBCH,RI,21RIBCH-RI699153-01
21RIBCH-RI699153-02,beach,SOURCED: EPA BEACH Act location type,beach_act,BEACH Program Site-Ocean,21RIBCH,RI,21RIBCH-RI699153-01
21RIBCH-RI706698-01,beach,SOURCED: EPA BEACH Act location type,beach_act,BEACH Program Site-Ocean,21RIBCH,RI,21RIBCH-RI706698-01
21RIBCH-RI706698-02,beach,SOURCED: EPA BEACH Act location type,beach_act,BEACH Program Site-Ocean,21RIBCH,RI,21RIBCH-RI706698-01
21RIBCH-RI706698-03,beach,SOURCED: EPA BEACH Act location type,beach_act,BEACH Program Site-Ocean,21RIBCH,RI,21RIBCH-RI706698-01
21RIBCH-RI757756-01,beach,SOURCED: EPA BEACH Act location type,beach_act,BEACH Program Site-Ocean,21RIBCH,RI,21RIBCH-RI757756-01
21RIBCH-RI757756-02,beach,SOURCED: EPA BEACH Act location type,beach_act,BEACH Program Site-Ocean,21RIBCH,RI,21RIBCH-RI757756-01
21RIBCH-RI759310-01,beach,SOURCED: EPA BEACH Act location type,beach_act,BEACH Program Site-Ocean,21RIBCH,RI,21RIBCH-RI759310-01
21RIBCH-RI780069-01,beach,SOURCED: EPA BEACH Act location type,beach_act,BEACH Program Site-Ocean,21RIBCH,RI,21RIBCH-RI780069-01
21RIBCH-RI780069-02,beach,SOURCED: EPA BEACH Act location type,beach_act,BEACH Program Site-Ocean,21RIBCH,RI,21RIBCH-RI780069-01
21RIBCH-RI810609-01,beach,SOURCED: EPA BEACH Act location type,beach_act,BEACH Program Site-Ocean,21RIBCH,RI,21RIBCH-RI810609-01
21RIBCH-RI810609-02,beach,SOURCED: EPA BEACH Act location type,beach_act,BEACH Program Site-Ocean,21RIBCH,RI,21RIBCH-RI810609-01
21RIBCH-RI810609-03,beach,SOURCED: EPA BEACH Act location type,beach_act,BEACH Program Site-Ocean,21RIBCH,RI,21RIBCH-RI810609-01
21RIBCH-RI813834-01,beach,SOURCED: EPA BEACH Act location type,beach_act,BEACH Program Site-Ocean,21RIBCH,RI,21RIBCH-RI813834-01
21RIBCH-RI813834-02,beach,SOURCED: EPA BEACH Act location type,beach_act,BEACH Program Site-Ocean,21RIBCH,RI,21RIBCH-RI813834-01
21RIBCH-RI813834-03,beach,SOURCED: EPA BEACH Act location type,beach_act,BEACH Program Site-Ocean,21RIBCH,RI,21RIBCH-RI813834-01
21RIBCH-RI840021-01,beach,SOURCED: EPA BEACH Act location type,beach_act,BEACH Program Site-Ocean,21RIBCH,RI,21RIBCH-RI840021-01
21RIBCH-RI840021-02,beach,SOURCED: EPA BEACH Act location type,beach_act,BEACH Program Site-Ocean,21RIBCH,RI,21RIBCH-RI840021-01
21RIBCH-RI876557-01,beach,SOURCED: EPA BEACH Act location type,beach_act,BEACH Program Site-Ocean,21RIBCH,RI,21RIBCH-RI380247-03
21RIBCH-RI901282-01,beach,SOURCED: EPA BEACH Act location type,beach_act,BEACH Program Site-Ocean,21RIBCH,RI,21RIBCH-RI901282-01
21RIBCH-RI954025-01,beach,SOURCED: EPA BEACH Act location type,beach_act,BEACH Program Site-Ocean,21RIBCH,RI,21RIBCH-RI954025-01
21RIBCH-RI954025-02,beach,SOURCED: EPA BEACH Act location type,beach_act,BEACH Program Site-Ocean,21RIBCH,RI,21RIBCH-RI954025-01
21RIBCH-RI954025-03,beach,SOURCED: EPA BEACH Act location type,beach_act,BEACH Program Site-Ocean,21RIBCH,RI,21RIBCH-RI954025-01
21RIBCH-RI970435-01,beach,SOURCED: EPA BEACH Act location type,beach_act,BEACH Program Site-Ocean,21RIBCH,RI,21RIBCH-RI970435-01
21RIBCH-RI970435-02,beach,SOURCED: EPA BEACH Act location type,beach_act,BEACH Program Site-Ocean,21RIBCH,RI,21RIBCH-RI970435-02
21RIBCH-RI970435-03,beach,SOURCED: EPA BEACH Act location type,beach_act,BEACH Program Site-Ocean,21RIBCH,RI,21RIBCH-RI970435-03
21RIBCH-RI992593-01,beach,SOURCED: EPA BEACH Act location type,beach_act,BEACH Program Site-Ocean,21RIBCH,RI,21RIBCH-RI992593-01
